27-03-2026 17:29:48 org.springframework.boot.StartupInfoLogger.logStarting - Starting MicdlEtlApplication using Java 21.0.9 with PID 7100 (C:\Users\biagi\OneDrive\Documents\sts_workspace_etl\micdl-etl\target\classes started by biagi in C:\Users\biagi\OneDrive\Documents\sts_workspace_etl\micdl-etl)
27-03-2026 17:29:48 org.springframework.boot.StartupInfoLogger.logStarting - Running with Spring Boot v4.0.5, Spring v7.0.6
27-03-2026 17:29:48 org.springframework.boot.SpringApplication.logStartupProfileInfo - No active profile set, falling back to 1 default profile: "default"
27-03-2026 17:29:48 org.springframework.boot.SpringApplication.load - Loading source class it.almaviva.mic.etl.MicdlEtlApplication
27-03-2026 17:29:48 org.springframework.context.support.AbstractApplicationContext.prepareRefresh - Refreshing org.springframework.boot.web.server.servlet.context.AnnotationConfigServletWebServerApplicationContext@67427b69
27-03-2026 17:29:48 org.springframework.beans.factory.support.DefaultSingletonBeanRegistry.getSingleton - Creating shared instance of singleton bean 'org.springframework.context.annotation.internalConfigurationAnnotationProcessor'
27-03-2026 17:29:48 org.springframework.beans.factory.support.DefaultSingletonBeanRegistry.getSingleton - Creating shared instance of singleton bean 'org.springframework.boot.autoconfigure.internalCachingMetadataReaderFactory'
27-03-2026 17:29:48 org.springframework.context.annotation.ClassPathScanningCandidateComponentProvider.scanCandidateComponents - Identified candidate component class: file [C:\Users\biagi\OneDrive\Documents\sts_workspace_etl\micdl-etl\target\classes\it\almaviva\mic\etl\controller\CaricamentoDatiController.class]
27-03-2026 17:29:48 org.springframework.beans.factory.support.DefaultSingletonBeanRegistry.getSingleton - Creating shared instance of singleton bean 'propertySourcesPlaceholderConfigurer'
27-03-2026 17:29:48 org.springframework.beans.factory.support.DefaultSingletonBeanRegistry.getSingleton - Creating shared instance of singleton bean 'org.springframework.context.event.internalEventListenerProcessor'
27-03-2026 17:29:48 org.springframework.beans.factory.support.DefaultSingletonBeanRegistry.getSingleton - Creating shared instance of singleton bean 'bootstrapExecutorAliasPostProcessor'
27-03-2026 17:29:48 org.springframework.beans.factory.support.DefaultSingletonBeanRegistry.getSingleton - Creating shared instance of singleton bean 'preserveErrorControllerTargetClassPostProcessor'
27-03-2026 17:29:48 org.springframework.beans.factory.support.DefaultSingletonBeanRegistry.getSingleton - Creating shared instance of singleton bean 'forceAutoProxyCreatorToUseClassProxying'
27-03-2026 17:29:48 org.springframework.beans.factory.support.DefaultSingletonBeanRegistry.getSingleton - Creating shared instance of singleton bean 'org.springframework.context.event.internalEventListenerFactory'
27-03-2026 17:29:48 org.springframework.beans.factory.support.DefaultSingletonBeanRegistry.getSingleton - Creating shared instance of singleton bean 'org.springframework.context.annotation.internalAutowiredAnnotationProcessor'
27-03-2026 17:29:48 org.springframework.beans.factory.support.DefaultSingletonBeanRegistry.getSingleton - Creating shared instance of singleton bean 'org.springframework.context.annotation.internalCommonAnnotationProcessor'
27-03-2026 17:29:48 org.springframework.beans.factory.support.DefaultSingletonBeanRegistry.getSingleton - Creating shared instance of singleton bean 'org.springframework.boot.context.properties.ConfigurationPropertiesBindingPostProcessor'
27-03-2026 17:29:48 org.springframework.beans.factory.support.DefaultSingletonBeanRegistry.getSingleton - Creating shared instance of singleton bean 'org.springframework.boot.context.internalConfigurationPropertiesBinder'
27-03-2026 17:29:48 org.springframework.beans.factory.support.DefaultSingletonBeanRegistry.getSingleton - Creating shared instance of singleton bean 'org.springframework.aop.config.internalAutoProxyCreator'
27-03-2026 17:29:48 org.springframework.beans.factory.support.DefaultSingletonBeanRegistry.getSingleton - Creating shared instance of singleton bean 'org.springframework.aop.framework.autoproxy.defaultProxyConfig'
27-03-2026 17:29:48 org.springframework.beans.factory.support.DefaultSingletonBeanRegistry.getSingleton - Creating shared instance of singleton bean 'webServerFactoryCustomizerBeanPostProcessor'
27-03-2026 17:29:48 org.springframework.beans.factory.support.DefaultSingletonBeanRegistry.getSingleton - Creating shared instance of singleton bean 'errorPageRegistrarBeanPostProcessor'
27-03-2026 17:29:48 org.springframework.beans.factory.support.DefaultSingletonBeanRegistry.getSingleton - Creating shared instance of singleton bean 'tomcatServletWebServerFactory'
27-03-2026 17:29:48 org.springframework.beans.factory.support.DefaultSingletonBeanRegistry.getSingleton - Creating shared instance of singleton bean 'org.springframework.boot.tomcat.autoconfigure.servlet.TomcatServletWebServerAutoConfiguration'
27-03-2026 17:29:48 org.springframework.beans.factory.support.DefaultSingletonBeanRegistry.getSingleton - Creating shared instance of singleton bean 'server.tomcat-org.springframework.boot.tomcat.autoconfigure.TomcatServerProperties'
27-03-2026 17:29:48 org.springframework.beans.factory.support.DefaultSingletonBeanRegistry.getSingleton - Creating shared instance of singleton bean 'org.springframework.boot.context.properties.BoundConfigurationProperties'
27-03-2026 17:29:48 org.springframework.beans.factory.support.ConstructorResolver.registerDependentBeans - Autowiring by type from bean name 'org.springframework.boot.tomcat.autoconfigure.servlet.TomcatServletWebServerAutoConfiguration' via constructor to bean named 'server.tomcat-org.springframework.boot.tomcat.autoconfigure.TomcatServerProperties'
27-03-2026 17:29:48 org.springframework.beans.factory.support.DefaultSingletonBeanRegistry.getSingleton - Creating shared instance of singleton bean 'servletWebServerFactoryCustomizer'
27-03-2026 17:29:48 org.springframework.beans.factory.support.DefaultSingletonBeanRegistry.getSingleton - Creating shared instance of singleton bean 'org.springframework.boot.web.server.autoconfigure.servlet.ServletWebServerConfiguration'
27-03-2026 17:29:48 org.springframework.beans.factory.support.DefaultSingletonBeanRegistry.getSingleton - Creating shared instance of singleton bean 'server-org.springframework.boot.web.server.autoconfigure.ServerProperties'
27-03-2026 17:29:48 org.springframework.beans.factory.support.ConstructorResolver.registerDependentBeans - Autowiring by type from bean name 'servletWebServerFactoryCustomizer' via factory method to bean named 'server-org.springframework.boot.web.server.autoconfigure.ServerProperties'
27-03-2026 17:29:48 org.springframework.beans.factory.support.DefaultSingletonBeanRegistry.getSingleton - Creating shared instance of singleton bean 'sslBundleRegistry'
27-03-2026 17:29:48 org.springframework.beans.factory.support.DefaultSingletonBeanRegistry.getSingleton - Creating shared instance of singleton bean 'org.springframework.boot.autoconfigure.ssl.SslAutoConfiguration'
27-03-2026 17:29:48 org.springframework.beans.factory.support.DefaultSingletonBeanRegistry.getSingleton - Creating shared instance of singleton bean 'spring.ssl-org.springframework.boot.autoconfigure.ssl.SslProperties'
27-03-2026 17:29:48 org.springframework.beans.factory.support.ConstructorResolver.registerDependentBeans - Autowiring by type from bean name 'org.springframework.boot.autoconfigure.ssl.SslAutoConfiguration' via constructor to bean named 'org.springframework.boot.web.server.servlet.context.AnnotationConfigServletWebServerApplicationContext@67427b69'
27-03-2026 17:29:48 org.springframework.beans.factory.support.ConstructorResolver.registerDependentBeans - Autowiring by type from bean name 'org.springframework.boot.autoconfigure.ssl.SslAutoConfiguration' via constructor to bean named 'spring.ssl-org.springframework.boot.autoconfigure.ssl.SslProperties'
27-03-2026 17:29:48 org.springframework.beans.factory.support.DefaultSingletonBeanRegistry.getSingleton - Creating shared instance of singleton bean 'sslPropertiesSslBundleRegistrar'
27-03-2026 17:29:48 org.springframework.beans.factory.support.DefaultSingletonBeanRegistry.getSingleton - Creating shared instance of singleton bean 'fileWatcher'
27-03-2026 17:29:48 org.springframework.beans.factory.support.ConstructorResolver.registerDependentBeans - Autowiring by type from bean name 'sslPropertiesSslBundleRegistrar' via factory method to bean named 'fileWatcher'
27-03-2026 17:29:48 org.springframework.beans.factory.support.DefaultSingletonBeanRegistry.getSingleton - Creating shared instance of singleton bean 'webSocketWebServerCustomizer'
27-03-2026 17:29:48 org.springframework.beans.factory.support.DefaultSingletonBeanRegistry.getSingleton - Creating shared instance of singleton bean 'org.springframework.boot.tomcat.autoconfigure.TomcatWebServerConfiguration$TomcatWebSocketConfiguration'
27-03-2026 17:29:48 org.springframework.beans.factory.support.DefaultSingletonBeanRegistry.getSingleton - Creating shared instance of singleton bean 'tomcatWebServerFactoryCustomizer'
27-03-2026 17:29:48 org.springframework.beans.factory.support.DefaultSingletonBeanRegistry.getSingleton - Creating shared instance of singleton bean 'org.springframework.boot.tomcat.autoconfigure.TomcatWebServerConfiguration'
27-03-2026 17:29:48 org.springframework.beans.factory.support.DefaultSingletonBeanRegistry.getSingleton - Creating shared instance of singleton bean 'spring.web-org.springframework.boot.autoconfigure.web.WebProperties'
27-03-2026 17:29:48 org.springframework.beans.factory.support.ConstructorResolver.registerDependentBeans - Autowiring by type from bean name 'tomcatWebServerFactoryCustomizer' via factory method to bean named 'environment'
27-03-2026 17:29:48 org.springframework.beans.factory.support.ConstructorResolver.registerDependentBeans - Autowiring by type from bean name 'tomcatWebServerFactoryCustomizer' via factory method to bean named 'server-org.springframework.boot.web.server.autoconfigure.ServerProperties'
27-03-2026 17:29:48 org.springframework.beans.factory.support.ConstructorResolver.registerDependentBeans - Autowiring by type from bean name 'tomcatWebServerFactoryCustomizer' via factory method to bean named 'server.tomcat-org.springframework.boot.tomcat.autoconfigure.TomcatServerProperties'
27-03-2026 17:29:48 org.springframework.beans.factory.support.ConstructorResolver.registerDependentBeans - Autowiring by type from bean name 'tomcatWebServerFactoryCustomizer' via factory method to bean named 'spring.web-org.springframework.boot.autoconfigure.web.WebProperties'
27-03-2026 17:29:48 org.springframework.beans.factory.support.DefaultSingletonBeanRegistry.getSingleton - Creating shared instance of singleton bean 'tomcatServletWebServerFactoryCustomizer'
27-03-2026 17:29:48 org.springframework.beans.factory.support.ConstructorResolver.registerDependentBeans - Autowiring by type from bean name 'tomcatServletWebServerFactoryCustomizer' via factory method to bean named 'server.tomcat-org.springframework.boot.tomcat.autoconfigure.TomcatServerProperties'
27-03-2026 17:29:48 org.springframework.beans.factory.support.DefaultSingletonBeanRegistry.getSingleton - Creating shared instance of singleton bean 'errorPageCustomizer'
27-03-2026 17:29:48 org.springframework.beans.factory.support.DefaultSingletonBeanRegistry.getSingleton - Creating shared instance of singleton bean 'org.springframework.boot.webmvc.autoconfigure.error.ErrorMvcAutoConfiguration'
27-03-2026 17:29:48 org.springframework.beans.factory.support.ConstructorResolver.registerDependentBeans - Autowiring by type from bean name 'org.springframework.boot.webmvc.autoconfigure.error.ErrorMvcAutoConfiguration' via constructor to bean named 'spring.web-org.springframework.boot.autoconfigure.web.WebProperties'
27-03-2026 17:29:48 org.springframework.beans.factory.support.DefaultSingletonBeanRegistry.getSingleton - Creating shared instance of singleton bean 'dispatcherServletRegistration'
27-03-2026 17:29:48 org.springframework.beans.factory.support.DefaultSingletonBeanRegistry.getSingleton - Creating shared instance of singleton bean 'org.springframework.boot.webmvc.autoconfigure.DispatcherServletAutoConfiguration$DispatcherServletRegistrationConfiguration'
27-03-2026 17:29:48 org.springframework.beans.factory.support.DefaultSingletonBeanRegistry.getSingleton - Creating shared instance of singleton bean 'dispatcherServlet'
27-03-2026 17:29:48 org.springframework.beans.factory.support.DefaultSingletonBeanRegistry.getSingleton - Creating shared instance of singleton bean 'org.springframework.boot.webmvc.autoconfigure.DispatcherServletAutoConfiguration$DispatcherServletConfiguration'
27-03-2026 17:29:48 org.springframework.beans.factory.support.DefaultSingletonBeanRegistry.getSingleton - Creating shared instance of singleton bean 'spring.mvc-org.springframework.boot.webmvc.autoconfigure.WebMvcProperties'
27-03-2026 17:29:48 org.springframework.beans.factory.support.ConstructorResolver.registerDependentBeans - Autowiring by type from bean name 'dispatcherServlet' via factory method to bean named 'spring.mvc-org.springframework.boot.webmvc.autoconfigure.WebMvcProperties'
27-03-2026 17:29:48 org.springframework.beans.factory.support.ConstructorResolver.registerDependentBeans - Autowiring by type from bean name 'dispatcherServletRegistration' via factory method to bean named 'dispatcherServlet'
27-03-2026 17:29:48 org.springframework.beans.factory.support.ConstructorResolver.registerDependentBeans - Autowiring by type from bean name 'dispatcherServletRegistration' via factory method to bean named 'spring.mvc-org.springframework.boot.webmvc.autoconfigure.WebMvcProperties'
27-03-2026 17:29:48 org.springframework.beans.factory.support.DefaultSingletonBeanRegistry.getSingleton - Creating shared instance of singleton bean 'multipartConfigElement'
27-03-2026 17:29:48 org.springframework.beans.factory.support.DefaultSingletonBeanRegistry.getSingleton - Creating shared instance of singleton bean 'org.springframework.boot.servlet.autoconfigure.MultipartAutoConfiguration'
27-03-2026 17:29:48 org.springframework.beans.factory.support.DefaultSingletonBeanRegistry.getSingleton - Creating shared instance of singleton bean 'spring.servlet.multipart-org.springframework.boot.servlet.autoconfigure.MultipartProperties'
27-03-2026 17:29:48 org.springframework.beans.factory.support.ConstructorResolver.registerDependentBeans - Autowiring by type from bean name 'org.springframework.boot.servlet.autoconfigure.MultipartAutoConfiguration' via constructor to bean named 'spring.servlet.multipart-org.springframework.boot.servlet.autoconfigure.MultipartProperties'
27-03-2026 17:29:48 org.springframework.beans.factory.support.ConstructorResolver.registerDependentBeans - Autowiring by type from bean name 'errorPageCustomizer' via factory method to bean named 'dispatcherServletRegistration'
27-03-2026 17:29:48 org.springframework.boot.web.server.servlet.DocumentRoot.getArchiveFileDocumentRoot - Code archive: C:\Users\biagi\.m2\repository\org\springframework\boot\spring-boot-web-server\4.0.5\spring-boot-web-server-4.0.5.jar
27-03-2026 17:29:48 org.springframework.boot.web.server.servlet.DocumentRoot.getExplodedWarFileDocumentRoot - Code archive: C:\Users\biagi\.m2\repository\org\springframework\boot\spring-boot-web-server\4.0.5\spring-boot-web-server-4.0.5.jar
27-03-2026 17:29:48 org.springframework.boot.web.server.servlet.DocumentRoot.logNoDocumentRoots - None of the document roots [src/main/webapp, public, static] point to a directory and will be ignored.
27-03-2026 17:29:48 org.springframework.boot.tomcat.TomcatWebServer.initialize - Tomcat initialized with port 8080 (http)
27-03-2026 17:29:49 org.apache.juli.logging.DirectJDKLog.log - Initializing ProtocolHandler ["http-nio-8080"]
27-03-2026 17:29:49 org.apache.juli.logging.DirectJDKLog.log - Starting service [Tomcat]
27-03-2026 17:29:49 org.apache.juli.logging.DirectJDKLog.log - Starting Servlet engine: [Apache Tomcat/11.0.20]
27-03-2026 17:29:49 org.springframework.boot.web.context.servlet.WebApplicationContextInitializer.prepareWebApplicationContext - Published root WebApplicationContext as ServletContext attribute with name [org.springframework.web.context.WebApplicationContext.ROOT]
27-03-2026 17:29:49 org.springframework.boot.web.context.servlet.WebApplicationContextInitializer.prepareWebApplicationContext - Root WebApplicationContext: initialization completed in 823 ms
27-03-2026 17:29:49 org.springframework.beans.factory.support.DefaultSingletonBeanRegistry.getSingleton - Creating shared instance of singleton bean 'requestContextFilter'
27-03-2026 17:29:49 org.springframework.beans.factory.support.DefaultSingletonBeanRegistry.getSingleton - Creating shared instance of singleton bean 'formContentFilter'
27-03-2026 17:29:49 org.springframework.beans.factory.support.DefaultSingletonBeanRegistry.getSingleton - Creating shared instance of singleton bean 'org.springframework.boot.webmvc.autoconfigure.WebMvcAutoConfiguration'
27-03-2026 17:29:49 org.springframework.beans.factory.support.DefaultSingletonBeanRegistry.getSingleton - Creating shared instance of singleton bean 'characterEncodingFilter'
27-03-2026 17:29:49 org.springframework.beans.factory.support.DefaultSingletonBeanRegistry.getSingleton - Creating shared instance of singleton bean 'org.springframework.boot.servlet.autoconfigure.HttpEncodingAutoConfiguration'
27-03-2026 17:29:49 org.springframework.beans.factory.support.DefaultSingletonBeanRegistry.getSingleton - Creating shared instance of singleton bean 'spring.servlet.encoding-org.springframework.boot.servlet.autoconfigure.ServletEncodingProperties'
27-03-2026 17:29:49 org.springframework.beans.factory.support.ConstructorResolver.registerDependentBeans - Autowiring by type from bean name 'characterEncodingFilter' via factory method to bean named 'spring.servlet.encoding-org.springframework.boot.servlet.autoconfigure.ServletEncodingProperties'
27-03-2026 17:29:49 org.springframework.boot.web.servlet.ServletContextInitializerBeans.logMappings - Mapping filters: characterEncodingFilter urls=[/*] order=-2147483648, formContentFilter urls=[/*] order=-9900, requestContextFilter urls=[/*] order=-105
27-03-2026 17:29:49 org.springframework.boot.web.servlet.ServletContextInitializerBeans.logMappings - Mapping servlets: dispatcherServlet urls=[/]
27-03-2026 17:29:49 org.springframework.web.filter.GenericFilterBean.init - Filter 'requestContextFilter' configured for use
27-03-2026 17:29:49 org.springframework.web.filter.GenericFilterBean.init - Filter 'characterEncodingFilter' configured for use
27-03-2026 17:29:49 org.springframework.web.filter.GenericFilterBean.init - Filter 'formContentFilter' configured for use
27-03-2026 17:29:49 org.springframework.beans.factory.support.DefaultSingletonBeanRegistry.getSingleton - Creating shared instance of singleton bean 'applicationTaskExecutor'
27-03-2026 17:29:49 org.springframework.beans.factory.support.DefaultSingletonBeanRegistry.getSingleton - Creating shared instance of singleton bean 'org.springframework.boot.autoconfigure.task.TaskExecutorConfigurations$TaskExecutorConfiguration'
27-03-2026 17:29:49 org.springframework.beans.factory.support.DefaultSingletonBeanRegistry.getSingleton - Creating shared instance of singleton bean 'threadPoolTaskExecutorBuilder'
27-03-2026 17:29:49 org.springframework.beans.factory.support.DefaultSingletonBeanRegistry.getSingleton - Creating shared instance of singleton bean 'org.springframework.boot.autoconfigure.task.TaskExecutorConfigurations$ThreadPoolTaskExecutorBuilderConfiguration'
27-03-2026 17:29:49 org.springframework.beans.factory.support.DefaultSingletonBeanRegistry.getSingleton - Creating shared instance of singleton bean 'spring.task.execution-org.springframework.boot.autoconfigure.task.TaskExecutionProperties'
27-03-2026 17:29:49 org.springframework.beans.factory.support.ConstructorResolver.registerDependentBeans - Autowiring by type from bean name 'threadPoolTaskExecutorBuilder' via factory method to bean named 'spring.task.execution-org.springframework.boot.autoconfigure.task.TaskExecutionProperties'
27-03-2026 17:29:49 org.springframework.beans.factory.support.ConstructorResolver.registerDependentBeans - Autowiring by type from bean name 'applicationTaskExecutor' via factory method to bean named 'threadPoolTaskExecutorBuilder'
27-03-2026 17:29:49 org.springframework.scheduling.concurrent.ExecutorConfigurationSupport.initialize - Initializing ExecutorService 'applicationTaskExecutor'
27-03-2026 17:29:49 org.springframework.beans.factory.support.DefaultSingletonBeanRegistry.getSingleton - Creating shared instance of singleton bean 'micdlEtlApplication'
27-03-2026 17:29:49 org.springframework.beans.factory.support.DefaultSingletonBeanRegistry.getSingleton - Creating shared instance of singleton bean 'caricamentoDatiController'
27-03-2026 17:29:49 org.springframework.beans.factory.support.DefaultSingletonBeanRegistry.getSingleton - Creating shared instance of singleton bean 'org.springframework.boot.autoconfigure.AutoConfigurationPackages'
27-03-2026 17:29:49 org.springframework.beans.factory.support.DefaultSingletonBeanRegistry.getSingleton - Creating shared instance of singleton bean 'org.springframework.boot.autoconfigure.context.PropertyPlaceholderAutoConfiguration'
27-03-2026 17:29:49 org.springframework.beans.factory.support.DefaultSingletonBeanRegistry.getSingleton - Creating shared instance of singleton bean 'org.springframework.boot.context.properties.EnableConfigurationPropertiesRegistrar.methodValidationExcludeFilter'
27-03-2026 17:29:49 org.springframework.beans.factory.support.DefaultSingletonBeanRegistry.getSingleton - Creating shared instance of singleton bean 'org.springframework.boot.webmvc.autoconfigure.DispatcherServletAutoConfiguration'
27-03-2026 17:29:49 org.springframework.beans.factory.support.DefaultSingletonBeanRegistry.getSingleton - Creating shared instance of singleton bean 'org.springframework.boot.autoconfigure.task.TaskExecutorConfigurations$SimpleAsyncTaskExecutorBuilderConfiguration'
27-03-2026 17:29:49 org.springframework.beans.factory.support.ConstructorResolver.registerDependentBeans - Autowiring by type from bean name 'org.springframework.boot.autoconfigure.task.TaskExecutorConfigurations$SimpleAsyncTaskExecutorBuilderConfiguration' via constructor to bean named 'spring.task.execution-org.springframework.boot.autoconfigure.task.TaskExecutionProperties'
27-03-2026 17:29:49 org.springframework.beans.factory.support.DefaultSingletonBeanRegistry.getSingleton - Creating shared instance of singleton bean 'simpleAsyncTaskExecutorBuilder'
27-03-2026 17:29:49 org.springframework.beans.factory.support.DefaultSingletonBeanRegistry.getSingleton - Creating shared instance of singleton bean 'org.springframework.boot.autoconfigure.task.TaskExecutorConfigurations$AsyncConfigurerConfiguration'
27-03-2026 17:29:49 org.springframework.beans.factory.support.DefaultSingletonBeanRegistry.getSingleton - Creating shared instance of singleton bean 'applicationTaskExecutorAsyncConfigurer'
27-03-2026 17:29:49 org.springframework.beans.factory.support.ConstructorResolver.registerDependentBeans - Autowiring by type from bean name 'applicationTaskExecutorAsyncConfigurer' via factory method to bean named 'org.springframework.beans.factory.support.DefaultListableBeanFactory@194152cf'
27-03-2026 17:29:49 org.springframework.beans.factory.support.DefaultSingletonBeanRegistry.getSingleton - Creating shared instance of singleton bean 'org.springframework.boot.autoconfigure.task.TaskExecutorConfigurations$BootstrapExecutorConfiguration'
27-03-2026 17:29:49 org.springframework.beans.factory.support.DefaultSingletonBeanRegistry.getSingleton - Creating shared instance of singleton bean 'org.springframework.boot.autoconfigure.task.TaskExecutionAutoConfiguration'
27-03-2026 17:29:49 org.springframework.beans.factory.support.DefaultSingletonBeanRegistry.getSingleton - Creating shared instance of singleton bean 'org.springframework.boot.webmvc.autoconfigure.error.ErrorMvcAutoConfiguration$WhitelabelErrorViewConfiguration'
27-03-2026 17:29:49 org.springframework.beans.factory.support.DefaultSingletonBeanRegistry.getSingleton - Creating shared instance of singleton bean 'error'
27-03-2026 17:29:49 org.springframework.beans.factory.support.DefaultSingletonBeanRegistry.getSingleton - Creating shared instance of singleton bean 'beanNameViewResolver'
27-03-2026 17:29:49 org.springframework.beans.factory.support.DefaultSingletonBeanRegistry.getSingleton - Creating shared instance of singleton bean 'org.springframework.boot.webmvc.autoconfigure.error.ErrorMvcAutoConfiguration$DefaultErrorViewResolverConfiguration'
27-03-2026 17:29:49 org.springframework.beans.factory.support.ConstructorResolver.registerDependentBeans - Autowiring by type from bean name 'org.springframework.boot.webmvc.autoconfigure.error.ErrorMvcAutoConfiguration$DefaultErrorViewResolverConfiguration' via constructor to bean named 'org.springframework.boot.web.server.servlet.context.AnnotationConfigServletWebServerApplicationContext@67427b69'
27-03-2026 17:29:49 org.springframework.beans.factory.support.ConstructorResolver.registerDependentBeans - Autowiring by type from bean name 'org.springframework.boot.webmvc.autoconfigure.error.ErrorMvcAutoConfiguration$DefaultErrorViewResolverConfiguration' via constructor to bean named 'spring.web-org.springframework.boot.autoconfigure.web.WebProperties'
27-03-2026 17:29:49 org.springframework.beans.factory.support.DefaultSingletonBeanRegistry.getSingleton - Creating shared instance of singleton bean 'conventionErrorViewResolver'
27-03-2026 17:29:49 org.springframework.beans.factory.support.DefaultSingletonBeanRegistry.getSingleton - Creating shared instance of singleton bean 'errorAttributes'
27-03-2026 17:29:49 org.springframework.beans.factory.support.DefaultSingletonBeanRegistry.getSingleton - Creating shared instance of singleton bean 'basicErrorController'
27-03-2026 17:29:49 org.springframework.beans.factory.support.ConstructorResolver.registerDependentBeans - Autowiring by type from bean name 'basicErrorController' via factory method to bean named 'errorAttributes'
27-03-2026 17:29:49 org.springframework.beans.factory.support.DefaultSingletonBeanRegistry.getSingleton - Creating shared instance of singleton bean 'org.springframework.boot.webmvc.autoconfigure.WebMvcAutoConfiguration$EnableWebMvcConfiguration'
27-03-2026 17:29:49 org.springframework.beans.factory.support.ConstructorResolver.registerDependentBeans - Autowiring by type from bean name 'org.springframework.boot.webmvc.autoconfigure.WebMvcAutoConfiguration$EnableWebMvcConfiguration' via constructor to bean named 'spring.mvc-org.springframework.boot.webmvc.autoconfigure.WebMvcProperties'
27-03-2026 17:29:49 org.springframework.beans.factory.support.ConstructorResolver.registerDependentBeans - Autowiring by type from bean name 'org.springframework.boot.webmvc.autoconfigure.WebMvcAutoConfiguration$EnableWebMvcConfiguration' via constructor to bean named 'spring.web-org.springframework.boot.autoconfigure.web.WebProperties'
27-03-2026 17:29:49 org.springframework.beans.factory.support.ConstructorResolver.registerDependentBeans - Autowiring by type from bean name 'org.springframework.boot.webmvc.autoconfigure.WebMvcAutoConfiguration$EnableWebMvcConfiguration' via constructor to bean named 'org.springframework.beans.factory.support.DefaultListableBeanFactory@194152cf'
27-03-2026 17:29:49 org.springframework.beans.factory.support.DefaultSingletonBeanRegistry.getSingleton - Creating shared instance of singleton bean 'org.springframework.boot.webmvc.autoconfigure.WebMvcAutoConfiguration$WebMvcAutoConfigurationAdapter'
27-03-2026 17:29:49 org.springframework.beans.factory.support.ConstructorResolver.registerDependentBeans - Autowiring by type from bean name 'org.springframework.boot.webmvc.autoconfigure.WebMvcAutoConfiguration$WebMvcAutoConfigurationAdapter' via constructor to bean named 'spring.web-org.springframework.boot.autoconfigure.web.WebProperties'
27-03-2026 17:29:49 org.springframework.beans.factory.support.ConstructorResolver.registerDependentBeans - Autowiring by type from bean name 'org.springframework.boot.webmvc.autoconfigure.WebMvcAutoConfiguration$WebMvcAutoConfigurationAdapter' via constructor to bean named 'spring.mvc-org.springframework.boot.webmvc.autoconfigure.WebMvcProperties'
27-03-2026 17:29:49 org.springframework.beans.factory.support.ConstructorResolver.registerDependentBeans - Autowiring by type from bean name 'org.springframework.boot.webmvc.autoconfigure.WebMvcAutoConfiguration$WebMvcAutoConfigurationAdapter' via constructor to bean named 'org.springframework.beans.factory.support.DefaultListableBeanFactory@194152cf'
27-03-2026 17:29:49 org.springframework.beans.factory.support.DefaultSingletonBeanRegistry.getSingleton - Creating shared instance of singleton bean 'welcomePageHandlerMapping'
27-03-2026 17:29:49 org.springframework.beans.factory.support.DefaultSingletonBeanRegistry.getSingleton - Creating shared instance of singleton bean 'mvcConversionService'
27-03-2026 17:29:49 org.springframework.beans.factory.support.DefaultSingletonBeanRegistry.getSingleton - Creating shared instance of singleton bean 'mvcResourceUrlProvider'
27-03-2026 17:29:49 org.springframework.beans.factory.support.ConstructorResolver.registerDependentBeans - Autowiring by type from bean name 'welcomePageHandlerMapping' via factory method to bean named 'org.springframework.boot.web.server.servlet.context.AnnotationConfigServletWebServerApplicationContext@67427b69'
27-03-2026 17:29:49 org.springframework.beans.factory.support.ConstructorResolver.registerDependentBeans - Autowiring by type from bean name 'welcomePageHandlerMapping' via factory method to bean named 'mvcConversionService'
27-03-2026 17:29:49 org.springframework.beans.factory.support.ConstructorResolver.registerDependentBeans - Autowiring by type from bean name 'welcomePageHandlerMapping' via factory method to bean named 'mvcResourceUrlProvider'
27-03-2026 17:29:49 org.springframework.beans.factory.support.DefaultSingletonBeanRegistry.getSingleton - Creating shared instance of singleton bean 'welcomePageNotAcceptableHandlerMapping'
27-03-2026 17:29:49 org.springframework.beans.factory.support.ConstructorResolver.registerDependentBeans - Autowiring by type from bean name 'welcomePageNotAcceptableHandlerMapping' via factory method to bean named 'org.springframework.boot.web.server.servlet.context.AnnotationConfigServletWebServerApplicationContext@67427b69'
27-03-2026 17:29:49 org.springframework.beans.factory.support.ConstructorResolver.registerDependentBeans - Autowiring by type from bean name 'welcomePageNotAcceptableHandlerMapping' via factory method to bean named 'mvcConversionService'
27-03-2026 17:29:49 org.springframework.beans.factory.support.ConstructorResolver.registerDependentBeans - Autowiring by type from bean name 'welcomePageNotAcceptableHandlerMapping' via factory method to bean named 'mvcResourceUrlProvider'
27-03-2026 17:29:49 org.springframework.beans.factory.support.DefaultSingletonBeanRegistry.getSingleton - Creating shared instance of singleton bean 'localeResolver'
27-03-2026 17:29:49 org.springframework.beans.factory.support.DefaultSingletonBeanRegistry.getSingleton - Creating shared instance of singleton bean 'flashMapManager'
27-03-2026 17:29:49 org.springframework.beans.factory.support.DefaultSingletonBeanRegistry.getSingleton - Creating shared instance of singleton bean 'viewNameTranslator'
27-03-2026 17:29:49 org.springframework.beans.factory.support.DefaultSingletonBeanRegistry.getSingleton - Creating shared instance of singleton bean 'mvcValidator'
27-03-2026 17:29:49 org.springframework.beans.factory.support.DefaultSingletonBeanRegistry.getSingleton - Creating shared instance of singleton bean 'requestMappingHandlerMapping'
27-03-2026 17:29:49 org.springframework.beans.factory.support.DefaultSingletonBeanRegistry.getSingleton - Creating shared instance of singleton bean 'mvcContentNegotiationManager'
27-03-2026 17:29:49 org.springframework.beans.factory.support.DefaultSingletonBeanRegistry.getSingleton - Creating shared instance of singleton bean 'stringHttpMessageConvertersCustomizer'
27-03-2026 17:29:49 org.springframework.beans.factory.support.DefaultSingletonBeanRegistry.getSingleton - Creating shared instance of singleton bean 'org.springframework.boot.http.converter.autoconfigure.HttpMessageConvertersAutoConfiguration$StringHttpMessageConverterConfiguration'
27-03-2026 17:29:49 org.springframework.beans.factory.support.DefaultSingletonBeanRegistry.getSingleton - Creating shared instance of singleton bean 'spring.http.converters-org.springframework.boot.http.converter.autoconfigure.HttpMessageConvertersProperties'
27-03-2026 17:29:49 org.springframework.beans.factory.support.ConstructorResolver.registerDependentBeans - Autowiring by type from bean name 'stringHttpMessageConvertersCustomizer' via factory method to bean named 'spring.http.converters-org.springframework.boot.http.converter.autoconfigure.HttpMessageConvertersProperties'
27-03-2026 17:29:49 org.springframework.beans.factory.support.DefaultSingletonBeanRegistry.getSingleton - Creating shared instance of singleton bean 'jacksonJsonHttpMessageConvertersCustomizer'
27-03-2026 17:29:49 org.springframework.beans.factory.support.DefaultSingletonBeanRegistry.getSingleton - Creating shared instance of singleton bean 'org.springframework.boot.http.converter.autoconfigure.JacksonHttpMessageConvertersConfiguration$JacksonJsonHttpMessageConverterConfiguration'
27-03-2026 17:29:49 org.springframework.beans.factory.support.DefaultSingletonBeanRegistry.getSingleton - Creating shared instance of singleton bean 'jacksonJsonMapper'
27-03-2026 17:29:49 org.springframework.beans.factory.support.DefaultSingletonBeanRegistry.getSingleton - Creating shared instance of singleton bean 'org.springframework.boot.jackson.autoconfigure.JacksonAutoConfiguration'
27-03-2026 17:29:49 org.springframework.beans.factory.support.DefaultSingletonBeanRegistry.getSingleton - Creating shared instance of singleton bean 'problemDetailJsonMapperBuilderCustomizer'
27-03-2026 17:29:49 org.springframework.beans.factory.support.DefaultSingletonBeanRegistry.getSingleton - Creating shared instance of singleton bean 'org.springframework.boot.jackson.autoconfigure.JacksonAutoConfiguration$JsonProblemDetailsConfiguration'
27-03-2026 17:29:49 org.springframework.beans.factory.support.DefaultSingletonBeanRegistry.getSingleton - Creating shared instance of singleton bean 'standardJsonMapperBuilderCustomizer'
27-03-2026 17:29:49 org.springframework.beans.factory.support.DefaultSingletonBeanRegistry.getSingleton - Creating shared instance of singleton bean 'org.springframework.boot.jackson.autoconfigure.JacksonAutoConfiguration$JacksonJsonMapperBuilderCustomizerConfiguration'
27-03-2026 17:29:49 org.springframework.beans.factory.support.DefaultSingletonBeanRegistry.getSingleton - Creating shared instance of singleton bean 'spring.jackson-org.springframework.boot.jackson.autoconfigure.JacksonProperties'
27-03-2026 17:29:49 org.springframework.beans.factory.support.ConstructorResolver.registerDependentBeans - Autowiring by type from bean name 'standardJsonMapperBuilderCustomizer' via factory method to bean named 'spring.jackson-org.springframework.boot.jackson.autoconfigure.JacksonProperties'
27-03-2026 17:29:49 org.springframework.beans.factory.support.DefaultSingletonBeanRegistry.getSingleton - Creating shared instance of singleton bean 'jacksonMixinModule'
27-03-2026 17:29:49 org.springframework.beans.factory.support.DefaultSingletonBeanRegistry.getSingleton - Creating shared instance of singleton bean 'org.springframework.boot.jackson.autoconfigure.JacksonAutoConfiguration$JacksonMixinConfiguration'
27-03-2026 17:29:49 org.springframework.beans.factory.support.DefaultSingletonBeanRegistry.getSingleton - Creating shared instance of singleton bean 'jacksonMixinModuleEntries'
27-03-2026 17:29:49 org.springframework.beans.factory.support.ConstructorResolver.registerDependentBeans - Autowiring by type from bean name 'jacksonMixinModuleEntries' via factory method to bean named 'org.springframework.boot.web.server.servlet.context.AnnotationConfigServletWebServerApplicationContext@67427b69'
27-03-2026 17:29:49 org.springframework.boot.autoconfigure.AutoConfigurationPackages$BasePackages.get - @EnableAutoConfiguration was declared on a class in the package 'it.almaviva.mic.etl'. Automatic @Repository and @Entity scanning is enabled.
27-03-2026 17:29:49 org.springframework.beans.factory.support.ConstructorResolver.registerDependentBeans - Autowiring by type from bean name 'jacksonMixinModule' via factory method to bean named 'org.springframework.boot.web.server.servlet.context.AnnotationConfigServletWebServerApplicationContext@67427b69'
27-03-2026 17:29:49 org.springframework.beans.factory.support.ConstructorResolver.registerDependentBeans - Autowiring by type from bean name 'jacksonMixinModule' via factory method to bean named 'jacksonMixinModuleEntries'
27-03-2026 17:29:49 org.springframework.beans.factory.support.DefaultSingletonBeanRegistry.getSingleton - Creating shared instance of singleton bean 'jsonComponentModule'
27-03-2026 17:29:49 org.springframework.beans.factory.support.ConstructorResolver.registerDependentBeans - Autowiring by type from bean name 'jsonMapperBuilder' via factory method to bean named 'problemDetailJsonMapperBuilderCustomizer'
27-03-2026 17:29:49 org.springframework.beans.factory.support.ConstructorResolver.registerDependentBeans - Autowiring by type from bean name 'jsonMapperBuilder' via factory method to bean named 'standardJsonMapperBuilderCustomizer'
27-03-2026 17:29:49 org.springframework.beans.factory.support.ConstructorResolver.registerDependentBeans - Autowiring by type from bean name 'jacksonJsonMapper' via factory method to bean named 'jsonMapperBuilder'
27-03-2026 17:29:49 org.springframework.beans.factory.support.ConstructorResolver.registerDependentBeans - Autowiring by type from bean name 'jacksonJsonHttpMessageConvertersCustomizer' via factory method to bean named 'jacksonJsonMapper'
27-03-2026 17:29:49 org.springframework.beans.factory.support.DefaultSingletonBeanRegistry.getSingleton - Creating shared instance of singleton bean 'serverConvertersCustomizer'
27-03-2026 17:29:49 org.springframework.beans.factory.support.DefaultSingletonBeanRegistry.getSingleton - Creating shared instance of singleton bean 'org.springframework.boot.http.converter.autoconfigure.HttpMessageConvertersAutoConfiguration'
27-03-2026 17:29:49 org.springframework.beans.factory.support.DefaultSingletonBeanRegistry.getSingleton - Creating shared instance of singleton bean 'mvcApiVersionStrategy'
27-03-2026 17:29:49 org.springframework.beans.factory.support.ConstructorResolver.registerDependentBeans - Autowiring by type from bean name 'requestMappingHandlerMapping' via factory method to bean named 'mvcContentNegotiationManager'
27-03-2026 17:29:49 org.springframework.beans.factory.support.ConstructorResolver.registerDependentBeans - Autowiring by type from bean name 'requestMappingHandlerMapping' via factory method to bean named 'mvcApiVersionStrategy'
27-03-2026 17:29:49 org.springframework.beans.factory.support.ConstructorResolver.registerDependentBeans - Autowiring by type from bean name 'requestMappingHandlerMapping' via factory method to bean named 'mvcConversionService'
27-03-2026 17:29:49 org.springframework.beans.factory.support.ConstructorResolver.registerDependentBeans - Autowiring by type from bean name 'requestMappingHandlerMapping' via factory method to bean named 'mvcResourceUrlProvider'
27-03-2026 17:29:49 org.springframework.web.servlet.handler.AbstractHandlerMethodMapping.detectHandlerMethods - 
	i.a.m.e.c.CaricamentoDatiController:
	{ [/etl/test]}: testConnessione()
27-03-2026 17:29:49 org.springframework.web.servlet.handler.AbstractHandlerMethodMapping.detectHandlerMethods - 
	o.s.b.w.a.e.BasicErrorController:
	{ [/error]}: error(HttpServletRequest)
	{ [/error], produces [text/html]}: errorHtml(HttpServletRequest,HttpServletResponse)
27-03-2026 17:29:49 org.springframework.web.servlet.handler.AbstractHandlerMethodMapping.handlerMethodsInitialized - 3 mappings in 'requestMappingHandlerMapping'
27-03-2026 17:29:49 org.springframework.beans.factory.support.DefaultSingletonBeanRegistry.getSingleton - Creating shared instance of singleton bean 'mvcPatternParser'
27-03-2026 17:29:49 org.springframework.beans.factory.support.DefaultSingletonBeanRegistry.getSingleton - Creating shared instance of singleton bean 'mvcUrlPathHelper'
27-03-2026 17:29:49 org.springframework.beans.factory.support.DefaultSingletonBeanRegistry.getSingleton - Creating shared instance of singleton bean 'mvcPathMatcher'
27-03-2026 17:29:49 org.springframework.beans.factory.support.DefaultSingletonBeanRegistry.getSingleton - Creating shared instance of singleton bean 'viewControllerHandlerMapping'
27-03-2026 17:29:49 org.springframework.beans.factory.support.ConstructorResolver.registerDependentBeans - Autowiring by type from bean name 'viewControllerHandlerMapping' via factory method to bean named 'mvcConversionService'
27-03-2026 17:29:49 org.springframework.beans.factory.support.ConstructorResolver.registerDependentBeans - Autowiring by type from bean name 'viewControllerHandlerMapping' via factory method to bean named 'mvcResourceUrlProvider'
27-03-2026 17:29:49 org.springframework.beans.factory.support.DefaultSingletonBeanRegistry.getSingleton - Creating shared instance of singleton bean 'beanNameHandlerMapping'
27-03-2026 17:29:49 org.springframework.beans.factory.support.ConstructorResolver.registerDependentBeans - Autowiring by type from bean name 'beanNameHandlerMapping' via factory method to bean named 'mvcConversionService'
27-03-2026 17:29:49 org.springframework.beans.factory.support.ConstructorResolver.registerDependentBeans - Autowiring by type from bean name 'beanNameHandlerMapping' via factory method to bean named 'mvcResourceUrlProvider'
27-03-2026 17:29:49 org.springframework.web.servlet.handler.AbstractDetectingUrlHandlerMapping.detectHandlers - 'beanNameHandlerMapping' {}
27-03-2026 17:29:49 org.springframework.beans.factory.support.DefaultSingletonBeanRegistry.getSingleton - Creating shared instance of singleton bean 'routerFunctionMapping'
27-03-2026 17:29:49 org.springframework.beans.factory.support.ConstructorResolver.registerDependentBeans - Autowiring by type from bean name 'routerFunctionMapping' via factory method to bean named 'mvcConversionService'
27-03-2026 17:29:49 org.springframework.beans.factory.support.ConstructorResolver.registerDependentBeans - Autowiring by type from bean name 'routerFunctionMapping' via factory method to bean named 'mvcResourceUrlProvider'
27-03-2026 17:29:49 org.springframework.beans.factory.support.ConstructorResolver.registerDependentBeans - Autowiring by type from bean name 'routerFunctionMapping' via factory method to bean named 'mvcApiVersionStrategy'
27-03-2026 17:29:49 org.springframework.beans.factory.support.DefaultSingletonBeanRegistry.getSingleton - Creating shared instance of singleton bean 'resourceHandlerMapping'
27-03-2026 17:29:49 org.springframework.beans.factory.support.ConstructorResolver.registerDependentBeans - Autowiring by type from bean name 'resourceHandlerMapping' via factory method to bean named 'mvcContentNegotiationManager'
27-03-2026 17:29:49 org.springframework.beans.factory.support.ConstructorResolver.registerDependentBeans - Autowiring by type from bean name 'resourceHandlerMapping' via factory method to bean named 'mvcConversionService'
27-03-2026 17:29:49 org.springframework.beans.factory.support.ConstructorResolver.registerDependentBeans - Autowiring by type from bean name 'resourceHandlerMapping' via factory method to bean named 'mvcResourceUrlProvider'
27-03-2026 17:29:49 org.springframework.web.servlet.handler.SimpleUrlHandlerMapping.logMappings - 'resourceHandlerMapping' {/webjars/**=ResourceHttpRequestHandler [classpath [META-INF/resources/webjars/]], /**=ResourceHttpRequestHandler [classpath [META-INF/resources/], classpath [resources/], classpath [static/], classpath [public/], ServletContext [/]]}
27-03-2026 17:29:49 org.springframework.beans.factory.support.DefaultSingletonBeanRegistry.getSingleton - Creating shared instance of singleton bean 'defaultServletHandlerMapping'
27-03-2026 17:29:49 org.springframework.beans.factory.support.DefaultSingletonBeanRegistry.getSingleton - Creating shared instance of singleton bean 'requestMappingHandlerAdapter'
27-03-2026 17:29:49 org.springframework.beans.factory.support.ConstructorResolver.registerDependentBeans - Autowiring by type from bean name 'requestMappingHandlerAdapter' via factory method to bean named 'mvcContentNegotiationManager'
27-03-2026 17:29:49 org.springframework.beans.factory.support.ConstructorResolver.registerDependentBeans - Autowiring by type from bean name 'requestMappingHandlerAdapter' via factory method to bean named 'mvcConversionService'
27-03-2026 17:29:49 org.springframework.beans.factory.support.ConstructorResolver.registerDependentBeans - Autowiring by type from bean name 'requestMappingHandlerAdapter' via factory method to bean named 'mvcValidator'
27-03-2026 17:29:49 org.springframework.web.servlet.mvc.method.annotation.RequestMappingHandlerAdapter.initControllerAdviceCache - ControllerAdvice beans: 0 @ModelAttribute, 0 @InitBinder, 2 RequestBodyAdvice, 1 ResponseBodyAdvice
27-03-2026 17:29:49 org.springframework.beans.factory.support.DefaultSingletonBeanRegistry.getSingleton - Creating shared instance of singleton bean 'mvcViewResolver'
27-03-2026 17:29:49 org.springframework.beans.factory.support.ConstructorResolver.registerDependentBeans - Autowiring by type from bean name 'mvcViewResolver' via factory method to bean named 'mvcContentNegotiationManager'
27-03-2026 17:29:49 org.springframework.beans.factory.support.DefaultSingletonBeanRegistry.getSingleton - Creating shared instance of singleton bean 'defaultViewResolver'
27-03-2026 17:29:49 org.springframework.beans.factory.support.DefaultSingletonBeanRegistry.getSingleton - Creating shared instance of singleton bean 'viewResolver'
27-03-2026 17:29:49 org.springframework.beans.factory.support.ConstructorResolver.registerDependentBeans - Autowiring by type from bean name 'viewResolver' via factory method to bean named 'org.springframework.beans.factory.support.DefaultListableBeanFactory@194152cf'
27-03-2026 17:29:49 org.springframework.beans.factory.support.DefaultSingletonBeanRegistry.getSingleton - Creating shared instance of singleton bean 'viewResolver'
27-03-2026 17:29:49 org.springframework.beans.factory.support.DefaultSingletonBeanRegistry.getSingleton - Creating shared instance of singleton bean 'handlerFunctionAdapter'
27-03-2026 17:29:49 org.springframework.beans.factory.support.DefaultSingletonBeanRegistry.getSingleton - Creating shared instance of singleton bean 'mvcUriComponentsContributor'
27-03-2026 17:29:49 org.springframework.beans.factory.support.ConstructorResolver.registerDependentBeans - Autowiring by type from bean name 'mvcUriComponentsContributor' via factory method to bean named 'mvcConversionService'
27-03-2026 17:29:49 org.springframework.beans.factory.support.ConstructorResolver.registerDependentBeans - Autowiring by type from bean name 'mvcUriComponentsContributor' via factory method to bean named 'requestMappingHandlerAdapter'
27-03-2026 17:29:49 org.springframework.beans.factory.support.DefaultSingletonBeanRegistry.getSingleton - Creating shared instance of singleton bean 'httpRequestHandlerAdapter'
27-03-2026 17:29:49 org.springframework.beans.factory.support.DefaultSingletonBeanRegistry.getSingleton - Creating shared instance of singleton bean 'simpleControllerHandlerAdapter'
27-03-2026 17:29:49 org.springframework.beans.factory.support.DefaultSingletonBeanRegistry.getSingleton - Creating shared instance of singleton bean 'handlerExceptionResolver'
27-03-2026 17:29:49 org.springframework.beans.factory.support.ConstructorResolver.registerDependentBeans - Autowiring by type from bean name 'handlerExceptionResolver' via factory method to bean named 'mvcContentNegotiationManager'
27-03-2026 17:29:49 org.springframework.web.servlet.mvc.method.annotation.ExceptionHandlerExceptionResolver.initExceptionHandlerAdviceCache - ControllerAdvice beans: 0 @ExceptionHandler, 1 ResponseBodyAdvice
27-03-2026 17:29:49 org.springframework.beans.factory.support.DefaultSingletonBeanRegistry.getSingleton - Creating shared instance of singleton bean 'org.springframework.boot.autoconfigure.jmx.JmxAutoConfiguration'
27-03-2026 17:29:49 org.springframework.beans.factory.support.DefaultSingletonBeanRegistry.getSingleton - Creating shared instance of singleton bean 'spring.jmx-org.springframework.boot.autoconfigure.jmx.JmxProperties'
27-03-2026 17:29:49 org.springframework.beans.factory.support.ConstructorResolver.registerDependentBeans - Autowiring by type from bean name 'org.springframework.boot.autoconfigure.jmx.JmxAutoConfiguration' via constructor to bean named 'spring.jmx-org.springframework.boot.autoconfigure.jmx.JmxProperties'
27-03-2026 17:29:49 org.springframework.beans.factory.support.DefaultSingletonBeanRegistry.getSingleton - Creating shared instance of singleton bean 'mbeanExporter'
27-03-2026 17:29:49 org.springframework.beans.factory.support.DefaultSingletonBeanRegistry.getSingleton - Creating shared instance of singleton bean 'objectNamingStrategy'
27-03-2026 17:29:49 org.springframework.beans.factory.support.ConstructorResolver.registerDependentBeans - Autowiring by type from bean name 'mbeanExporter' via factory method to bean named 'objectNamingStrategy'
27-03-2026 17:29:49 org.springframework.beans.factory.support.ConstructorResolver.registerDependentBeans - Autowiring by type from bean name 'mbeanExporter' via factory method to bean named 'org.springframework.beans.factory.support.DefaultListableBeanFactory@194152cf'
27-03-2026 17:29:49 org.springframework.beans.factory.support.DefaultSingletonBeanRegistry.getSingleton - Creating shared instance of singleton bean 'mbeanServer'
27-03-2026 17:29:49 org.springframework.jmx.support.JmxUtils.locateMBeanServer - Found MBeanServer: com.sun.jmx.mbeanserver.JmxMBeanServer@11028347
27-03-2026 17:29:49 org.springframework.beans.factory.support.DefaultSingletonBeanRegistry.getSingleton - Creating shared instance of singleton bean 'org.springframework.boot.autoconfigure.admin.SpringApplicationAdminJmxAutoConfiguration'
27-03-2026 17:29:49 org.springframework.beans.factory.support.DefaultSingletonBeanRegistry.getSingleton - Creating shared instance of singleton bean 'springApplicationAdminRegistrar'
27-03-2026 17:29:49 org.springframework.beans.factory.support.ConstructorResolver.registerDependentBeans - Autowiring by type from bean name 'springApplicationAdminRegistrar' via factory method to bean named 'environment'
27-03-2026 17:29:49 org.springframework.boot.admin.SpringApplicationAdminMXBeanRegistrar.afterPropertiesSet - Application Admin MBean registered with name 'org.springframework.boot:type=Admin,name=SpringApplication'
27-03-2026 17:29:49 org.springframework.beans.factory.support.DefaultSingletonBeanRegistry.getSingleton - Creating shared instance of singleton bean 'org.springframework.boot.autoconfigure.aop.AopAutoConfiguration$ClassProxyingConfiguration'
27-03-2026 17:29:49 org.springframework.beans.factory.support.DefaultSingletonBeanRegistry.getSingleton - Creating shared instance of singleton bean 'org.springframework.boot.autoconfigure.aop.AopAutoConfiguration'
27-03-2026 17:29:49 org.springframework.beans.factory.support.DefaultSingletonBeanRegistry.getSingleton - Creating shared instance of singleton bean 'org.springframework.boot.autoconfigure.availability.ApplicationAvailabilityAutoConfiguration'
27-03-2026 17:29:49 org.springframework.beans.factory.support.DefaultSingletonBeanRegistry.getSingleton - Creating shared instance of singleton bean 'applicationAvailability'
27-03-2026 17:29:49 org.springframework.beans.factory.support.DefaultSingletonBeanRegistry.getSingleton - Creating shared instance of singleton bean 'org.springframework.boot.autoconfigure.context.ConfigurationPropertiesAutoConfiguration'
27-03-2026 17:29:49 org.springframework.beans.factory.support.DefaultSingletonBeanRegistry.getSingleton - Creating shared instance of singleton bean 'org.springframework.boot.autoconfigure.context.LifecycleAutoConfiguration'
27-03-2026 17:29:49 org.springframework.beans.factory.support.DefaultSingletonBeanRegistry.getSingleton - Creating shared instance of singleton bean 'lifecycleProcessor'
27-03-2026 17:29:49 org.springframework.beans.factory.support.DefaultSingletonBeanRegistry.getSingleton - Creating shared instance of singleton bean 'spring.lifecycle-org.springframework.boot.autoconfigure.context.LifecycleProperties'
27-03-2026 17:29:49 org.springframework.beans.factory.support.ConstructorResolver.registerDependentBeans - Autowiring by type from bean name 'lifecycleProcessor' via factory method to bean named 'spring.lifecycle-org.springframework.boot.autoconfigure.context.LifecycleProperties'
27-03-2026 17:29:49 org.springframework.beans.factory.support.DefaultSingletonBeanRegistry.getSingleton - Creating shared instance of singleton bean 'org.springframework.boot.autoconfigure.info.ProjectInfoAutoConfiguration'
27-03-2026 17:29:49 org.springframework.beans.factory.support.DefaultSingletonBeanRegistry.getSingleton - Creating shared instance of singleton bean 'spring.info-org.springframework.boot.autoconfigure.info.ProjectInfoProperties'
27-03-2026 17:29:49 org.springframework.beans.factory.support.ConstructorResolver.registerDependentBeans - Autowiring by type from bean name 'org.springframework.boot.autoconfigure.info.ProjectInfoAutoConfiguration' via constructor to bean named 'spring.info-org.springframework.boot.autoconfigure.info.ProjectInfoProperties'
27-03-2026 17:29:49 org.springframework.beans.factory.support.DefaultSingletonBeanRegistry.getSingleton - Creating shared instance of singleton bean 'org.springframework.boot.autoconfigure.task.TaskSchedulingConfigurations$ThreadPoolTaskSchedulerBuilderConfiguration'
27-03-2026 17:29:49 org.springframework.beans.factory.support.DefaultSingletonBeanRegistry.getSingleton - Creating shared instance of singleton bean 'threadPoolTaskSchedulerBuilder'
27-03-2026 17:29:49 org.springframework.beans.factory.support.DefaultSingletonBeanRegistry.getSingleton - Creating shared instance of singleton bean 'spring.task.scheduling-org.springframework.boot.autoconfigure.task.TaskSchedulingProperties'
27-03-2026 17:29:49 org.springframework.beans.factory.support.ConstructorResolver.registerDependentBeans - Autowiring by type from bean name 'threadPoolTaskSchedulerBuilder' via factory method to bean named 'spring.task.scheduling-org.springframework.boot.autoconfigure.task.TaskSchedulingProperties'
27-03-2026 17:29:49 org.springframework.beans.factory.support.DefaultSingletonBeanRegistry.getSingleton - Creating shared instance of singleton bean 'org.springframework.boot.autoconfigure.task.TaskSchedulingConfigurations$SimpleAsyncTaskSchedulerBuilderConfiguration'
27-03-2026 17:29:49 org.springframework.beans.factory.support.ConstructorResolver.registerDependentBeans - Autowiring by type from bean name 'org.springframework.boot.autoconfigure.task.TaskSchedulingConfigurations$SimpleAsyncTaskSchedulerBuilderConfiguration' via constructor to bean named 'spring.task.scheduling-org.springframework.boot.autoconfigure.task.TaskSchedulingProperties'
27-03-2026 17:29:49 org.springframework.beans.factory.support.DefaultSingletonBeanRegistry.getSingleton - Creating shared instance of singleton bean 'simpleAsyncTaskSchedulerBuilder'
27-03-2026 17:29:49 org.springframework.beans.factory.support.DefaultSingletonBeanRegistry.getSingleton - Creating shared instance of singleton bean 'org.springframework.boot.autoconfigure.task.TaskSchedulingAutoConfiguration'
27-03-2026 17:29:49 org.springframework.beans.factory.support.DefaultSingletonBeanRegistry.getSingleton - Creating shared instance of singleton bean 'org.springframework.boot.http.converter.autoconfigure.JacksonHttpMessageConvertersConfiguration'
27-03-2026 17:29:49 org.springframework.beans.factory.support.DefaultSingletonBeanRegistry.getSingleton - Creating shared instance of singleton bean 'org.springframework.boot.http.converter.autoconfigure.Jackson2HttpMessageConvertersConfiguration'
27-03-2026 17:29:49 org.springframework.beans.factory.support.DefaultSingletonBeanRegistry.getSingleton - Creating shared instance of singleton bean 'clientConvertersCustomizer'
27-03-2026 17:29:49 org.springframework.beans.factory.support.DefaultSingletonBeanRegistry.getSingleton - Creating shared instance of singleton bean 'multipartResolver'
27-03-2026 17:29:49 org.springframework.jmx.export.MBeanExporter.afterSingletonsInstantiated - Registering beans for JMX exposure on startup
27-03-2026 17:29:49 org.springframework.jmx.export.MBeanExporter.registerBeans - Auto-detecting user-defined JMX MBeans
27-03-2026 17:29:49 org.springframework.context.support.DefaultLifecycleProcessor$LifecycleGroup.start - Starting beans in phase -2147483647
27-03-2026 17:29:49 org.springframework.context.support.DefaultLifecycleProcessor.doStart - Successfully started bean 'springBootLoggingLifecycle'
27-03-2026 17:29:49 org.springframework.context.support.DefaultLifecycleProcessor$LifecycleGroup.start - Starting beans in phase 1073741823
27-03-2026 17:29:49 org.springframework.context.support.DefaultLifecycleProcessor$LifecycleGroup.start - Starting beans in phase 2147481599
27-03-2026 17:29:49 org.apache.juli.logging.DirectJDKLog.log - Starting ProtocolHandler ["http-nio-8080"]
27-03-2026 17:29:49 org.springframework.boot.tomcat.TomcatWebServer.start - Tomcat started on port 8080 (http) with context path '/'
27-03-2026 17:29:49 org.springframework.context.support.DefaultLifecycleProcessor.doStart - Successfully started bean 'webServerStartStop'
27-03-2026 17:29:49 org.springframework.context.support.DefaultLifecycleProcessor$LifecycleGroup.start - Starting beans in phase 2147482623
27-03-2026 17:29:49 org.springframework.context.support.DefaultLifecycleProcessor.doStart - Successfully started bean 'webServerGracefulShutdown'
27-03-2026 17:29:49 org.springframework.boot.autoconfigure.logging.ConditionEvaluationReportLogger.logReport - 


============================
CONDITIONS EVALUATION REPORT
============================


Positive matches:
-----------------

   AopAutoConfiguration matched:
      - @ConditionalOnBooleanProperty (spring.aop.auto=true) matched (OnPropertyCondition)

   AopAutoConfiguration.ClassProxyingConfiguration matched:
      - @ConditionalOnMissingClass did not find unwanted class 'org.aspectj.weaver.Advice' (OnClassCondition)
      - @ConditionalOnBooleanProperty (spring.aop.proxy-target-class=true) matched (OnPropertyCondition)

   ApplicationAvailabilityAutoConfiguration#applicationAvailability matched:
      - @ConditionalOnMissingBean (types: org.springframework.boot.availability.ApplicationAvailability; SearchStrategy: all) did not find any beans (OnBeanCondition)

   DispatcherServletAutoConfiguration matched:
      - @ConditionalOnClass found required class 'org.springframework.web.servlet.DispatcherServlet' (OnClassCondition)
      - found 'session' scope (OnWebApplicationCondition)

   DispatcherServletAutoConfiguration.DispatcherServletConfiguration matched:
      - @ConditionalOnClass found required class 'jakarta.servlet.ServletRegistration' (OnClassCondition)
      - Default DispatcherServlet did not find dispatcher servlet beans (DispatcherServletAutoConfiguration.DefaultDispatcherServletCondition)

   DispatcherServletAutoConfiguration.DispatcherServletRegistrationConfiguration matched:
      - @ConditionalOnClass found required class 'jakarta.servlet.ServletRegistration' (OnClassCondition)
      - DispatcherServlet Registration did not find servlet registration bean (DispatcherServletAutoConfiguration.DispatcherServletRegistrationCondition)

   DispatcherServletAutoConfiguration.DispatcherServletRegistrationConfiguration#dispatcherServletRegistration matched:
      - @ConditionalOnBean (names: dispatcherServlet types: org.springframework.web.servlet.DispatcherServlet; SearchStrategy: all) found bean 'dispatcherServlet' (OnBeanCondition)

   ErrorMvcAutoConfiguration matched:
      - @ConditionalOnClass found required classes 'jakarta.servlet.Servlet', 'org.springframework.web.servlet.DispatcherServlet' (OnClassCondition)
      - found 'session' scope (OnWebApplicationCondition)

   ErrorMvcAutoConfiguration#basicErrorController matched:
      - @ConditionalOnMissingBean (types: org.springframework.boot.webmvc.error.ErrorController; SearchStrategy: current) did not find any beans (OnBeanCondition)

   ErrorMvcAutoConfiguration#errorAttributes matched:
      - @ConditionalOnMissingBean (types: org.springframework.boot.webmvc.error.ErrorAttributes; SearchStrategy: current) did not find any beans (OnBeanCondition)

   ErrorMvcAutoConfiguration.DefaultErrorViewResolverConfiguration#conventionErrorViewResolver matched:
      - @ConditionalOnBean (types: org.springframework.web.servlet.DispatcherServlet; SearchStrategy: all) found bean 'dispatcherServlet'; @ConditionalOnMissingBean (types: org.springframework.boot.webmvc.autoconfigure.error.ErrorViewResolver; SearchStrategy: all) did not find any beans (OnBeanCondition)

   ErrorMvcAutoConfiguration.WhitelabelErrorViewConfiguration matched:
      - @ConditionalOnBooleanProperty (spring.web.error.whitelabel.enabled=true) matched (OnPropertyCondition)
      - ErrorTemplate Missing did not find error template view (ErrorMvcAutoConfiguration.ErrorTemplateMissingCondition)

   ErrorMvcAutoConfiguration.WhitelabelErrorViewConfiguration#beanNameViewResolver matched:
      - @ConditionalOnMissingBean (types: org.springframework.web.servlet.view.BeanNameViewResolver; SearchStrategy: all) did not find any beans (OnBeanCondition)

   ErrorMvcAutoConfiguration.WhitelabelErrorViewConfiguration#defaultErrorView matched:
      - @ConditionalOnMissingBean (names: error; SearchStrategy: all) did not find any beans (OnBeanCondition)

   HttpEncodingAutoConfiguration matched:
      - @ConditionalOnClass found required class 'org.springframework.web.filter.CharacterEncodingFilter' (OnClassCondition)
      - found 'session' scope (OnWebApplicationCondition)
      - @ConditionalOnBooleanProperty (spring.servlet.encoding.enabled=true) matched (OnPropertyCondition)

   HttpEncodingAutoConfiguration#characterEncodingFilter matched:
      - @ConditionalOnMissingBean (types: org.springframework.web.filter.CharacterEncodingFilter; SearchStrategy: all) did not find any beans (OnBeanCondition)

   HttpMessageConvertersAutoConfiguration matched:
      - @ConditionalOnClass found required class 'org.springframework.http.converter.HttpMessageConverter' (OnClassCondition)
      - NoneNestedConditions 0 matched 1 did not; NestedCondition on HttpMessageConvertersAutoConfiguration.NotReactiveWebApplicationCondition.ReactiveWebApplication did not find reactive web application classes (HttpMessageConvertersAutoConfiguration.NotReactiveWebApplicationCondition)

   HttpMessageConvertersAutoConfiguration.StringHttpMessageConverterConfiguration#stringHttpMessageConvertersCustomizer matched:
      - @ConditionalOnMissingBean (types: org.springframework.http.converter.StringHttpMessageConverter; SearchStrategy: all) did not find any beans (OnBeanCondition)

   JacksonAutoConfiguration matched:
      - @ConditionalOnClass found required class 'tools.jackson.databind.json.JsonMapper' (OnClassCondition)

   JacksonAutoConfiguration#jacksonJsonMapper matched:
      - @ConditionalOnMissingBean (types: tools.jackson.databind.json.JsonMapper; SearchStrategy: all) did not find any beans (OnBeanCondition)

   JacksonAutoConfiguration#jsonMapperBuilder matched:
      - @ConditionalOnMissingBean (types: tools.jackson.databind.json.JsonMapper$Builder; SearchStrategy: all) did not find any beans (OnBeanCondition)

   JacksonAutoConfiguration.JsonProblemDetailsConfiguration matched:
      - @ConditionalOnClass found required class 'org.springframework.http.ProblemDetail' (OnClassCondition)

   JacksonHttpMessageConvertersConfiguration.JacksonJsonHttpMessageConverterConfiguration matched:
      - @ConditionalOnClass found required class 'tools.jackson.databind.json.JsonMapper' (OnClassCondition)
      - @ConditionalOnProperty (spring.http.converters.preferred-json-mapper=jackson) matched (OnPropertyCondition)
      - @ConditionalOnBean (types: tools.jackson.databind.json.JsonMapper; SearchStrategy: all) found bean 'jacksonJsonMapper' (OnBeanCondition)

   JacksonHttpMessageConvertersConfiguration.JacksonJsonHttpMessageConverterConfiguration#jacksonJsonHttpMessageConvertersCustomizer matched:
      - @ConditionalOnMissingBean (types: org.springframework.http.converter.json.JacksonJsonHttpMessageConverter ignored: org.springframework.hateoas.server.mvc.TypeConstrainedJacksonJsonHttpMessageConverter,org.springframework.data.rest.webmvc.alps.AlpsJacksonJsonHttpMessageConverter; SearchStrategy: all) did not find any beans (OnBeanCondition)

   JmxAutoConfiguration matched:
      - @ConditionalOnClass found required class 'org.springframework.jmx.export.MBeanExporter' (OnClassCondition)
      - @ConditionalOnBooleanProperty (spring.jmx.enabled=true) matched (OnPropertyCondition)

   JmxAutoConfiguration#mbeanExporter matched:
      - @ConditionalOnMissingBean (types: org.springframework.jmx.export.MBeanExporter; SearchStrategy: current) did not find any beans (OnBeanCondition)

   JmxAutoConfiguration#mbeanServer matched:
      - @ConditionalOnMissingBean (types: javax.management.MBeanServer; SearchStrategy: all) did not find any beans (OnBeanCondition)

   JmxAutoConfiguration#objectNamingStrategy matched:
      - @ConditionalOnMissingBean (types: org.springframework.jmx.export.naming.ObjectNamingStrategy; SearchStrategy: current) did not find any beans (OnBeanCondition)

   LifecycleAutoConfiguration#defaultLifecycleProcessor matched:
      - @ConditionalOnMissingBean (names: lifecycleProcessor; SearchStrategy: current) did not find any beans (OnBeanCondition)

   MultipartAutoConfiguration matched:
      - @ConditionalOnClass found required classes 'jakarta.servlet.Servlet', 'org.springframework.web.multipart.support.StandardServletMultipartResolver', 'jakarta.servlet.MultipartConfigElement' (OnClassCondition)
      - found 'session' scope (OnWebApplicationCondition)
      - @ConditionalOnBooleanProperty (spring.servlet.multipart.enabled=true) matched (OnPropertyCondition)

   MultipartAutoConfiguration#multipartConfigElement matched:
      - @ConditionalOnMissingBean (types: jakarta.servlet.MultipartConfigElement; SearchStrategy: all) did not find any beans (OnBeanCondition)

   MultipartAutoConfiguration#multipartResolver matched:
      - @ConditionalOnMissingBean (types: org.springframework.web.multipart.MultipartResolver; SearchStrategy: all) did not find any beans (OnBeanCondition)

   PropertyPlaceholderAutoConfiguration#propertySourcesPlaceholderConfigurer matched:
      - @ConditionalOnMissingBean (types: org.springframework.context.support.PropertySourcesPlaceholderConfigurer; SearchStrategy: current) did not find any beans (OnBeanCondition)

   SpringApplicationAdminJmxAutoConfiguration matched:
      - @ConditionalOnBooleanProperty (spring.application.admin.enabled=true) matched (OnPropertyCondition)

   SpringApplicationAdminJmxAutoConfiguration#springApplicationAdminRegistrar matched:
      - @ConditionalOnMissingBean (types: org.springframework.boot.admin.SpringApplicationAdminMXBeanRegistrar; SearchStrategy: all) did not find any beans (OnBeanCondition)

   SslAutoConfiguration#sslBundleRegistry matched:
      - @ConditionalOnMissingBean (types: org.springframework.boot.ssl.SslBundleRegistry,org.springframework.boot.ssl.SslBundles; SearchStrategy: all) did not find any beans (OnBeanCondition)

   TaskExecutionAutoConfiguration matched:
      - @ConditionalOnClass found required class 'org.springframework.scheduling.concurrent.ThreadPoolTaskExecutor' (OnClassCondition)

   TaskExecutorConfigurations.AsyncConfigurerConfiguration matched:
      - @ConditionalOnMissingBean (types: org.springframework.scheduling.annotation.AsyncConfigurer; SearchStrategy: all) did not find any beans (OnBeanCondition)

   TaskExecutorConfigurations.SimpleAsyncTaskExecutorBuilderConfiguration#simpleAsyncTaskExecutorBuilder matched:
      - @ConditionalOnMissingBean (types: org.springframework.boot.task.SimpleAsyncTaskExecutorBuilder; SearchStrategy: all) did not find any beans (OnBeanCondition)
      - @ConditionalOnThreading found PLATFORM (OnThreadingCondition)

   TaskExecutorConfigurations.TaskExecutorConfiguration matched:
      - AnyNestedCondition 1 matched 1 did not; NestedCondition on TaskExecutorConfigurations.OnExecutorCondition.ModelCondition @ConditionalOnProperty (spring.task.execution.mode=force) did not find property 'spring.task.execution.mode'; NestedCondition on TaskExecutorConfigurations.OnExecutorCondition.ExecutorBeanCondition @ConditionalOnMissingBean (types: java.util.concurrent.Executor; SearchStrategy: all) did not find any beans (TaskExecutorConfigurations.OnExecutorCondition)

   TaskExecutorConfigurations.TaskExecutorConfiguration#applicationTaskExecutor matched:
      - @ConditionalOnThreading found PLATFORM (OnThreadingCondition)

   TaskExecutorConfigurations.ThreadPoolTaskExecutorBuilderConfiguration#threadPoolTaskExecutorBuilder matched:
      - @ConditionalOnMissingBean (types: org.springframework.boot.task.ThreadPoolTaskExecutorBuilder; SearchStrategy: all) did not find any beans (OnBeanCondition)

   TaskSchedulingAutoConfiguration matched:
      - @ConditionalOnClass found required class 'org.springframework.scheduling.concurrent.ThreadPoolTaskScheduler' (OnClassCondition)

   TaskSchedulingConfigurations.SimpleAsyncTaskSchedulerBuilderConfiguration#simpleAsyncTaskSchedulerBuilder matched:
      - @ConditionalOnMissingBean (types: org.springframework.boot.task.SimpleAsyncTaskSchedulerBuilder; SearchStrategy: all) did not find any beans (OnBeanCondition)
      - @ConditionalOnThreading found PLATFORM (OnThreadingCondition)

   TaskSchedulingConfigurations.ThreadPoolTaskSchedulerBuilderConfiguration#threadPoolTaskSchedulerBuilder matched:
      - @ConditionalOnMissingBean (types: org.springframework.boot.task.ThreadPoolTaskSchedulerBuilder; SearchStrategy: all) did not find any beans (OnBeanCondition)

   TomcatServletWebServerAutoConfiguration matched:
      - @ConditionalOnClass found required classes 'jakarta.servlet.ServletRequest', 'org.apache.catalina.startup.Tomcat', 'org.apache.coyote.UpgradeProtocol', 'org.springframework.boot.tomcat.servlet.TomcatServletWebServerFactory' (OnClassCondition)
      - found 'session' scope (OnWebApplicationCondition)

   TomcatServletWebServerAutoConfiguration#tomcatServletWebServerFactory matched:
      - @ConditionalOnMissingBean (types: org.springframework.boot.web.server.servlet.ServletWebServerFactory; SearchStrategy: current) did not find any beans (OnBeanCondition)

   TomcatWebServerConfiguration matched:
      - @ConditionalOnWarDeployment the application is not deployed as a WAR file. (OnWarDeploymentCondition)

   TomcatWebServerConfiguration.TomcatWebSocketConfiguration matched:
      - @ConditionalOnClass found required class 'org.apache.tomcat.websocket.server.WsSci' (OnClassCondition)

   WebMvcAutoConfiguration matched:
      - @ConditionalOnClass found required classes 'jakarta.servlet.Servlet', 'org.springframework.web.servlet.DispatcherServlet', 'org.springframework.web.servlet.config.annotation.WebMvcConfigurer' (OnClassCondition)
      - found 'session' scope (OnWebApplicationCondition)
      - @ConditionalOnMissingBean (types: org.springframework.web.servlet.config.annotation.WebMvcConfigurationSupport; SearchStrategy: all) did not find any beans (OnBeanCondition)

   WebMvcAutoConfiguration#formContentFilter matched:
      - @ConditionalOnBooleanProperty (spring.mvc.formcontent.filter.enabled=true) matched (OnPropertyCondition)
      - @ConditionalOnMissingBean (types: org.springframework.web.filter.FormContentFilter; SearchStrategy: all) did not find any beans (OnBeanCondition)

   WebMvcAutoConfiguration.EnableWebMvcConfiguration#flashMapManager matched:
      - @ConditionalOnMissingBean (names: flashMapManager; SearchStrategy: all) did not find any beans (OnBeanCondition)

   WebMvcAutoConfiguration.EnableWebMvcConfiguration#localeResolver matched:
      - @ConditionalOnMissingBean (names: localeResolver; SearchStrategy: all) did not find any beans (OnBeanCondition)

   WebMvcAutoConfiguration.EnableWebMvcConfiguration#viewNameTranslator matched:
      - @ConditionalOnMissingBean (names: viewNameTranslator; SearchStrategy: all) did not find any beans (OnBeanCondition)

   WebMvcAutoConfiguration.WebMvcAutoConfigurationAdapter#defaultViewResolver matched:
      - @ConditionalOnMissingBean (types: org.springframework.web.servlet.view.InternalResourceViewResolver; SearchStrategy: all) did not find any beans (OnBeanCondition)

   WebMvcAutoConfiguration.WebMvcAutoConfigurationAdapter#requestContextFilter matched:
      - @ConditionalOnMissingBean (types: org.springframework.web.context.request.RequestContextListener,org.springframework.web.filter.RequestContextFilter; SearchStrategy: all) did not find any beans (OnBeanCondition)

   WebMvcAutoConfiguration.WebMvcAutoConfigurationAdapter#viewResolver matched:
      - @ConditionalOnBean (types: org.springframework.web.servlet.ViewResolver; SearchStrategy: all) found beans 'defaultViewResolver', 'beanNameViewResolver', 'mvcViewResolver'; @ConditionalOnMissingBean (names: viewResolver types: org.springframework.web.servlet.view.ContentNegotiatingViewResolver; SearchStrategy: all) did not find any beans (OnBeanCondition)


Negative matches:
-----------------

   AopAutoConfiguration.AspectJAutoProxyingConfiguration:
      Did not match:
         - @ConditionalOnClass did not find required class 'org.aspectj.weaver.Advice' (OnClassCondition)

   DispatcherServletAutoConfiguration.DispatcherServletConfiguration#multipartResolver:
      Did not match:
         - @ConditionalOnBean (types: org.springframework.web.multipart.MultipartResolver; SearchStrategy: all) did not find any beans of type org.springframework.web.multipart.MultipartResolver (OnBeanCondition)

   GsonHttpMessageConvertersConfiguration:
      Did not match:
         - @ConditionalOnClass did not find required class 'com.google.gson.Gson' (OnClassCondition)

   Jackson2HttpMessageConvertersConfiguration.MappingJackson2HttpMessageConverterConfiguration:
      Did not match:
         - @ConditionalOnClass did not find required class 'com.fasterxml.jackson.databind.ObjectMapper' (OnClassCondition)

   Jackson2HttpMessageConvertersConfiguration.MappingJackson2XmlHttpMessageConverterConfiguration:
      Did not match:
         - @ConditionalOnClass did not find required class 'com.fasterxml.jackson.dataformat.xml.XmlMapper' (OnClassCondition)

   JacksonAutoConfiguration.CborConfiguration:
      Did not match:
         - @ConditionalOnClass did not find required class 'tools.jackson.dataformat.cbor.CBORMapper' (OnClassCondition)

   JacksonAutoConfiguration.XmlConfiguration:
      Did not match:
         - @ConditionalOnClass did not find required class 'tools.jackson.dataformat.xml.XmlMapper' (OnClassCondition)

   JacksonHttpMessageConvertersConfiguration.JacksonXmlHttpMessageConverterConfiguration:
      Did not match:
         - @ConditionalOnClass did not find required class 'tools.jackson.dataformat.xml.XmlMapper' (OnClassCondition)

   JsonbHttpMessageConvertersConfiguration:
      Did not match:
         - @ConditionalOnClass did not find required class 'jakarta.json.bind.Jsonb' (OnClassCondition)

   KotlinSerializationHttpMessageConvertersConfiguration:
      Did not match:
         - @ConditionalOnClass did not find required classes 'kotlinx.serialization.Serializable', 'kotlinx.serialization.json.Json' (OnClassCondition)

   MessageSourceAutoConfiguration:
      Did not match:
         - ResourceBundle did not find bundle with basename messages (MessageSourceAutoConfiguration.ResourceBundleCondition)

   ProjectInfoAutoConfiguration#buildProperties:
      Did not match:
         - @ConditionalOnResource did not find resource '${spring.info.build.location:classpath:META-INF/build-info.properties}' (OnResourceCondition)

   ProjectInfoAutoConfiguration#gitProperties:
      Did not match:
         - GitResource did not find git info at classpath:git.properties (ProjectInfoAutoConfiguration.GitResourceAvailableCondition)

   ServletHttpExchangesAutoConfiguration:
      Did not match:
         - @ConditionalOnBean did not find required type 'org.springframework.boot.actuate.web.exchanges.HttpExchangeRepository' (OnBeanCondition)

   ServletManagementContextAutoConfiguration:
      Did not match:
         - @ConditionalOnClass did not find required class 'org.springframework.boot.actuate.autoconfigure.endpoint.web.WebEndpointProperties' (OnClassCondition)

   ServletMappingsAutoConfiguration:
      Did not match:
         - @ConditionalOnClass did not find required class 'org.springframework.boot.actuate.autoconfigure.endpoint.condition.ConditionalOnAvailableEndpoint' (OnClassCondition)

   ServletWebServerConfiguration#forwardedHeaderFilter:
      Did not match:
         - @ConditionalOnProperty (server.forward-headers-strategy=framework) did not find property 'server.forward-headers-strategy' (OnPropertyCondition)

   TaskExecutorConfigurations.AsyncConfigurerWrapperConfiguration:
      Did not match:
         - @ConditionalOnBean (types: org.springframework.scheduling.annotation.AsyncConfigurer; SearchStrategy: all) did not find any beans of type org.springframework.scheduling.annotation.AsyncConfigurer (OnBeanCondition)

   TaskExecutorConfigurations.SimpleAsyncTaskExecutorBuilderConfiguration#simpleAsyncTaskExecutorBuilderVirtualThreads:
      Did not match:
         - @ConditionalOnMissingBean (types: org.springframework.boot.task.SimpleAsyncTaskExecutorBuilder; SearchStrategy: all) found beans of type 'org.springframework.boot.task.SimpleAsyncTaskExecutorBuilder' simpleAsyncTaskExecutorBuilder (OnBeanCondition)

   TaskExecutorConfigurations.TaskExecutorConfiguration#applicationTaskExecutorVirtualThreads:
      Did not match:
         - @ConditionalOnThreading did not find VIRTUAL (OnThreadingCondition)

   TaskSchedulingAutoConfiguration#scheduledBeanLazyInitializationExcludeFilter:
      Did not match:
         - @ConditionalOnBean (names: org.springframework.scheduling.config.internalScheduledAnnotationProcessor; SearchStrategy: all) did not find any beans named org.springframework.scheduling.config.internalScheduledAnnotationProcessor (OnBeanCondition)

   TaskSchedulingConfigurations.SimpleAsyncTaskSchedulerBuilderConfiguration#simpleAsyncTaskSchedulerBuilderVirtualThreads:
      Did not match:
         - @ConditionalOnMissingBean (types: org.springframework.boot.task.SimpleAsyncTaskSchedulerBuilder; SearchStrategy: all) found beans of type 'org.springframework.boot.task.SimpleAsyncTaskSchedulerBuilder' simpleAsyncTaskSchedulerBuilder (OnBeanCondition)

   TaskSchedulingConfigurations.TaskSchedulerConfiguration:
      Did not match:
         - @ConditionalOnBean (names: org.springframework.scheduling.config.internalScheduledAnnotationProcessor; SearchStrategy: all) did not find any beans named org.springframework.scheduling.config.internalScheduledAnnotationProcessor (OnBeanCondition)

   TomcatMetricsAutoConfiguration:
      Did not match:
         - @ConditionalOnClass did not find required class 'io.micrometer.core.instrument.binder.tomcat.TomcatMetrics' (OnClassCondition)

   TomcatReactiveManagementContextAutoConfiguration:
      Did not match:
         - @ConditionalOnClass did not find required class 'org.springframework.boot.actuate.autoconfigure.web.server.ManagementContextFactory' (OnClassCondition)

   TomcatReactiveWebServerAutoConfiguration:
      Did not match:
         - @ConditionalOnWebApplication did not find reactive web application classes (OnWebApplicationCondition)

   TomcatServletManagementContextAutoConfiguration:
      Did not match:
         - @ConditionalOnClass did not find required class 'org.springframework.boot.actuate.autoconfigure.web.server.ManagementContextFactory' (OnClassCondition)

   TomcatServletWebServerAutoConfiguration#tomcatForwardedHeaderFilterCustomizer:
      Did not match:
         - @ConditionalOnProperty (server.forward-headers-strategy=framework) did not find property 'server.forward-headers-strategy' (OnPropertyCondition)

   TomcatWebServerConfiguration#tomcatVirtualThreadsProtocolHandlerCustomizer:
      Did not match:
         - @ConditionalOnThreading did not find VIRTUAL (OnThreadingCondition)

   WebMvcAutoConfiguration#hiddenHttpMethodFilter:
      Did not match:
         - @ConditionalOnBooleanProperty (spring.mvc.hiddenmethod.filter.enabled=true) did not find property 'spring.mvc.hiddenmethod.filter.enabled' (OnPropertyCondition)

   WebMvcAutoConfiguration.ProblemDetailsErrorHandlingConfiguration:
      Did not match:
         - @ConditionalOnBooleanProperty (spring.mvc.problemdetails.enabled=true) did not find property 'spring.mvc.problemdetails.enabled' (OnPropertyCondition)

   WebMvcAutoConfiguration.ResourceChainCustomizerConfiguration:
      Did not match:
         - @ConditionalOnEnabledResourceChain did not find class org.webjars.WebJarVersionLocator (OnEnabledResourceChainCondition)

   WebMvcAutoConfiguration.WebMvcAutoConfigurationAdapter#beanNameViewResolver:
      Did not match:
         - @ConditionalOnMissingBean (types: org.springframework.web.servlet.view.BeanNameViewResolver; SearchStrategy: all) found beans of type 'org.springframework.web.servlet.view.BeanNameViewResolver' beanNameViewResolver (OnBeanCondition)

   WebMvcHealthEndpointExtensionAutoConfiguration:
      Did not match:
         - @ConditionalOnClass did not find required class 'org.springframework.boot.health.actuate.endpoint.HealthEndpoint' (OnClassCondition)

   WebMvcMappingsAutoConfiguration:
      Did not match:
         - @ConditionalOnClass did not find required class 'org.springframework.boot.actuate.autoconfigure.endpoint.condition.ConditionalOnAvailableEndpoint' (OnClassCondition)

   WebMvcObservationAutoConfiguration:
      Did not match:
         - @ConditionalOnClass did not find required class 'org.springframework.boot.micrometer.observation.autoconfigure.ObservationProperties' (OnClassCondition)


Exclusions:
-----------

    None


Unconditional classes:
----------------------

    org.springframework.boot.autoconfigure.context.ConfigurationPropertiesAutoConfiguration

    org.springframework.boot.autoconfigure.ssl.SslAutoConfiguration

    org.springframework.boot.autoconfigure.context.LifecycleAutoConfiguration

    org.springframework.boot.autoconfigure.context.PropertyPlaceholderAutoConfiguration

    org.springframework.boot.autoconfigure.availability.ApplicationAvailabilityAutoConfiguration

    org.springframework.boot.autoconfigure.info.ProjectInfoAutoConfiguration



27-03-2026 17:29:49 org.springframework.boot.StartupInfoLogger.logStarted - Started MicdlEtlApplication in 1.682 seconds (process running for 2.459)
27-03-2026 17:29:49 org.springframework.boot.availability.ApplicationAvailabilityBean.onApplicationEvent - Application availability state LivenessState changed to CORRECT
27-03-2026 17:29:49 org.springframework.boot.availability.ApplicationAvailabilityBean.onApplicationEvent - Application availability state ReadinessState changed to ACCEPTING_TRAFFIC
27-03-2026 17:31:47 org.springframework.boot.admin.SpringApplicationAdminMXBeanRegistrar$SpringApplicationAdmin.shutdown - Application shutdown requested.
27-03-2026 17:31:47 org.springframework.boot.availability.ApplicationAvailabilityBean.onApplicationEvent - Application availability state ReadinessState changed from ACCEPTING_TRAFFIC to REFUSING_TRAFFIC
27-03-2026 17:31:47 org.springframework.context.support.AbstractApplicationContext.doClose - Closing org.springframework.boot.web.server.servlet.context.AnnotationConfigServletWebServerApplicationContext@67427b69, started on Fri Mar 27 17:29:48 CET 2026
27-03-2026 17:31:47 org.springframework.context.support.DefaultLifecycleProcessor$LifecycleGroup.stop - Stopping beans in phase 2147482623
27-03-2026 17:31:47 org.springframework.boot.tomcat.GracefulShutdown.shutDownGracefully - Commencing graceful shutdown. Waiting for active requests to complete
27-03-2026 17:31:47 org.apache.juli.logging.DirectJDKLog.log - Pausing ProtocolHandler ["http-nio-8080"]
27-03-2026 17:31:47 org.springframework.boot.tomcat.GracefulShutdown.doShutdown - Graceful shutdown complete
27-03-2026 17:31:47 org.springframework.context.support.DefaultLifecycleProcessor.lambda$doStop$0 - Bean 'webServerGracefulShutdown' completed its stop procedure
27-03-2026 17:31:47 org.springframework.context.support.DefaultLifecycleProcessor$LifecycleGroup.stop - Stopping beans in phase 2147481599
27-03-2026 17:31:47 org.apache.juli.logging.DirectJDKLog.log - Stopping ProtocolHandler ["http-nio-8080"]
27-03-2026 17:31:47 org.springframework.context.support.DefaultLifecycleProcessor.lambda$doStop$0 - Bean 'webServerStartStop' completed its stop procedure
27-03-2026 17:31:47 org.springframework.context.support.DefaultLifecycleProcessor$LifecycleGroup.stop - Stopping beans in phase 1073741823
27-03-2026 17:31:47 org.springframework.context.support.DefaultLifecycleProcessor.lambda$doStop$0 - Bean 'applicationTaskExecutor' completed its stop procedure
27-03-2026 17:31:47 org.springframework.context.support.DefaultLifecycleProcessor$LifecycleGroup.stop - Stopping beans in phase -2147483647
27-03-2026 17:31:47 org.springframework.context.support.DefaultLifecycleProcessor.lambda$doStop$0 - Bean 'springBootLoggingLifecycle' completed its stop procedure
27-03-2026 17:31:47 org.springframework.jmx.export.MBeanExporter.destroy - Unregistering JMX-exposed beans on shutdown
27-03-2026 17:31:47 org.springframework.scheduling.concurrent.ExecutorConfigurationSupport.shutdown - Shutting down ExecutorService 'applicationTaskExecutor'
27-03-2026 17:31:55 org.springframework.boot.StartupInfoLogger.logStarting - Starting MicdlEtlApplication using Java 21.0.9 with PID 11236 (C:\Users\biagi\OneDrive\Documents\sts_workspace_etl\micdl-etl\target\classes started by biagi in C:\Users\biagi\OneDrive\Documents\sts_workspace_etl\micdl-etl)
27-03-2026 17:31:55 org.springframework.boot.StartupInfoLogger.logStarting - Running with Spring Boot v4.0.5, Spring v7.0.6
27-03-2026 17:31:55 org.springframework.boot.SpringApplication.logStartupProfileInfo - No active profile set, falling back to 1 default profile: "default"
27-03-2026 17:31:55 org.springframework.boot.SpringApplication.load - Loading source class it.almaviva.mic.etl.MicdlEtlApplication
27-03-2026 17:31:55 org.springframework.context.support.AbstractApplicationContext.prepareRefresh - Refreshing org.springframework.boot.web.server.servlet.context.AnnotationConfigServletWebServerApplicationContext@724bade8
27-03-2026 17:31:55 org.springframework.beans.factory.support.DefaultSingletonBeanRegistry.getSingleton - Creating shared instance of singleton bean 'org.springframework.context.annotation.internalConfigurationAnnotationProcessor'
27-03-2026 17:31:55 org.springframework.beans.factory.support.DefaultSingletonBeanRegistry.getSingleton - Creating shared instance of singleton bean 'org.springframework.boot.autoconfigure.internalCachingMetadataReaderFactory'
27-03-2026 17:31:55 org.springframework.context.annotation.ClassPathScanningCandidateComponentProvider.scanCandidateComponents - Identified candidate component class: file [C:\Users\biagi\OneDrive\Documents\sts_workspace_etl\micdl-etl\target\classes\it\almaviva\mic\etl\controller\CaricamentoDatiController.class]
27-03-2026 17:31:55 org.springframework.beans.factory.support.DefaultSingletonBeanRegistry.getSingleton - Creating shared instance of singleton bean 'propertySourcesPlaceholderConfigurer'
27-03-2026 17:31:55 org.springframework.beans.factory.support.DefaultSingletonBeanRegistry.getSingleton - Creating shared instance of singleton bean 'org.springframework.context.event.internalEventListenerProcessor'
27-03-2026 17:31:55 org.springframework.beans.factory.support.DefaultSingletonBeanRegistry.getSingleton - Creating shared instance of singleton bean 'bootstrapExecutorAliasPostProcessor'
27-03-2026 17:31:55 org.springframework.beans.factory.support.DefaultSingletonBeanRegistry.getSingleton - Creating shared instance of singleton bean 'preserveErrorControllerTargetClassPostProcessor'
27-03-2026 17:31:55 org.springframework.beans.factory.support.DefaultSingletonBeanRegistry.getSingleton - Creating shared instance of singleton bean 'forceAutoProxyCreatorToUseClassProxying'
27-03-2026 17:31:55 org.springframework.beans.factory.support.DefaultSingletonBeanRegistry.getSingleton - Creating shared instance of singleton bean 'org.springframework.context.event.internalEventListenerFactory'
27-03-2026 17:31:56 org.springframework.beans.factory.support.DefaultSingletonBeanRegistry.getSingleton - Creating shared instance of singleton bean 'org.springframework.context.annotation.internalAutowiredAnnotationProcessor'
27-03-2026 17:31:56 org.springframework.beans.factory.support.DefaultSingletonBeanRegistry.getSingleton - Creating shared instance of singleton bean 'org.springframework.context.annotation.internalCommonAnnotationProcessor'
27-03-2026 17:31:56 org.springframework.beans.factory.support.DefaultSingletonBeanRegistry.getSingleton - Creating shared instance of singleton bean 'org.springframework.boot.context.properties.ConfigurationPropertiesBindingPostProcessor'
27-03-2026 17:31:56 org.springframework.beans.factory.support.DefaultSingletonBeanRegistry.getSingleton - Creating shared instance of singleton bean 'org.springframework.boot.context.internalConfigurationPropertiesBinder'
27-03-2026 17:31:56 org.springframework.beans.factory.support.DefaultSingletonBeanRegistry.getSingleton - Creating shared instance of singleton bean 'org.springframework.aop.config.internalAutoProxyCreator'
27-03-2026 17:31:56 org.springframework.beans.factory.support.DefaultSingletonBeanRegistry.getSingleton - Creating shared instance of singleton bean 'org.springframework.aop.framework.autoproxy.defaultProxyConfig'
27-03-2026 17:31:56 org.springframework.beans.factory.support.DefaultSingletonBeanRegistry.getSingleton - Creating shared instance of singleton bean 'webServerFactoryCustomizerBeanPostProcessor'
27-03-2026 17:31:56 org.springframework.beans.factory.support.DefaultSingletonBeanRegistry.getSingleton - Creating shared instance of singleton bean 'errorPageRegistrarBeanPostProcessor'
27-03-2026 17:31:56 org.springframework.beans.factory.support.DefaultSingletonBeanRegistry.getSingleton - Creating shared instance of singleton bean 'tomcatServletWebServerFactory'
27-03-2026 17:31:56 org.springframework.beans.factory.support.DefaultSingletonBeanRegistry.getSingleton - Creating shared instance of singleton bean 'org.springframework.boot.tomcat.autoconfigure.servlet.TomcatServletWebServerAutoConfiguration'
27-03-2026 17:31:56 org.springframework.beans.factory.support.DefaultSingletonBeanRegistry.getSingleton - Creating shared instance of singleton bean 'server.tomcat-org.springframework.boot.tomcat.autoconfigure.TomcatServerProperties'
27-03-2026 17:31:56 org.springframework.beans.factory.support.DefaultSingletonBeanRegistry.getSingleton - Creating shared instance of singleton bean 'org.springframework.boot.context.properties.BoundConfigurationProperties'
27-03-2026 17:31:56 org.springframework.beans.factory.support.ConstructorResolver.registerDependentBeans - Autowiring by type from bean name 'org.springframework.boot.tomcat.autoconfigure.servlet.TomcatServletWebServerAutoConfiguration' via constructor to bean named 'server.tomcat-org.springframework.boot.tomcat.autoconfigure.TomcatServerProperties'
27-03-2026 17:31:56 org.springframework.beans.factory.support.DefaultSingletonBeanRegistry.getSingleton - Creating shared instance of singleton bean 'servletWebServerFactoryCustomizer'
27-03-2026 17:31:56 org.springframework.beans.factory.support.DefaultSingletonBeanRegistry.getSingleton - Creating shared instance of singleton bean 'org.springframework.boot.web.server.autoconfigure.servlet.ServletWebServerConfiguration'
27-03-2026 17:31:56 org.springframework.beans.factory.support.DefaultSingletonBeanRegistry.getSingleton - Creating shared instance of singleton bean 'server-org.springframework.boot.web.server.autoconfigure.ServerProperties'
27-03-2026 17:31:56 org.springframework.beans.factory.support.ConstructorResolver.registerDependentBeans - Autowiring by type from bean name 'servletWebServerFactoryCustomizer' via factory method to bean named 'server-org.springframework.boot.web.server.autoconfigure.ServerProperties'
27-03-2026 17:31:56 org.springframework.beans.factory.support.DefaultSingletonBeanRegistry.getSingleton - Creating shared instance of singleton bean 'sslBundleRegistry'
27-03-2026 17:31:56 org.springframework.beans.factory.support.DefaultSingletonBeanRegistry.getSingleton - Creating shared instance of singleton bean 'org.springframework.boot.autoconfigure.ssl.SslAutoConfiguration'
27-03-2026 17:31:56 org.springframework.beans.factory.support.DefaultSingletonBeanRegistry.getSingleton - Creating shared instance of singleton bean 'spring.ssl-org.springframework.boot.autoconfigure.ssl.SslProperties'
27-03-2026 17:31:56 org.springframework.beans.factory.support.ConstructorResolver.registerDependentBeans - Autowiring by type from bean name 'org.springframework.boot.autoconfigure.ssl.SslAutoConfiguration' via constructor to bean named 'org.springframework.boot.web.server.servlet.context.AnnotationConfigServletWebServerApplicationContext@724bade8'
27-03-2026 17:31:56 org.springframework.beans.factory.support.ConstructorResolver.registerDependentBeans - Autowiring by type from bean name 'org.springframework.boot.autoconfigure.ssl.SslAutoConfiguration' via constructor to bean named 'spring.ssl-org.springframework.boot.autoconfigure.ssl.SslProperties'
27-03-2026 17:31:56 org.springframework.beans.factory.support.DefaultSingletonBeanRegistry.getSingleton - Creating shared instance of singleton bean 'sslPropertiesSslBundleRegistrar'
27-03-2026 17:31:56 org.springframework.beans.factory.support.DefaultSingletonBeanRegistry.getSingleton - Creating shared instance of singleton bean 'fileWatcher'
27-03-2026 17:31:56 org.springframework.beans.factory.support.ConstructorResolver.registerDependentBeans - Autowiring by type from bean name 'sslPropertiesSslBundleRegistrar' via factory method to bean named 'fileWatcher'
27-03-2026 17:31:56 org.springframework.beans.factory.support.DefaultSingletonBeanRegistry.getSingleton - Creating shared instance of singleton bean 'webSocketWebServerCustomizer'
27-03-2026 17:31:56 org.springframework.beans.factory.support.DefaultSingletonBeanRegistry.getSingleton - Creating shared instance of singleton bean 'org.springframework.boot.tomcat.autoconfigure.TomcatWebServerConfiguration$TomcatWebSocketConfiguration'
27-03-2026 17:31:56 org.springframework.beans.factory.support.DefaultSingletonBeanRegistry.getSingleton - Creating shared instance of singleton bean 'tomcatWebServerFactoryCustomizer'
27-03-2026 17:31:56 org.springframework.beans.factory.support.DefaultSingletonBeanRegistry.getSingleton - Creating shared instance of singleton bean 'org.springframework.boot.tomcat.autoconfigure.TomcatWebServerConfiguration'
27-03-2026 17:31:56 org.springframework.beans.factory.support.DefaultSingletonBeanRegistry.getSingleton - Creating shared instance of singleton bean 'spring.web-org.springframework.boot.autoconfigure.web.WebProperties'
27-03-2026 17:31:56 org.springframework.beans.factory.support.ConstructorResolver.registerDependentBeans - Autowiring by type from bean name 'tomcatWebServerFactoryCustomizer' via factory method to bean named 'environment'
27-03-2026 17:31:56 org.springframework.beans.factory.support.ConstructorResolver.registerDependentBeans - Autowiring by type from bean name 'tomcatWebServerFactoryCustomizer' via factory method to bean named 'server-org.springframework.boot.web.server.autoconfigure.ServerProperties'
27-03-2026 17:31:56 org.springframework.beans.factory.support.ConstructorResolver.registerDependentBeans - Autowiring by type from bean name 'tomcatWebServerFactoryCustomizer' via factory method to bean named 'server.tomcat-org.springframework.boot.tomcat.autoconfigure.TomcatServerProperties'
27-03-2026 17:31:56 org.springframework.beans.factory.support.ConstructorResolver.registerDependentBeans - Autowiring by type from bean name 'tomcatWebServerFactoryCustomizer' via factory method to bean named 'spring.web-org.springframework.boot.autoconfigure.web.WebProperties'
27-03-2026 17:31:56 org.springframework.beans.factory.support.DefaultSingletonBeanRegistry.getSingleton - Creating shared instance of singleton bean 'tomcatServletWebServerFactoryCustomizer'
27-03-2026 17:31:56 org.springframework.beans.factory.support.ConstructorResolver.registerDependentBeans - Autowiring by type from bean name 'tomcatServletWebServerFactoryCustomizer' via factory method to bean named 'server.tomcat-org.springframework.boot.tomcat.autoconfigure.TomcatServerProperties'
27-03-2026 17:31:56 org.springframework.beans.factory.support.DefaultSingletonBeanRegistry.getSingleton - Creating shared instance of singleton bean 'errorPageCustomizer'
27-03-2026 17:31:56 org.springframework.beans.factory.support.DefaultSingletonBeanRegistry.getSingleton - Creating shared instance of singleton bean 'org.springframework.boot.webmvc.autoconfigure.error.ErrorMvcAutoConfiguration'
27-03-2026 17:31:56 org.springframework.beans.factory.support.ConstructorResolver.registerDependentBeans - Autowiring by type from bean name 'org.springframework.boot.webmvc.autoconfigure.error.ErrorMvcAutoConfiguration' via constructor to bean named 'spring.web-org.springframework.boot.autoconfigure.web.WebProperties'
27-03-2026 17:31:56 org.springframework.beans.factory.support.DefaultSingletonBeanRegistry.getSingleton - Creating shared instance of singleton bean 'dispatcherServletRegistration'
27-03-2026 17:31:56 org.springframework.beans.factory.support.DefaultSingletonBeanRegistry.getSingleton - Creating shared instance of singleton bean 'org.springframework.boot.webmvc.autoconfigure.DispatcherServletAutoConfiguration$DispatcherServletRegistrationConfiguration'
27-03-2026 17:31:56 org.springframework.beans.factory.support.DefaultSingletonBeanRegistry.getSingleton - Creating shared instance of singleton bean 'dispatcherServlet'
27-03-2026 17:31:56 org.springframework.beans.factory.support.DefaultSingletonBeanRegistry.getSingleton - Creating shared instance of singleton bean 'org.springframework.boot.webmvc.autoconfigure.DispatcherServletAutoConfiguration$DispatcherServletConfiguration'
27-03-2026 17:31:56 org.springframework.beans.factory.support.DefaultSingletonBeanRegistry.getSingleton - Creating shared instance of singleton bean 'spring.mvc-org.springframework.boot.webmvc.autoconfigure.WebMvcProperties'
27-03-2026 17:31:56 org.springframework.beans.factory.support.ConstructorResolver.registerDependentBeans - Autowiring by type from bean name 'dispatcherServlet' via factory method to bean named 'spring.mvc-org.springframework.boot.webmvc.autoconfigure.WebMvcProperties'
27-03-2026 17:31:56 org.springframework.beans.factory.support.ConstructorResolver.registerDependentBeans - Autowiring by type from bean name 'dispatcherServletRegistration' via factory method to bean named 'dispatcherServlet'
27-03-2026 17:31:56 org.springframework.beans.factory.support.ConstructorResolver.registerDependentBeans - Autowiring by type from bean name 'dispatcherServletRegistration' via factory method to bean named 'spring.mvc-org.springframework.boot.webmvc.autoconfigure.WebMvcProperties'
27-03-2026 17:31:56 org.springframework.beans.factory.support.DefaultSingletonBeanRegistry.getSingleton - Creating shared instance of singleton bean 'multipartConfigElement'
27-03-2026 17:31:56 org.springframework.beans.factory.support.DefaultSingletonBeanRegistry.getSingleton - Creating shared instance of singleton bean 'org.springframework.boot.servlet.autoconfigure.MultipartAutoConfiguration'
27-03-2026 17:31:56 org.springframework.beans.factory.support.DefaultSingletonBeanRegistry.getSingleton - Creating shared instance of singleton bean 'spring.servlet.multipart-org.springframework.boot.servlet.autoconfigure.MultipartProperties'
27-03-2026 17:31:56 org.springframework.beans.factory.support.ConstructorResolver.registerDependentBeans - Autowiring by type from bean name 'org.springframework.boot.servlet.autoconfigure.MultipartAutoConfiguration' via constructor to bean named 'spring.servlet.multipart-org.springframework.boot.servlet.autoconfigure.MultipartProperties'
27-03-2026 17:31:56 org.springframework.beans.factory.support.ConstructorResolver.registerDependentBeans - Autowiring by type from bean name 'errorPageCustomizer' via factory method to bean named 'dispatcherServletRegistration'
27-03-2026 17:31:56 org.springframework.boot.web.server.servlet.DocumentRoot.getArchiveFileDocumentRoot - Code archive: C:\Users\biagi\.m2\repository\org\springframework\boot\spring-boot-web-server\4.0.5\spring-boot-web-server-4.0.5.jar
27-03-2026 17:31:56 org.springframework.boot.web.server.servlet.DocumentRoot.getExplodedWarFileDocumentRoot - Code archive: C:\Users\biagi\.m2\repository\org\springframework\boot\spring-boot-web-server\4.0.5\spring-boot-web-server-4.0.5.jar
27-03-2026 17:31:56 org.springframework.boot.web.server.servlet.DocumentRoot.logNoDocumentRoots - None of the document roots [src/main/webapp, public, static] point to a directory and will be ignored.
27-03-2026 17:31:56 org.springframework.boot.tomcat.TomcatWebServer.initialize - Tomcat initialized with port 8080 (http)
27-03-2026 17:31:56 org.apache.juli.logging.DirectJDKLog.log - Initializing ProtocolHandler ["http-nio-8080"]
27-03-2026 17:31:56 org.apache.juli.logging.DirectJDKLog.log - Starting service [Tomcat]
27-03-2026 17:31:56 org.apache.juli.logging.DirectJDKLog.log - Starting Servlet engine: [Apache Tomcat/11.0.20]
27-03-2026 17:31:56 org.springframework.boot.web.context.servlet.WebApplicationContextInitializer.prepareWebApplicationContext - Published root WebApplicationContext as ServletContext attribute with name [org.springframework.web.context.WebApplicationContext.ROOT]
27-03-2026 17:31:56 org.springframework.boot.web.context.servlet.WebApplicationContextInitializer.prepareWebApplicationContext - Root WebApplicationContext: initialization completed in 822 ms
27-03-2026 17:31:56 org.springframework.beans.factory.support.DefaultSingletonBeanRegistry.getSingleton - Creating shared instance of singleton bean 'requestContextFilter'
27-03-2026 17:31:56 org.springframework.beans.factory.support.DefaultSingletonBeanRegistry.getSingleton - Creating shared instance of singleton bean 'formContentFilter'
27-03-2026 17:31:56 org.springframework.beans.factory.support.DefaultSingletonBeanRegistry.getSingleton - Creating shared instance of singleton bean 'org.springframework.boot.webmvc.autoconfigure.WebMvcAutoConfiguration'
27-03-2026 17:31:56 org.springframework.beans.factory.support.DefaultSingletonBeanRegistry.getSingleton - Creating shared instance of singleton bean 'characterEncodingFilter'
27-03-2026 17:31:56 org.springframework.beans.factory.support.DefaultSingletonBeanRegistry.getSingleton - Creating shared instance of singleton bean 'org.springframework.boot.servlet.autoconfigure.HttpEncodingAutoConfiguration'
27-03-2026 17:31:56 org.springframework.beans.factory.support.DefaultSingletonBeanRegistry.getSingleton - Creating shared instance of singleton bean 'spring.servlet.encoding-org.springframework.boot.servlet.autoconfigure.ServletEncodingProperties'
27-03-2026 17:31:56 org.springframework.beans.factory.support.ConstructorResolver.registerDependentBeans - Autowiring by type from bean name 'characterEncodingFilter' via factory method to bean named 'spring.servlet.encoding-org.springframework.boot.servlet.autoconfigure.ServletEncodingProperties'
27-03-2026 17:31:56 org.springframework.boot.web.servlet.ServletContextInitializerBeans.logMappings - Mapping filters: characterEncodingFilter urls=[/*] order=-2147483648, formContentFilter urls=[/*] order=-9900, requestContextFilter urls=[/*] order=-105
27-03-2026 17:31:56 org.springframework.boot.web.servlet.ServletContextInitializerBeans.logMappings - Mapping servlets: dispatcherServlet urls=[/]
27-03-2026 17:31:56 org.springframework.web.filter.GenericFilterBean.init - Filter 'requestContextFilter' configured for use
27-03-2026 17:31:56 org.springframework.web.filter.GenericFilterBean.init - Filter 'characterEncodingFilter' configured for use
27-03-2026 17:31:56 org.springframework.web.filter.GenericFilterBean.init - Filter 'formContentFilter' configured for use
27-03-2026 17:31:56 org.springframework.beans.factory.support.DefaultSingletonBeanRegistry.getSingleton - Creating shared instance of singleton bean 'applicationTaskExecutor'
27-03-2026 17:31:56 org.springframework.beans.factory.support.DefaultSingletonBeanRegistry.getSingleton - Creating shared instance of singleton bean 'org.springframework.boot.autoconfigure.task.TaskExecutorConfigurations$TaskExecutorConfiguration'
27-03-2026 17:31:56 org.springframework.beans.factory.support.DefaultSingletonBeanRegistry.getSingleton - Creating shared instance of singleton bean 'threadPoolTaskExecutorBuilder'
27-03-2026 17:31:56 org.springframework.beans.factory.support.DefaultSingletonBeanRegistry.getSingleton - Creating shared instance of singleton bean 'org.springframework.boot.autoconfigure.task.TaskExecutorConfigurations$ThreadPoolTaskExecutorBuilderConfiguration'
27-03-2026 17:31:56 org.springframework.beans.factory.support.DefaultSingletonBeanRegistry.getSingleton - Creating shared instance of singleton bean 'spring.task.execution-org.springframework.boot.autoconfigure.task.TaskExecutionProperties'
27-03-2026 17:31:56 org.springframework.beans.factory.support.ConstructorResolver.registerDependentBeans - Autowiring by type from bean name 'threadPoolTaskExecutorBuilder' via factory method to bean named 'spring.task.execution-org.springframework.boot.autoconfigure.task.TaskExecutionProperties'
27-03-2026 17:31:56 org.springframework.beans.factory.support.ConstructorResolver.registerDependentBeans - Autowiring by type from bean name 'applicationTaskExecutor' via factory method to bean named 'threadPoolTaskExecutorBuilder'
27-03-2026 17:31:56 org.springframework.scheduling.concurrent.ExecutorConfigurationSupport.initialize - Initializing ExecutorService 'applicationTaskExecutor'
27-03-2026 17:31:56 org.springframework.beans.factory.support.DefaultSingletonBeanRegistry.getSingleton - Creating shared instance of singleton bean 'micdlEtlApplication'
27-03-2026 17:31:56 org.springframework.beans.factory.support.DefaultSingletonBeanRegistry.getSingleton - Creating shared instance of singleton bean 'caricamentoDatiController'
27-03-2026 17:31:56 org.springframework.beans.factory.support.DefaultSingletonBeanRegistry.getSingleton - Creating shared instance of singleton bean 'org.springframework.boot.autoconfigure.AutoConfigurationPackages'
27-03-2026 17:31:56 org.springframework.beans.factory.support.DefaultSingletonBeanRegistry.getSingleton - Creating shared instance of singleton bean 'org.springframework.boot.autoconfigure.context.PropertyPlaceholderAutoConfiguration'
27-03-2026 17:31:56 org.springframework.beans.factory.support.DefaultSingletonBeanRegistry.getSingleton - Creating shared instance of singleton bean 'org.springframework.boot.context.properties.EnableConfigurationPropertiesRegistrar.methodValidationExcludeFilter'
27-03-2026 17:31:56 org.springframework.beans.factory.support.DefaultSingletonBeanRegistry.getSingleton - Creating shared instance of singleton bean 'org.springframework.boot.webmvc.autoconfigure.DispatcherServletAutoConfiguration'
27-03-2026 17:31:56 org.springframework.beans.factory.support.DefaultSingletonBeanRegistry.getSingleton - Creating shared instance of singleton bean 'org.springframework.boot.autoconfigure.task.TaskExecutorConfigurations$SimpleAsyncTaskExecutorBuilderConfiguration'
27-03-2026 17:31:56 org.springframework.beans.factory.support.ConstructorResolver.registerDependentBeans - Autowiring by type from bean name 'org.springframework.boot.autoconfigure.task.TaskExecutorConfigurations$SimpleAsyncTaskExecutorBuilderConfiguration' via constructor to bean named 'spring.task.execution-org.springframework.boot.autoconfigure.task.TaskExecutionProperties'
27-03-2026 17:31:56 org.springframework.beans.factory.support.DefaultSingletonBeanRegistry.getSingleton - Creating shared instance of singleton bean 'simpleAsyncTaskExecutorBuilder'
27-03-2026 17:31:56 org.springframework.beans.factory.support.DefaultSingletonBeanRegistry.getSingleton - Creating shared instance of singleton bean 'org.springframework.boot.autoconfigure.task.TaskExecutorConfigurations$AsyncConfigurerConfiguration'
27-03-2026 17:31:56 org.springframework.beans.factory.support.DefaultSingletonBeanRegistry.getSingleton - Creating shared instance of singleton bean 'applicationTaskExecutorAsyncConfigurer'
27-03-2026 17:31:56 org.springframework.beans.factory.support.ConstructorResolver.registerDependentBeans - Autowiring by type from bean name 'applicationTaskExecutorAsyncConfigurer' via factory method to bean named 'org.springframework.beans.factory.support.DefaultListableBeanFactory@55f45b92'
27-03-2026 17:31:56 org.springframework.beans.factory.support.DefaultSingletonBeanRegistry.getSingleton - Creating shared instance of singleton bean 'org.springframework.boot.autoconfigure.task.TaskExecutorConfigurations$BootstrapExecutorConfiguration'
27-03-2026 17:31:56 org.springframework.beans.factory.support.DefaultSingletonBeanRegistry.getSingleton - Creating shared instance of singleton bean 'org.springframework.boot.autoconfigure.task.TaskExecutionAutoConfiguration'
27-03-2026 17:31:56 org.springframework.beans.factory.support.DefaultSingletonBeanRegistry.getSingleton - Creating shared instance of singleton bean 'org.springframework.boot.webmvc.autoconfigure.error.ErrorMvcAutoConfiguration$WhitelabelErrorViewConfiguration'
27-03-2026 17:31:56 org.springframework.beans.factory.support.DefaultSingletonBeanRegistry.getSingleton - Creating shared instance of singleton bean 'error'
27-03-2026 17:31:56 org.springframework.beans.factory.support.DefaultSingletonBeanRegistry.getSingleton - Creating shared instance of singleton bean 'beanNameViewResolver'
27-03-2026 17:31:56 org.springframework.beans.factory.support.DefaultSingletonBeanRegistry.getSingleton - Creating shared instance of singleton bean 'org.springframework.boot.webmvc.autoconfigure.error.ErrorMvcAutoConfiguration$DefaultErrorViewResolverConfiguration'
27-03-2026 17:31:56 org.springframework.beans.factory.support.ConstructorResolver.registerDependentBeans - Autowiring by type from bean name 'org.springframework.boot.webmvc.autoconfigure.error.ErrorMvcAutoConfiguration$DefaultErrorViewResolverConfiguration' via constructor to bean named 'org.springframework.boot.web.server.servlet.context.AnnotationConfigServletWebServerApplicationContext@724bade8'
27-03-2026 17:31:56 org.springframework.beans.factory.support.ConstructorResolver.registerDependentBeans - Autowiring by type from bean name 'org.springframework.boot.webmvc.autoconfigure.error.ErrorMvcAutoConfiguration$DefaultErrorViewResolverConfiguration' via constructor to bean named 'spring.web-org.springframework.boot.autoconfigure.web.WebProperties'
27-03-2026 17:31:56 org.springframework.beans.factory.support.DefaultSingletonBeanRegistry.getSingleton - Creating shared instance of singleton bean 'conventionErrorViewResolver'
27-03-2026 17:31:56 org.springframework.beans.factory.support.DefaultSingletonBeanRegistry.getSingleton - Creating shared instance of singleton bean 'errorAttributes'
27-03-2026 17:31:56 org.springframework.beans.factory.support.DefaultSingletonBeanRegistry.getSingleton - Creating shared instance of singleton bean 'basicErrorController'
27-03-2026 17:31:56 org.springframework.beans.factory.support.ConstructorResolver.registerDependentBeans - Autowiring by type from bean name 'basicErrorController' via factory method to bean named 'errorAttributes'
27-03-2026 17:31:56 org.springframework.beans.factory.support.DefaultSingletonBeanRegistry.getSingleton - Creating shared instance of singleton bean 'org.springframework.boot.webmvc.autoconfigure.WebMvcAutoConfiguration$EnableWebMvcConfiguration'
27-03-2026 17:31:56 org.springframework.beans.factory.support.ConstructorResolver.registerDependentBeans - Autowiring by type from bean name 'org.springframework.boot.webmvc.autoconfigure.WebMvcAutoConfiguration$EnableWebMvcConfiguration' via constructor to bean named 'spring.mvc-org.springframework.boot.webmvc.autoconfigure.WebMvcProperties'
27-03-2026 17:31:56 org.springframework.beans.factory.support.ConstructorResolver.registerDependentBeans - Autowiring by type from bean name 'org.springframework.boot.webmvc.autoconfigure.WebMvcAutoConfiguration$EnableWebMvcConfiguration' via constructor to bean named 'spring.web-org.springframework.boot.autoconfigure.web.WebProperties'
27-03-2026 17:31:56 org.springframework.beans.factory.support.ConstructorResolver.registerDependentBeans - Autowiring by type from bean name 'org.springframework.boot.webmvc.autoconfigure.WebMvcAutoConfiguration$EnableWebMvcConfiguration' via constructor to bean named 'org.springframework.beans.factory.support.DefaultListableBeanFactory@55f45b92'
27-03-2026 17:31:56 org.springframework.beans.factory.support.DefaultSingletonBeanRegistry.getSingleton - Creating shared instance of singleton bean 'org.springframework.boot.webmvc.autoconfigure.WebMvcAutoConfiguration$WebMvcAutoConfigurationAdapter'
27-03-2026 17:31:56 org.springframework.beans.factory.support.ConstructorResolver.registerDependentBeans - Autowiring by type from bean name 'org.springframework.boot.webmvc.autoconfigure.WebMvcAutoConfiguration$WebMvcAutoConfigurationAdapter' via constructor to bean named 'spring.web-org.springframework.boot.autoconfigure.web.WebProperties'
27-03-2026 17:31:56 org.springframework.beans.factory.support.ConstructorResolver.registerDependentBeans - Autowiring by type from bean name 'org.springframework.boot.webmvc.autoconfigure.WebMvcAutoConfiguration$WebMvcAutoConfigurationAdapter' via constructor to bean named 'spring.mvc-org.springframework.boot.webmvc.autoconfigure.WebMvcProperties'
27-03-2026 17:31:56 org.springframework.beans.factory.support.ConstructorResolver.registerDependentBeans - Autowiring by type from bean name 'org.springframework.boot.webmvc.autoconfigure.WebMvcAutoConfiguration$WebMvcAutoConfigurationAdapter' via constructor to bean named 'org.springframework.beans.factory.support.DefaultListableBeanFactory@55f45b92'
27-03-2026 17:31:56 org.springframework.beans.factory.support.DefaultSingletonBeanRegistry.getSingleton - Creating shared instance of singleton bean 'welcomePageHandlerMapping'
27-03-2026 17:31:56 org.springframework.beans.factory.support.DefaultSingletonBeanRegistry.getSingleton - Creating shared instance of singleton bean 'mvcConversionService'
27-03-2026 17:31:56 org.springframework.beans.factory.support.DefaultSingletonBeanRegistry.getSingleton - Creating shared instance of singleton bean 'mvcResourceUrlProvider'
27-03-2026 17:31:56 org.springframework.beans.factory.support.ConstructorResolver.registerDependentBeans - Autowiring by type from bean name 'welcomePageHandlerMapping' via factory method to bean named 'org.springframework.boot.web.server.servlet.context.AnnotationConfigServletWebServerApplicationContext@724bade8'
27-03-2026 17:31:56 org.springframework.beans.factory.support.ConstructorResolver.registerDependentBeans - Autowiring by type from bean name 'welcomePageHandlerMapping' via factory method to bean named 'mvcConversionService'
27-03-2026 17:31:56 org.springframework.beans.factory.support.ConstructorResolver.registerDependentBeans - Autowiring by type from bean name 'welcomePageHandlerMapping' via factory method to bean named 'mvcResourceUrlProvider'
27-03-2026 17:31:56 org.springframework.beans.factory.support.DefaultSingletonBeanRegistry.getSingleton - Creating shared instance of singleton bean 'welcomePageNotAcceptableHandlerMapping'
27-03-2026 17:31:56 org.springframework.beans.factory.support.ConstructorResolver.registerDependentBeans - Autowiring by type from bean name 'welcomePageNotAcceptableHandlerMapping' via factory method to bean named 'org.springframework.boot.web.server.servlet.context.AnnotationConfigServletWebServerApplicationContext@724bade8'
27-03-2026 17:31:56 org.springframework.beans.factory.support.ConstructorResolver.registerDependentBeans - Autowiring by type from bean name 'welcomePageNotAcceptableHandlerMapping' via factory method to bean named 'mvcConversionService'
27-03-2026 17:31:56 org.springframework.beans.factory.support.ConstructorResolver.registerDependentBeans - Autowiring by type from bean name 'welcomePageNotAcceptableHandlerMapping' via factory method to bean named 'mvcResourceUrlProvider'
27-03-2026 17:31:56 org.springframework.beans.factory.support.DefaultSingletonBeanRegistry.getSingleton - Creating shared instance of singleton bean 'localeResolver'
27-03-2026 17:31:56 org.springframework.beans.factory.support.DefaultSingletonBeanRegistry.getSingleton - Creating shared instance of singleton bean 'flashMapManager'
27-03-2026 17:31:56 org.springframework.beans.factory.support.DefaultSingletonBeanRegistry.getSingleton - Creating shared instance of singleton bean 'viewNameTranslator'
27-03-2026 17:31:56 org.springframework.beans.factory.support.DefaultSingletonBeanRegistry.getSingleton - Creating shared instance of singleton bean 'mvcValidator'
27-03-2026 17:31:56 org.springframework.beans.factory.support.DefaultSingletonBeanRegistry.getSingleton - Creating shared instance of singleton bean 'requestMappingHandlerMapping'
27-03-2026 17:31:56 org.springframework.beans.factory.support.DefaultSingletonBeanRegistry.getSingleton - Creating shared instance of singleton bean 'mvcContentNegotiationManager'
27-03-2026 17:31:56 org.springframework.beans.factory.support.DefaultSingletonBeanRegistry.getSingleton - Creating shared instance of singleton bean 'stringHttpMessageConvertersCustomizer'
27-03-2026 17:31:56 org.springframework.beans.factory.support.DefaultSingletonBeanRegistry.getSingleton - Creating shared instance of singleton bean 'org.springframework.boot.http.converter.autoconfigure.HttpMessageConvertersAutoConfiguration$StringHttpMessageConverterConfiguration'
27-03-2026 17:31:56 org.springframework.beans.factory.support.DefaultSingletonBeanRegistry.getSingleton - Creating shared instance of singleton bean 'spring.http.converters-org.springframework.boot.http.converter.autoconfigure.HttpMessageConvertersProperties'
27-03-2026 17:31:56 org.springframework.beans.factory.support.ConstructorResolver.registerDependentBeans - Autowiring by type from bean name 'stringHttpMessageConvertersCustomizer' via factory method to bean named 'spring.http.converters-org.springframework.boot.http.converter.autoconfigure.HttpMessageConvertersProperties'
27-03-2026 17:31:56 org.springframework.beans.factory.support.DefaultSingletonBeanRegistry.getSingleton - Creating shared instance of singleton bean 'jacksonJsonHttpMessageConvertersCustomizer'
27-03-2026 17:31:56 org.springframework.beans.factory.support.DefaultSingletonBeanRegistry.getSingleton - Creating shared instance of singleton bean 'org.springframework.boot.http.converter.autoconfigure.JacksonHttpMessageConvertersConfiguration$JacksonJsonHttpMessageConverterConfiguration'
27-03-2026 17:31:56 org.springframework.beans.factory.support.DefaultSingletonBeanRegistry.getSingleton - Creating shared instance of singleton bean 'jacksonJsonMapper'
27-03-2026 17:31:56 org.springframework.beans.factory.support.DefaultSingletonBeanRegistry.getSingleton - Creating shared instance of singleton bean 'org.springframework.boot.jackson.autoconfigure.JacksonAutoConfiguration'
27-03-2026 17:31:56 org.springframework.beans.factory.support.DefaultSingletonBeanRegistry.getSingleton - Creating shared instance of singleton bean 'problemDetailJsonMapperBuilderCustomizer'
27-03-2026 17:31:56 org.springframework.beans.factory.support.DefaultSingletonBeanRegistry.getSingleton - Creating shared instance of singleton bean 'org.springframework.boot.jackson.autoconfigure.JacksonAutoConfiguration$JsonProblemDetailsConfiguration'
27-03-2026 17:31:56 org.springframework.beans.factory.support.DefaultSingletonBeanRegistry.getSingleton - Creating shared instance of singleton bean 'standardJsonMapperBuilderCustomizer'
27-03-2026 17:31:56 org.springframework.beans.factory.support.DefaultSingletonBeanRegistry.getSingleton - Creating shared instance of singleton bean 'org.springframework.boot.jackson.autoconfigure.JacksonAutoConfiguration$JacksonJsonMapperBuilderCustomizerConfiguration'
27-03-2026 17:31:56 org.springframework.beans.factory.support.DefaultSingletonBeanRegistry.getSingleton - Creating shared instance of singleton bean 'spring.jackson-org.springframework.boot.jackson.autoconfigure.JacksonProperties'
27-03-2026 17:31:56 org.springframework.beans.factory.support.ConstructorResolver.registerDependentBeans - Autowiring by type from bean name 'standardJsonMapperBuilderCustomizer' via factory method to bean named 'spring.jackson-org.springframework.boot.jackson.autoconfigure.JacksonProperties'
27-03-2026 17:31:56 org.springframework.beans.factory.support.DefaultSingletonBeanRegistry.getSingleton - Creating shared instance of singleton bean 'jacksonMixinModule'
27-03-2026 17:31:56 org.springframework.beans.factory.support.DefaultSingletonBeanRegistry.getSingleton - Creating shared instance of singleton bean 'org.springframework.boot.jackson.autoconfigure.JacksonAutoConfiguration$JacksonMixinConfiguration'
27-03-2026 17:31:56 org.springframework.beans.factory.support.DefaultSingletonBeanRegistry.getSingleton - Creating shared instance of singleton bean 'jacksonMixinModuleEntries'
27-03-2026 17:31:56 org.springframework.beans.factory.support.ConstructorResolver.registerDependentBeans - Autowiring by type from bean name 'jacksonMixinModuleEntries' via factory method to bean named 'org.springframework.boot.web.server.servlet.context.AnnotationConfigServletWebServerApplicationContext@724bade8'
27-03-2026 17:31:56 org.springframework.boot.autoconfigure.AutoConfigurationPackages$BasePackages.get - @EnableAutoConfiguration was declared on a class in the package 'it.almaviva.mic.etl'. Automatic @Repository and @Entity scanning is enabled.
27-03-2026 17:31:56 org.springframework.beans.factory.support.ConstructorResolver.registerDependentBeans - Autowiring by type from bean name 'jacksonMixinModule' via factory method to bean named 'org.springframework.boot.web.server.servlet.context.AnnotationConfigServletWebServerApplicationContext@724bade8'
27-03-2026 17:31:56 org.springframework.beans.factory.support.ConstructorResolver.registerDependentBeans - Autowiring by type from bean name 'jacksonMixinModule' via factory method to bean named 'jacksonMixinModuleEntries'
27-03-2026 17:31:56 org.springframework.beans.factory.support.DefaultSingletonBeanRegistry.getSingleton - Creating shared instance of singleton bean 'jsonComponentModule'
27-03-2026 17:31:56 org.springframework.beans.factory.support.ConstructorResolver.registerDependentBeans - Autowiring by type from bean name 'jsonMapperBuilder' via factory method to bean named 'problemDetailJsonMapperBuilderCustomizer'
27-03-2026 17:31:56 org.springframework.beans.factory.support.ConstructorResolver.registerDependentBeans - Autowiring by type from bean name 'jsonMapperBuilder' via factory method to bean named 'standardJsonMapperBuilderCustomizer'
27-03-2026 17:31:56 org.springframework.beans.factory.support.ConstructorResolver.registerDependentBeans - Autowiring by type from bean name 'jacksonJsonMapper' via factory method to bean named 'jsonMapperBuilder'
27-03-2026 17:31:56 org.springframework.beans.factory.support.ConstructorResolver.registerDependentBeans - Autowiring by type from bean name 'jacksonJsonHttpMessageConvertersCustomizer' via factory method to bean named 'jacksonJsonMapper'
27-03-2026 17:31:56 org.springframework.beans.factory.support.DefaultSingletonBeanRegistry.getSingleton - Creating shared instance of singleton bean 'serverConvertersCustomizer'
27-03-2026 17:31:56 org.springframework.beans.factory.support.DefaultSingletonBeanRegistry.getSingleton - Creating shared instance of singleton bean 'org.springframework.boot.http.converter.autoconfigure.HttpMessageConvertersAutoConfiguration'
27-03-2026 17:31:56 org.springframework.beans.factory.support.DefaultSingletonBeanRegistry.getSingleton - Creating shared instance of singleton bean 'mvcApiVersionStrategy'
27-03-2026 17:31:56 org.springframework.beans.factory.support.ConstructorResolver.registerDependentBeans - Autowiring by type from bean name 'requestMappingHandlerMapping' via factory method to bean named 'mvcContentNegotiationManager'
27-03-2026 17:31:56 org.springframework.beans.factory.support.ConstructorResolver.registerDependentBeans - Autowiring by type from bean name 'requestMappingHandlerMapping' via factory method to bean named 'mvcApiVersionStrategy'
27-03-2026 17:31:56 org.springframework.beans.factory.support.ConstructorResolver.registerDependentBeans - Autowiring by type from bean name 'requestMappingHandlerMapping' via factory method to bean named 'mvcConversionService'
27-03-2026 17:31:56 org.springframework.beans.factory.support.ConstructorResolver.registerDependentBeans - Autowiring by type from bean name 'requestMappingHandlerMapping' via factory method to bean named 'mvcResourceUrlProvider'
27-03-2026 17:31:56 org.springframework.web.servlet.handler.AbstractHandlerMethodMapping.detectHandlerMethods - 
	i.a.m.e.c.CaricamentoDatiController:
	{GET [/etl/test]}: testConnessione()
27-03-2026 17:31:56 org.springframework.web.servlet.handler.AbstractHandlerMethodMapping.detectHandlerMethods - 
	o.s.b.w.a.e.BasicErrorController:
	{ [/error]}: error(HttpServletRequest)
	{ [/error], produces [text/html]}: errorHtml(HttpServletRequest,HttpServletResponse)
27-03-2026 17:31:56 org.springframework.web.servlet.handler.AbstractHandlerMethodMapping.handlerMethodsInitialized - 3 mappings in 'requestMappingHandlerMapping'
27-03-2026 17:31:56 org.springframework.beans.factory.support.DefaultSingletonBeanRegistry.getSingleton - Creating shared instance of singleton bean 'mvcPatternParser'
27-03-2026 17:31:56 org.springframework.beans.factory.support.DefaultSingletonBeanRegistry.getSingleton - Creating shared instance of singleton bean 'mvcUrlPathHelper'
27-03-2026 17:31:56 org.springframework.beans.factory.support.DefaultSingletonBeanRegistry.getSingleton - Creating shared instance of singleton bean 'mvcPathMatcher'
27-03-2026 17:31:56 org.springframework.beans.factory.support.DefaultSingletonBeanRegistry.getSingleton - Creating shared instance of singleton bean 'viewControllerHandlerMapping'
27-03-2026 17:31:56 org.springframework.beans.factory.support.ConstructorResolver.registerDependentBeans - Autowiring by type from bean name 'viewControllerHandlerMapping' via factory method to bean named 'mvcConversionService'
27-03-2026 17:31:56 org.springframework.beans.factory.support.ConstructorResolver.registerDependentBeans - Autowiring by type from bean name 'viewControllerHandlerMapping' via factory method to bean named 'mvcResourceUrlProvider'
27-03-2026 17:31:56 org.springframework.beans.factory.support.DefaultSingletonBeanRegistry.getSingleton - Creating shared instance of singleton bean 'beanNameHandlerMapping'
27-03-2026 17:31:56 org.springframework.beans.factory.support.ConstructorResolver.registerDependentBeans - Autowiring by type from bean name 'beanNameHandlerMapping' via factory method to bean named 'mvcConversionService'
27-03-2026 17:31:56 org.springframework.beans.factory.support.ConstructorResolver.registerDependentBeans - Autowiring by type from bean name 'beanNameHandlerMapping' via factory method to bean named 'mvcResourceUrlProvider'
27-03-2026 17:31:56 org.springframework.web.servlet.handler.AbstractDetectingUrlHandlerMapping.detectHandlers - 'beanNameHandlerMapping' {}
27-03-2026 17:31:56 org.springframework.beans.factory.support.DefaultSingletonBeanRegistry.getSingleton - Creating shared instance of singleton bean 'routerFunctionMapping'
27-03-2026 17:31:56 org.springframework.beans.factory.support.ConstructorResolver.registerDependentBeans - Autowiring by type from bean name 'routerFunctionMapping' via factory method to bean named 'mvcConversionService'
27-03-2026 17:31:56 org.springframework.beans.factory.support.ConstructorResolver.registerDependentBeans - Autowiring by type from bean name 'routerFunctionMapping' via factory method to bean named 'mvcResourceUrlProvider'
27-03-2026 17:31:56 org.springframework.beans.factory.support.ConstructorResolver.registerDependentBeans - Autowiring by type from bean name 'routerFunctionMapping' via factory method to bean named 'mvcApiVersionStrategy'
27-03-2026 17:31:56 org.springframework.beans.factory.support.DefaultSingletonBeanRegistry.getSingleton - Creating shared instance of singleton bean 'resourceHandlerMapping'
27-03-2026 17:31:56 org.springframework.beans.factory.support.ConstructorResolver.registerDependentBeans - Autowiring by type from bean name 'resourceHandlerMapping' via factory method to bean named 'mvcContentNegotiationManager'
27-03-2026 17:31:56 org.springframework.beans.factory.support.ConstructorResolver.registerDependentBeans - Autowiring by type from bean name 'resourceHandlerMapping' via factory method to bean named 'mvcConversionService'
27-03-2026 17:31:56 org.springframework.beans.factory.support.ConstructorResolver.registerDependentBeans - Autowiring by type from bean name 'resourceHandlerMapping' via factory method to bean named 'mvcResourceUrlProvider'
27-03-2026 17:31:56 org.springframework.web.servlet.handler.SimpleUrlHandlerMapping.logMappings - 'resourceHandlerMapping' {/webjars/**=ResourceHttpRequestHandler [classpath [META-INF/resources/webjars/]], /**=ResourceHttpRequestHandler [classpath [META-INF/resources/], classpath [resources/], classpath [static/], classpath [public/], ServletContext [/]]}
27-03-2026 17:31:56 org.springframework.beans.factory.support.DefaultSingletonBeanRegistry.getSingleton - Creating shared instance of singleton bean 'defaultServletHandlerMapping'
27-03-2026 17:31:56 org.springframework.beans.factory.support.DefaultSingletonBeanRegistry.getSingleton - Creating shared instance of singleton bean 'requestMappingHandlerAdapter'
27-03-2026 17:31:56 org.springframework.beans.factory.support.ConstructorResolver.registerDependentBeans - Autowiring by type from bean name 'requestMappingHandlerAdapter' via factory method to bean named 'mvcContentNegotiationManager'
27-03-2026 17:31:56 org.springframework.beans.factory.support.ConstructorResolver.registerDependentBeans - Autowiring by type from bean name 'requestMappingHandlerAdapter' via factory method to bean named 'mvcConversionService'
27-03-2026 17:31:56 org.springframework.beans.factory.support.ConstructorResolver.registerDependentBeans - Autowiring by type from bean name 'requestMappingHandlerAdapter' via factory method to bean named 'mvcValidator'
27-03-2026 17:31:56 org.springframework.web.servlet.mvc.method.annotation.RequestMappingHandlerAdapter.initControllerAdviceCache - ControllerAdvice beans: 0 @ModelAttribute, 0 @InitBinder, 2 RequestBodyAdvice, 1 ResponseBodyAdvice
27-03-2026 17:31:56 org.springframework.beans.factory.support.DefaultSingletonBeanRegistry.getSingleton - Creating shared instance of singleton bean 'mvcViewResolver'
27-03-2026 17:31:56 org.springframework.beans.factory.support.ConstructorResolver.registerDependentBeans - Autowiring by type from bean name 'mvcViewResolver' via factory method to bean named 'mvcContentNegotiationManager'
27-03-2026 17:31:56 org.springframework.beans.factory.support.DefaultSingletonBeanRegistry.getSingleton - Creating shared instance of singleton bean 'defaultViewResolver'
27-03-2026 17:31:56 org.springframework.beans.factory.support.DefaultSingletonBeanRegistry.getSingleton - Creating shared instance of singleton bean 'viewResolver'
27-03-2026 17:31:56 org.springframework.beans.factory.support.ConstructorResolver.registerDependentBeans - Autowiring by type from bean name 'viewResolver' via factory method to bean named 'org.springframework.beans.factory.support.DefaultListableBeanFactory@55f45b92'
27-03-2026 17:31:56 org.springframework.beans.factory.support.DefaultSingletonBeanRegistry.getSingleton - Creating shared instance of singleton bean 'viewResolver'
27-03-2026 17:31:56 org.springframework.beans.factory.support.DefaultSingletonBeanRegistry.getSingleton - Creating shared instance of singleton bean 'handlerFunctionAdapter'
27-03-2026 17:31:56 org.springframework.beans.factory.support.DefaultSingletonBeanRegistry.getSingleton - Creating shared instance of singleton bean 'mvcUriComponentsContributor'
27-03-2026 17:31:56 org.springframework.beans.factory.support.ConstructorResolver.registerDependentBeans - Autowiring by type from bean name 'mvcUriComponentsContributor' via factory method to bean named 'mvcConversionService'
27-03-2026 17:31:56 org.springframework.beans.factory.support.ConstructorResolver.registerDependentBeans - Autowiring by type from bean name 'mvcUriComponentsContributor' via factory method to bean named 'requestMappingHandlerAdapter'
27-03-2026 17:31:56 org.springframework.beans.factory.support.DefaultSingletonBeanRegistry.getSingleton - Creating shared instance of singleton bean 'httpRequestHandlerAdapter'
27-03-2026 17:31:56 org.springframework.beans.factory.support.DefaultSingletonBeanRegistry.getSingleton - Creating shared instance of singleton bean 'simpleControllerHandlerAdapter'
27-03-2026 17:31:56 org.springframework.beans.factory.support.DefaultSingletonBeanRegistry.getSingleton - Creating shared instance of singleton bean 'handlerExceptionResolver'
27-03-2026 17:31:56 org.springframework.beans.factory.support.ConstructorResolver.registerDependentBeans - Autowiring by type from bean name 'handlerExceptionResolver' via factory method to bean named 'mvcContentNegotiationManager'
27-03-2026 17:31:56 org.springframework.web.servlet.mvc.method.annotation.ExceptionHandlerExceptionResolver.initExceptionHandlerAdviceCache - ControllerAdvice beans: 0 @ExceptionHandler, 1 ResponseBodyAdvice
27-03-2026 17:31:56 org.springframework.beans.factory.support.DefaultSingletonBeanRegistry.getSingleton - Creating shared instance of singleton bean 'org.springframework.boot.autoconfigure.jmx.JmxAutoConfiguration'
27-03-2026 17:31:56 org.springframework.beans.factory.support.DefaultSingletonBeanRegistry.getSingleton - Creating shared instance of singleton bean 'spring.jmx-org.springframework.boot.autoconfigure.jmx.JmxProperties'
27-03-2026 17:31:56 org.springframework.beans.factory.support.ConstructorResolver.registerDependentBeans - Autowiring by type from bean name 'org.springframework.boot.autoconfigure.jmx.JmxAutoConfiguration' via constructor to bean named 'spring.jmx-org.springframework.boot.autoconfigure.jmx.JmxProperties'
27-03-2026 17:31:56 org.springframework.beans.factory.support.DefaultSingletonBeanRegistry.getSingleton - Creating shared instance of singleton bean 'mbeanExporter'
27-03-2026 17:31:56 org.springframework.beans.factory.support.DefaultSingletonBeanRegistry.getSingleton - Creating shared instance of singleton bean 'objectNamingStrategy'
27-03-2026 17:31:56 org.springframework.beans.factory.support.ConstructorResolver.registerDependentBeans - Autowiring by type from bean name 'mbeanExporter' via factory method to bean named 'objectNamingStrategy'
27-03-2026 17:31:56 org.springframework.beans.factory.support.ConstructorResolver.registerDependentBeans - Autowiring by type from bean name 'mbeanExporter' via factory method to bean named 'org.springframework.beans.factory.support.DefaultListableBeanFactory@55f45b92'
27-03-2026 17:31:56 org.springframework.beans.factory.support.DefaultSingletonBeanRegistry.getSingleton - Creating shared instance of singleton bean 'mbeanServer'
27-03-2026 17:31:56 org.springframework.jmx.support.JmxUtils.locateMBeanServer - Found MBeanServer: com.sun.jmx.mbeanserver.JmxMBeanServer@11028347
27-03-2026 17:31:56 org.springframework.beans.factory.support.DefaultSingletonBeanRegistry.getSingleton - Creating shared instance of singleton bean 'org.springframework.boot.autoconfigure.admin.SpringApplicationAdminJmxAutoConfiguration'
27-03-2026 17:31:56 org.springframework.beans.factory.support.DefaultSingletonBeanRegistry.getSingleton - Creating shared instance of singleton bean 'springApplicationAdminRegistrar'
27-03-2026 17:31:56 org.springframework.beans.factory.support.ConstructorResolver.registerDependentBeans - Autowiring by type from bean name 'springApplicationAdminRegistrar' via factory method to bean named 'environment'
27-03-2026 17:31:56 org.springframework.boot.admin.SpringApplicationAdminMXBeanRegistrar.afterPropertiesSet - Application Admin MBean registered with name 'org.springframework.boot:type=Admin,name=SpringApplication'
27-03-2026 17:31:56 org.springframework.beans.factory.support.DefaultSingletonBeanRegistry.getSingleton - Creating shared instance of singleton bean 'org.springframework.boot.autoconfigure.aop.AopAutoConfiguration$ClassProxyingConfiguration'
27-03-2026 17:31:56 org.springframework.beans.factory.support.DefaultSingletonBeanRegistry.getSingleton - Creating shared instance of singleton bean 'org.springframework.boot.autoconfigure.aop.AopAutoConfiguration'
27-03-2026 17:31:56 org.springframework.beans.factory.support.DefaultSingletonBeanRegistry.getSingleton - Creating shared instance of singleton bean 'org.springframework.boot.autoconfigure.availability.ApplicationAvailabilityAutoConfiguration'
27-03-2026 17:31:56 org.springframework.beans.factory.support.DefaultSingletonBeanRegistry.getSingleton - Creating shared instance of singleton bean 'applicationAvailability'
27-03-2026 17:31:56 org.springframework.beans.factory.support.DefaultSingletonBeanRegistry.getSingleton - Creating shared instance of singleton bean 'org.springframework.boot.autoconfigure.context.ConfigurationPropertiesAutoConfiguration'
27-03-2026 17:31:56 org.springframework.beans.factory.support.DefaultSingletonBeanRegistry.getSingleton - Creating shared instance of singleton bean 'org.springframework.boot.autoconfigure.context.LifecycleAutoConfiguration'
27-03-2026 17:31:56 org.springframework.beans.factory.support.DefaultSingletonBeanRegistry.getSingleton - Creating shared instance of singleton bean 'lifecycleProcessor'
27-03-2026 17:31:56 org.springframework.beans.factory.support.DefaultSingletonBeanRegistry.getSingleton - Creating shared instance of singleton bean 'spring.lifecycle-org.springframework.boot.autoconfigure.context.LifecycleProperties'
27-03-2026 17:31:56 org.springframework.beans.factory.support.ConstructorResolver.registerDependentBeans - Autowiring by type from bean name 'lifecycleProcessor' via factory method to bean named 'spring.lifecycle-org.springframework.boot.autoconfigure.context.LifecycleProperties'
27-03-2026 17:31:56 org.springframework.beans.factory.support.DefaultSingletonBeanRegistry.getSingleton - Creating shared instance of singleton bean 'org.springframework.boot.autoconfigure.info.ProjectInfoAutoConfiguration'
27-03-2026 17:31:56 org.springframework.beans.factory.support.DefaultSingletonBeanRegistry.getSingleton - Creating shared instance of singleton bean 'spring.info-org.springframework.boot.autoconfigure.info.ProjectInfoProperties'
27-03-2026 17:31:56 org.springframework.beans.factory.support.ConstructorResolver.registerDependentBeans - Autowiring by type from bean name 'org.springframework.boot.autoconfigure.info.ProjectInfoAutoConfiguration' via constructor to bean named 'spring.info-org.springframework.boot.autoconfigure.info.ProjectInfoProperties'
27-03-2026 17:31:56 org.springframework.beans.factory.support.DefaultSingletonBeanRegistry.getSingleton - Creating shared instance of singleton bean 'org.springframework.boot.autoconfigure.task.TaskSchedulingConfigurations$ThreadPoolTaskSchedulerBuilderConfiguration'
27-03-2026 17:31:56 org.springframework.beans.factory.support.DefaultSingletonBeanRegistry.getSingleton - Creating shared instance of singleton bean 'threadPoolTaskSchedulerBuilder'
27-03-2026 17:31:56 org.springframework.beans.factory.support.DefaultSingletonBeanRegistry.getSingleton - Creating shared instance of singleton bean 'spring.task.scheduling-org.springframework.boot.autoconfigure.task.TaskSchedulingProperties'
27-03-2026 17:31:56 org.springframework.beans.factory.support.ConstructorResolver.registerDependentBeans - Autowiring by type from bean name 'threadPoolTaskSchedulerBuilder' via factory method to bean named 'spring.task.scheduling-org.springframework.boot.autoconfigure.task.TaskSchedulingProperties'
27-03-2026 17:31:56 org.springframework.beans.factory.support.DefaultSingletonBeanRegistry.getSingleton - Creating shared instance of singleton bean 'org.springframework.boot.autoconfigure.task.TaskSchedulingConfigurations$SimpleAsyncTaskSchedulerBuilderConfiguration'
27-03-2026 17:31:56 org.springframework.beans.factory.support.ConstructorResolver.registerDependentBeans - Autowiring by type from bean name 'org.springframework.boot.autoconfigure.task.TaskSchedulingConfigurations$SimpleAsyncTaskSchedulerBuilderConfiguration' via constructor to bean named 'spring.task.scheduling-org.springframework.boot.autoconfigure.task.TaskSchedulingProperties'
27-03-2026 17:31:56 org.springframework.beans.factory.support.DefaultSingletonBeanRegistry.getSingleton - Creating shared instance of singleton bean 'simpleAsyncTaskSchedulerBuilder'
27-03-2026 17:31:56 org.springframework.beans.factory.support.DefaultSingletonBeanRegistry.getSingleton - Creating shared instance of singleton bean 'org.springframework.boot.autoconfigure.task.TaskSchedulingAutoConfiguration'
27-03-2026 17:31:56 org.springframework.beans.factory.support.DefaultSingletonBeanRegistry.getSingleton - Creating shared instance of singleton bean 'org.springframework.boot.http.converter.autoconfigure.JacksonHttpMessageConvertersConfiguration'
27-03-2026 17:31:56 org.springframework.beans.factory.support.DefaultSingletonBeanRegistry.getSingleton - Creating shared instance of singleton bean 'org.springframework.boot.http.converter.autoconfigure.Jackson2HttpMessageConvertersConfiguration'
27-03-2026 17:31:56 org.springframework.beans.factory.support.DefaultSingletonBeanRegistry.getSingleton - Creating shared instance of singleton bean 'clientConvertersCustomizer'
27-03-2026 17:31:56 org.springframework.beans.factory.support.DefaultSingletonBeanRegistry.getSingleton - Creating shared instance of singleton bean 'multipartResolver'
27-03-2026 17:31:56 org.springframework.jmx.export.MBeanExporter.afterSingletonsInstantiated - Registering beans for JMX exposure on startup
27-03-2026 17:31:56 org.springframework.jmx.export.MBeanExporter.registerBeans - Auto-detecting user-defined JMX MBeans
27-03-2026 17:31:56 org.springframework.context.support.DefaultLifecycleProcessor$LifecycleGroup.start - Starting beans in phase -2147483647
27-03-2026 17:31:56 org.springframework.context.support.DefaultLifecycleProcessor.doStart - Successfully started bean 'springBootLoggingLifecycle'
27-03-2026 17:31:56 org.springframework.context.support.DefaultLifecycleProcessor$LifecycleGroup.start - Starting beans in phase 1073741823
27-03-2026 17:31:56 org.springframework.context.support.DefaultLifecycleProcessor$LifecycleGroup.start - Starting beans in phase 2147481599
27-03-2026 17:31:56 org.apache.juli.logging.DirectJDKLog.log - Starting ProtocolHandler ["http-nio-8080"]
27-03-2026 17:31:56 org.springframework.boot.tomcat.TomcatWebServer.start - Tomcat started on port 8080 (http) with context path '/'
27-03-2026 17:31:56 org.springframework.context.support.DefaultLifecycleProcessor.doStart - Successfully started bean 'webServerStartStop'
27-03-2026 17:31:56 org.springframework.context.support.DefaultLifecycleProcessor$LifecycleGroup.start - Starting beans in phase 2147482623
27-03-2026 17:31:56 org.springframework.context.support.DefaultLifecycleProcessor.doStart - Successfully started bean 'webServerGracefulShutdown'
27-03-2026 17:31:56 org.springframework.boot.autoconfigure.logging.ConditionEvaluationReportLogger.logReport - 


============================
CONDITIONS EVALUATION REPORT
============================


Positive matches:
-----------------

   AopAutoConfiguration matched:
      - @ConditionalOnBooleanProperty (spring.aop.auto=true) matched (OnPropertyCondition)

   AopAutoConfiguration.ClassProxyingConfiguration matched:
      - @ConditionalOnMissingClass did not find unwanted class 'org.aspectj.weaver.Advice' (OnClassCondition)
      - @ConditionalOnBooleanProperty (spring.aop.proxy-target-class=true) matched (OnPropertyCondition)

   ApplicationAvailabilityAutoConfiguration#applicationAvailability matched:
      - @ConditionalOnMissingBean (types: org.springframework.boot.availability.ApplicationAvailability; SearchStrategy: all) did not find any beans (OnBeanCondition)

   DispatcherServletAutoConfiguration matched:
      - @ConditionalOnClass found required class 'org.springframework.web.servlet.DispatcherServlet' (OnClassCondition)
      - found 'session' scope (OnWebApplicationCondition)

   DispatcherServletAutoConfiguration.DispatcherServletConfiguration matched:
      - @ConditionalOnClass found required class 'jakarta.servlet.ServletRegistration' (OnClassCondition)
      - Default DispatcherServlet did not find dispatcher servlet beans (DispatcherServletAutoConfiguration.DefaultDispatcherServletCondition)

   DispatcherServletAutoConfiguration.DispatcherServletRegistrationConfiguration matched:
      - @ConditionalOnClass found required class 'jakarta.servlet.ServletRegistration' (OnClassCondition)
      - DispatcherServlet Registration did not find servlet registration bean (DispatcherServletAutoConfiguration.DispatcherServletRegistrationCondition)

   DispatcherServletAutoConfiguration.DispatcherServletRegistrationConfiguration#dispatcherServletRegistration matched:
      - @ConditionalOnBean (names: dispatcherServlet types: org.springframework.web.servlet.DispatcherServlet; SearchStrategy: all) found bean 'dispatcherServlet' (OnBeanCondition)

   ErrorMvcAutoConfiguration matched:
      - @ConditionalOnClass found required classes 'jakarta.servlet.Servlet', 'org.springframework.web.servlet.DispatcherServlet' (OnClassCondition)
      - found 'session' scope (OnWebApplicationCondition)

   ErrorMvcAutoConfiguration#basicErrorController matched:
      - @ConditionalOnMissingBean (types: org.springframework.boot.webmvc.error.ErrorController; SearchStrategy: current) did not find any beans (OnBeanCondition)

   ErrorMvcAutoConfiguration#errorAttributes matched:
      - @ConditionalOnMissingBean (types: org.springframework.boot.webmvc.error.ErrorAttributes; SearchStrategy: current) did not find any beans (OnBeanCondition)

   ErrorMvcAutoConfiguration.DefaultErrorViewResolverConfiguration#conventionErrorViewResolver matched:
      - @ConditionalOnBean (types: org.springframework.web.servlet.DispatcherServlet; SearchStrategy: all) found bean 'dispatcherServlet'; @ConditionalOnMissingBean (types: org.springframework.boot.webmvc.autoconfigure.error.ErrorViewResolver; SearchStrategy: all) did not find any beans (OnBeanCondition)

   ErrorMvcAutoConfiguration.WhitelabelErrorViewConfiguration matched:
      - @ConditionalOnBooleanProperty (spring.web.error.whitelabel.enabled=true) matched (OnPropertyCondition)
      - ErrorTemplate Missing did not find error template view (ErrorMvcAutoConfiguration.ErrorTemplateMissingCondition)

   ErrorMvcAutoConfiguration.WhitelabelErrorViewConfiguration#beanNameViewResolver matched:
      - @ConditionalOnMissingBean (types: org.springframework.web.servlet.view.BeanNameViewResolver; SearchStrategy: all) did not find any beans (OnBeanCondition)

   ErrorMvcAutoConfiguration.WhitelabelErrorViewConfiguration#defaultErrorView matched:
      - @ConditionalOnMissingBean (names: error; SearchStrategy: all) did not find any beans (OnBeanCondition)

   HttpEncodingAutoConfiguration matched:
      - @ConditionalOnClass found required class 'org.springframework.web.filter.CharacterEncodingFilter' (OnClassCondition)
      - found 'session' scope (OnWebApplicationCondition)
      - @ConditionalOnBooleanProperty (spring.servlet.encoding.enabled=true) matched (OnPropertyCondition)

   HttpEncodingAutoConfiguration#characterEncodingFilter matched:
      - @ConditionalOnMissingBean (types: org.springframework.web.filter.CharacterEncodingFilter; SearchStrategy: all) did not find any beans (OnBeanCondition)

   HttpMessageConvertersAutoConfiguration matched:
      - @ConditionalOnClass found required class 'org.springframework.http.converter.HttpMessageConverter' (OnClassCondition)
      - NoneNestedConditions 0 matched 1 did not; NestedCondition on HttpMessageConvertersAutoConfiguration.NotReactiveWebApplicationCondition.ReactiveWebApplication did not find reactive web application classes (HttpMessageConvertersAutoConfiguration.NotReactiveWebApplicationCondition)

   HttpMessageConvertersAutoConfiguration.StringHttpMessageConverterConfiguration#stringHttpMessageConvertersCustomizer matched:
      - @ConditionalOnMissingBean (types: org.springframework.http.converter.StringHttpMessageConverter; SearchStrategy: all) did not find any beans (OnBeanCondition)

   JacksonAutoConfiguration matched:
      - @ConditionalOnClass found required class 'tools.jackson.databind.json.JsonMapper' (OnClassCondition)

   JacksonAutoConfiguration#jacksonJsonMapper matched:
      - @ConditionalOnMissingBean (types: tools.jackson.databind.json.JsonMapper; SearchStrategy: all) did not find any beans (OnBeanCondition)

   JacksonAutoConfiguration#jsonMapperBuilder matched:
      - @ConditionalOnMissingBean (types: tools.jackson.databind.json.JsonMapper$Builder; SearchStrategy: all) did not find any beans (OnBeanCondition)

   JacksonAutoConfiguration.JsonProblemDetailsConfiguration matched:
      - @ConditionalOnClass found required class 'org.springframework.http.ProblemDetail' (OnClassCondition)

   JacksonHttpMessageConvertersConfiguration.JacksonJsonHttpMessageConverterConfiguration matched:
      - @ConditionalOnClass found required class 'tools.jackson.databind.json.JsonMapper' (OnClassCondition)
      - @ConditionalOnProperty (spring.http.converters.preferred-json-mapper=jackson) matched (OnPropertyCondition)
      - @ConditionalOnBean (types: tools.jackson.databind.json.JsonMapper; SearchStrategy: all) found bean 'jacksonJsonMapper' (OnBeanCondition)

   JacksonHttpMessageConvertersConfiguration.JacksonJsonHttpMessageConverterConfiguration#jacksonJsonHttpMessageConvertersCustomizer matched:
      - @ConditionalOnMissingBean (types: org.springframework.http.converter.json.JacksonJsonHttpMessageConverter ignored: org.springframework.hateoas.server.mvc.TypeConstrainedJacksonJsonHttpMessageConverter,org.springframework.data.rest.webmvc.alps.AlpsJacksonJsonHttpMessageConverter; SearchStrategy: all) did not find any beans (OnBeanCondition)

   JmxAutoConfiguration matched:
      - @ConditionalOnClass found required class 'org.springframework.jmx.export.MBeanExporter' (OnClassCondition)
      - @ConditionalOnBooleanProperty (spring.jmx.enabled=true) matched (OnPropertyCondition)

   JmxAutoConfiguration#mbeanExporter matched:
      - @ConditionalOnMissingBean (types: org.springframework.jmx.export.MBeanExporter; SearchStrategy: current) did not find any beans (OnBeanCondition)

   JmxAutoConfiguration#mbeanServer matched:
      - @ConditionalOnMissingBean (types: javax.management.MBeanServer; SearchStrategy: all) did not find any beans (OnBeanCondition)

   JmxAutoConfiguration#objectNamingStrategy matched:
      - @ConditionalOnMissingBean (types: org.springframework.jmx.export.naming.ObjectNamingStrategy; SearchStrategy: current) did not find any beans (OnBeanCondition)

   LifecycleAutoConfiguration#defaultLifecycleProcessor matched:
      - @ConditionalOnMissingBean (names: lifecycleProcessor; SearchStrategy: current) did not find any beans (OnBeanCondition)

   MultipartAutoConfiguration matched:
      - @ConditionalOnClass found required classes 'jakarta.servlet.Servlet', 'org.springframework.web.multipart.support.StandardServletMultipartResolver', 'jakarta.servlet.MultipartConfigElement' (OnClassCondition)
      - found 'session' scope (OnWebApplicationCondition)
      - @ConditionalOnBooleanProperty (spring.servlet.multipart.enabled=true) matched (OnPropertyCondition)

   MultipartAutoConfiguration#multipartConfigElement matched:
      - @ConditionalOnMissingBean (types: jakarta.servlet.MultipartConfigElement; SearchStrategy: all) did not find any beans (OnBeanCondition)

   MultipartAutoConfiguration#multipartResolver matched:
      - @ConditionalOnMissingBean (types: org.springframework.web.multipart.MultipartResolver; SearchStrategy: all) did not find any beans (OnBeanCondition)

   PropertyPlaceholderAutoConfiguration#propertySourcesPlaceholderConfigurer matched:
      - @ConditionalOnMissingBean (types: org.springframework.context.support.PropertySourcesPlaceholderConfigurer; SearchStrategy: current) did not find any beans (OnBeanCondition)

   SpringApplicationAdminJmxAutoConfiguration matched:
      - @ConditionalOnBooleanProperty (spring.application.admin.enabled=true) matched (OnPropertyCondition)

   SpringApplicationAdminJmxAutoConfiguration#springApplicationAdminRegistrar matched:
      - @ConditionalOnMissingBean (types: org.springframework.boot.admin.SpringApplicationAdminMXBeanRegistrar; SearchStrategy: all) did not find any beans (OnBeanCondition)

   SslAutoConfiguration#sslBundleRegistry matched:
      - @ConditionalOnMissingBean (types: org.springframework.boot.ssl.SslBundleRegistry,org.springframework.boot.ssl.SslBundles; SearchStrategy: all) did not find any beans (OnBeanCondition)

   TaskExecutionAutoConfiguration matched:
      - @ConditionalOnClass found required class 'org.springframework.scheduling.concurrent.ThreadPoolTaskExecutor' (OnClassCondition)

   TaskExecutorConfigurations.AsyncConfigurerConfiguration matched:
      - @ConditionalOnMissingBean (types: org.springframework.scheduling.annotation.AsyncConfigurer; SearchStrategy: all) did not find any beans (OnBeanCondition)

   TaskExecutorConfigurations.SimpleAsyncTaskExecutorBuilderConfiguration#simpleAsyncTaskExecutorBuilder matched:
      - @ConditionalOnMissingBean (types: org.springframework.boot.task.SimpleAsyncTaskExecutorBuilder; SearchStrategy: all) did not find any beans (OnBeanCondition)
      - @ConditionalOnThreading found PLATFORM (OnThreadingCondition)

   TaskExecutorConfigurations.TaskExecutorConfiguration matched:
      - AnyNestedCondition 1 matched 1 did not; NestedCondition on TaskExecutorConfigurations.OnExecutorCondition.ModelCondition @ConditionalOnProperty (spring.task.execution.mode=force) did not find property 'spring.task.execution.mode'; NestedCondition on TaskExecutorConfigurations.OnExecutorCondition.ExecutorBeanCondition @ConditionalOnMissingBean (types: java.util.concurrent.Executor; SearchStrategy: all) did not find any beans (TaskExecutorConfigurations.OnExecutorCondition)

   TaskExecutorConfigurations.TaskExecutorConfiguration#applicationTaskExecutor matched:
      - @ConditionalOnThreading found PLATFORM (OnThreadingCondition)

   TaskExecutorConfigurations.ThreadPoolTaskExecutorBuilderConfiguration#threadPoolTaskExecutorBuilder matched:
      - @ConditionalOnMissingBean (types: org.springframework.boot.task.ThreadPoolTaskExecutorBuilder; SearchStrategy: all) did not find any beans (OnBeanCondition)

   TaskSchedulingAutoConfiguration matched:
      - @ConditionalOnClass found required class 'org.springframework.scheduling.concurrent.ThreadPoolTaskScheduler' (OnClassCondition)

   TaskSchedulingConfigurations.SimpleAsyncTaskSchedulerBuilderConfiguration#simpleAsyncTaskSchedulerBuilder matched:
      - @ConditionalOnMissingBean (types: org.springframework.boot.task.SimpleAsyncTaskSchedulerBuilder; SearchStrategy: all) did not find any beans (OnBeanCondition)
      - @ConditionalOnThreading found PLATFORM (OnThreadingCondition)

   TaskSchedulingConfigurations.ThreadPoolTaskSchedulerBuilderConfiguration#threadPoolTaskSchedulerBuilder matched:
      - @ConditionalOnMissingBean (types: org.springframework.boot.task.ThreadPoolTaskSchedulerBuilder; SearchStrategy: all) did not find any beans (OnBeanCondition)

   TomcatServletWebServerAutoConfiguration matched:
      - @ConditionalOnClass found required classes 'jakarta.servlet.ServletRequest', 'org.apache.catalina.startup.Tomcat', 'org.apache.coyote.UpgradeProtocol', 'org.springframework.boot.tomcat.servlet.TomcatServletWebServerFactory' (OnClassCondition)
      - found 'session' scope (OnWebApplicationCondition)

   TomcatServletWebServerAutoConfiguration#tomcatServletWebServerFactory matched:
      - @ConditionalOnMissingBean (types: org.springframework.boot.web.server.servlet.ServletWebServerFactory; SearchStrategy: current) did not find any beans (OnBeanCondition)

   TomcatWebServerConfiguration matched:
      - @ConditionalOnWarDeployment the application is not deployed as a WAR file. (OnWarDeploymentCondition)

   TomcatWebServerConfiguration.TomcatWebSocketConfiguration matched:
      - @ConditionalOnClass found required class 'org.apache.tomcat.websocket.server.WsSci' (OnClassCondition)

   WebMvcAutoConfiguration matched:
      - @ConditionalOnClass found required classes 'jakarta.servlet.Servlet', 'org.springframework.web.servlet.DispatcherServlet', 'org.springframework.web.servlet.config.annotation.WebMvcConfigurer' (OnClassCondition)
      - found 'session' scope (OnWebApplicationCondition)
      - @ConditionalOnMissingBean (types: org.springframework.web.servlet.config.annotation.WebMvcConfigurationSupport; SearchStrategy: all) did not find any beans (OnBeanCondition)

   WebMvcAutoConfiguration#formContentFilter matched:
      - @ConditionalOnBooleanProperty (spring.mvc.formcontent.filter.enabled=true) matched (OnPropertyCondition)
      - @ConditionalOnMissingBean (types: org.springframework.web.filter.FormContentFilter; SearchStrategy: all) did not find any beans (OnBeanCondition)

   WebMvcAutoConfiguration.EnableWebMvcConfiguration#flashMapManager matched:
      - @ConditionalOnMissingBean (names: flashMapManager; SearchStrategy: all) did not find any beans (OnBeanCondition)

   WebMvcAutoConfiguration.EnableWebMvcConfiguration#localeResolver matched:
      - @ConditionalOnMissingBean (names: localeResolver; SearchStrategy: all) did not find any beans (OnBeanCondition)

   WebMvcAutoConfiguration.EnableWebMvcConfiguration#viewNameTranslator matched:
      - @ConditionalOnMissingBean (names: viewNameTranslator; SearchStrategy: all) did not find any beans (OnBeanCondition)

   WebMvcAutoConfiguration.WebMvcAutoConfigurationAdapter#defaultViewResolver matched:
      - @ConditionalOnMissingBean (types: org.springframework.web.servlet.view.InternalResourceViewResolver; SearchStrategy: all) did not find any beans (OnBeanCondition)

   WebMvcAutoConfiguration.WebMvcAutoConfigurationAdapter#requestContextFilter matched:
      - @ConditionalOnMissingBean (types: org.springframework.web.context.request.RequestContextListener,org.springframework.web.filter.RequestContextFilter; SearchStrategy: all) did not find any beans (OnBeanCondition)

   WebMvcAutoConfiguration.WebMvcAutoConfigurationAdapter#viewResolver matched:
      - @ConditionalOnBean (types: org.springframework.web.servlet.ViewResolver; SearchStrategy: all) found beans 'defaultViewResolver', 'beanNameViewResolver', 'mvcViewResolver'; @ConditionalOnMissingBean (names: viewResolver types: org.springframework.web.servlet.view.ContentNegotiatingViewResolver; SearchStrategy: all) did not find any beans (OnBeanCondition)


Negative matches:
-----------------

   AopAutoConfiguration.AspectJAutoProxyingConfiguration:
      Did not match:
         - @ConditionalOnClass did not find required class 'org.aspectj.weaver.Advice' (OnClassCondition)

   DispatcherServletAutoConfiguration.DispatcherServletConfiguration#multipartResolver:
      Did not match:
         - @ConditionalOnBean (types: org.springframework.web.multipart.MultipartResolver; SearchStrategy: all) did not find any beans of type org.springframework.web.multipart.MultipartResolver (OnBeanCondition)

   GsonHttpMessageConvertersConfiguration:
      Did not match:
         - @ConditionalOnClass did not find required class 'com.google.gson.Gson' (OnClassCondition)

   Jackson2HttpMessageConvertersConfiguration.MappingJackson2HttpMessageConverterConfiguration:
      Did not match:
         - @ConditionalOnClass did not find required class 'com.fasterxml.jackson.databind.ObjectMapper' (OnClassCondition)

   Jackson2HttpMessageConvertersConfiguration.MappingJackson2XmlHttpMessageConverterConfiguration:
      Did not match:
         - @ConditionalOnClass did not find required class 'com.fasterxml.jackson.dataformat.xml.XmlMapper' (OnClassCondition)

   JacksonAutoConfiguration.CborConfiguration:
      Did not match:
         - @ConditionalOnClass did not find required class 'tools.jackson.dataformat.cbor.CBORMapper' (OnClassCondition)

   JacksonAutoConfiguration.XmlConfiguration:
      Did not match:
         - @ConditionalOnClass did not find required class 'tools.jackson.dataformat.xml.XmlMapper' (OnClassCondition)

   JacksonHttpMessageConvertersConfiguration.JacksonXmlHttpMessageConverterConfiguration:
      Did not match:
         - @ConditionalOnClass did not find required class 'tools.jackson.dataformat.xml.XmlMapper' (OnClassCondition)

   JsonbHttpMessageConvertersConfiguration:
      Did not match:
         - @ConditionalOnClass did not find required class 'jakarta.json.bind.Jsonb' (OnClassCondition)

   KotlinSerializationHttpMessageConvertersConfiguration:
      Did not match:
         - @ConditionalOnClass did not find required classes 'kotlinx.serialization.Serializable', 'kotlinx.serialization.json.Json' (OnClassCondition)

   MessageSourceAutoConfiguration:
      Did not match:
         - ResourceBundle did not find bundle with basename messages (MessageSourceAutoConfiguration.ResourceBundleCondition)

   ProjectInfoAutoConfiguration#buildProperties:
      Did not match:
         - @ConditionalOnResource did not find resource '${spring.info.build.location:classpath:META-INF/build-info.properties}' (OnResourceCondition)

   ProjectInfoAutoConfiguration#gitProperties:
      Did not match:
         - GitResource did not find git info at classpath:git.properties (ProjectInfoAutoConfiguration.GitResourceAvailableCondition)

   ServletHttpExchangesAutoConfiguration:
      Did not match:
         - @ConditionalOnBean did not find required type 'org.springframework.boot.actuate.web.exchanges.HttpExchangeRepository' (OnBeanCondition)

   ServletManagementContextAutoConfiguration:
      Did not match:
         - @ConditionalOnClass did not find required class 'org.springframework.boot.actuate.autoconfigure.endpoint.web.WebEndpointProperties' (OnClassCondition)

   ServletMappingsAutoConfiguration:
      Did not match:
         - @ConditionalOnClass did not find required class 'org.springframework.boot.actuate.autoconfigure.endpoint.condition.ConditionalOnAvailableEndpoint' (OnClassCondition)

   ServletWebServerConfiguration#forwardedHeaderFilter:
      Did not match:
         - @ConditionalOnProperty (server.forward-headers-strategy=framework) did not find property 'server.forward-headers-strategy' (OnPropertyCondition)

   TaskExecutorConfigurations.AsyncConfigurerWrapperConfiguration:
      Did not match:
         - @ConditionalOnBean (types: org.springframework.scheduling.annotation.AsyncConfigurer; SearchStrategy: all) did not find any beans of type org.springframework.scheduling.annotation.AsyncConfigurer (OnBeanCondition)

   TaskExecutorConfigurations.SimpleAsyncTaskExecutorBuilderConfiguration#simpleAsyncTaskExecutorBuilderVirtualThreads:
      Did not match:
         - @ConditionalOnMissingBean (types: org.springframework.boot.task.SimpleAsyncTaskExecutorBuilder; SearchStrategy: all) found beans of type 'org.springframework.boot.task.SimpleAsyncTaskExecutorBuilder' simpleAsyncTaskExecutorBuilder (OnBeanCondition)

   TaskExecutorConfigurations.TaskExecutorConfiguration#applicationTaskExecutorVirtualThreads:
      Did not match:
         - @ConditionalOnThreading did not find VIRTUAL (OnThreadingCondition)

   TaskSchedulingAutoConfiguration#scheduledBeanLazyInitializationExcludeFilter:
      Did not match:
         - @ConditionalOnBean (names: org.springframework.scheduling.config.internalScheduledAnnotationProcessor; SearchStrategy: all) did not find any beans named org.springframework.scheduling.config.internalScheduledAnnotationProcessor (OnBeanCondition)

   TaskSchedulingConfigurations.SimpleAsyncTaskSchedulerBuilderConfiguration#simpleAsyncTaskSchedulerBuilderVirtualThreads:
      Did not match:
         - @ConditionalOnMissingBean (types: org.springframework.boot.task.SimpleAsyncTaskSchedulerBuilder; SearchStrategy: all) found beans of type 'org.springframework.boot.task.SimpleAsyncTaskSchedulerBuilder' simpleAsyncTaskSchedulerBuilder (OnBeanCondition)

   TaskSchedulingConfigurations.TaskSchedulerConfiguration:
      Did not match:
         - @ConditionalOnBean (names: org.springframework.scheduling.config.internalScheduledAnnotationProcessor; SearchStrategy: all) did not find any beans named org.springframework.scheduling.config.internalScheduledAnnotationProcessor (OnBeanCondition)

   TomcatMetricsAutoConfiguration:
      Did not match:
         - @ConditionalOnClass did not find required class 'io.micrometer.core.instrument.binder.tomcat.TomcatMetrics' (OnClassCondition)

   TomcatReactiveManagementContextAutoConfiguration:
      Did not match:
         - @ConditionalOnClass did not find required class 'org.springframework.boot.actuate.autoconfigure.web.server.ManagementContextFactory' (OnClassCondition)

   TomcatReactiveWebServerAutoConfiguration:
      Did not match:
         - @ConditionalOnWebApplication did not find reactive web application classes (OnWebApplicationCondition)

   TomcatServletManagementContextAutoConfiguration:
      Did not match:
         - @ConditionalOnClass did not find required class 'org.springframework.boot.actuate.autoconfigure.web.server.ManagementContextFactory' (OnClassCondition)

   TomcatServletWebServerAutoConfiguration#tomcatForwardedHeaderFilterCustomizer:
      Did not match:
         - @ConditionalOnProperty (server.forward-headers-strategy=framework) did not find property 'server.forward-headers-strategy' (OnPropertyCondition)

   TomcatWebServerConfiguration#tomcatVirtualThreadsProtocolHandlerCustomizer:
      Did not match:
         - @ConditionalOnThreading did not find VIRTUAL (OnThreadingCondition)

   WebMvcAutoConfiguration#hiddenHttpMethodFilter:
      Did not match:
         - @ConditionalOnBooleanProperty (spring.mvc.hiddenmethod.filter.enabled=true) did not find property 'spring.mvc.hiddenmethod.filter.enabled' (OnPropertyCondition)

   WebMvcAutoConfiguration.ProblemDetailsErrorHandlingConfiguration:
      Did not match:
         - @ConditionalOnBooleanProperty (spring.mvc.problemdetails.enabled=true) did not find property 'spring.mvc.problemdetails.enabled' (OnPropertyCondition)

   WebMvcAutoConfiguration.ResourceChainCustomizerConfiguration:
      Did not match:
         - @ConditionalOnEnabledResourceChain did not find class org.webjars.WebJarVersionLocator (OnEnabledResourceChainCondition)

   WebMvcAutoConfiguration.WebMvcAutoConfigurationAdapter#beanNameViewResolver:
      Did not match:
         - @ConditionalOnMissingBean (types: org.springframework.web.servlet.view.BeanNameViewResolver; SearchStrategy: all) found beans of type 'org.springframework.web.servlet.view.BeanNameViewResolver' beanNameViewResolver (OnBeanCondition)

   WebMvcHealthEndpointExtensionAutoConfiguration:
      Did not match:
         - @ConditionalOnClass did not find required class 'org.springframework.boot.health.actuate.endpoint.HealthEndpoint' (OnClassCondition)

   WebMvcMappingsAutoConfiguration:
      Did not match:
         - @ConditionalOnClass did not find required class 'org.springframework.boot.actuate.autoconfigure.endpoint.condition.ConditionalOnAvailableEndpoint' (OnClassCondition)

   WebMvcObservationAutoConfiguration:
      Did not match:
         - @ConditionalOnClass did not find required class 'org.springframework.boot.micrometer.observation.autoconfigure.ObservationProperties' (OnClassCondition)


Exclusions:
-----------

    None


Unconditional classes:
----------------------

    org.springframework.boot.autoconfigure.context.ConfigurationPropertiesAutoConfiguration

    org.springframework.boot.autoconfigure.ssl.SslAutoConfiguration

    org.springframework.boot.autoconfigure.context.LifecycleAutoConfiguration

    org.springframework.boot.autoconfigure.context.PropertyPlaceholderAutoConfiguration

    org.springframework.boot.autoconfigure.availability.ApplicationAvailabilityAutoConfiguration

    org.springframework.boot.autoconfigure.info.ProjectInfoAutoConfiguration



27-03-2026 17:31:56 org.springframework.boot.StartupInfoLogger.logStarted - Started MicdlEtlApplication in 1.753 seconds (process running for 2.599)
27-03-2026 17:31:56 org.springframework.boot.availability.ApplicationAvailabilityBean.onApplicationEvent - Application availability state LivenessState changed to CORRECT
27-03-2026 17:31:56 org.springframework.boot.availability.ApplicationAvailabilityBean.onApplicationEvent - Application availability state ReadinessState changed to ACCEPTING_TRAFFIC
27-03-2026 17:39:34 org.apache.juli.logging.DirectJDKLog.log - Initializing Spring DispatcherServlet 'dispatcherServlet'
27-03-2026 17:39:34 org.springframework.web.servlet.FrameworkServlet.initServletBean - Initializing Servlet 'dispatcherServlet'
27-03-2026 17:39:34 org.springframework.web.servlet.DispatcherServlet.initMultipartResolver - Detected StandardServletMultipartResolver
27-03-2026 17:39:34 org.springframework.web.servlet.DispatcherServlet.initLocaleResolver - Detected AcceptHeaderLocaleResolver
27-03-2026 17:39:34 org.springframework.web.servlet.DispatcherServlet.initRequestToViewNameTranslator - Detected org.springframework.web.servlet.view.DefaultRequestToViewNameTranslator@72a2a3b6
27-03-2026 17:39:34 org.springframework.web.servlet.DispatcherServlet.initFlashMapManager - Detected org.springframework.web.servlet.support.SessionFlashMapManager@6f202c93
27-03-2026 17:39:34 org.springframework.web.servlet.FrameworkServlet.initServletBean - enableLoggingRequestDetails='false': request parameters and headers will be masked to prevent unsafe logging of potentially sensitive data
27-03-2026 17:39:34 org.springframework.web.servlet.FrameworkServlet.initServletBean - Completed initialization in 2 ms
27-03-2026 17:39:34 org.springframework.core.log.LogFormatUtils.traceDebug - GET "/elt/test", parameters={}
27-03-2026 17:39:34 org.springframework.web.servlet.handler.AbstractHandlerMapping.getHandler - Mapped to ResourceHttpRequestHandler [classpath [META-INF/resources/], classpath [resources/], classpath [static/], classpath [public/], ServletContext [/]]
27-03-2026 17:39:34 org.springframework.web.servlet.resource.ResourceHttpRequestHandler.handleRequest - Resource not found
27-03-2026 17:39:34 org.springframework.web.servlet.mvc.support.DefaultHandlerExceptionResolver.logException - Resolved [org.springframework.web.servlet.resource.NoResourceFoundException: No static resource elt/test for request '/elt/test'.]
27-03-2026 17:39:34 org.springframework.web.servlet.FrameworkServlet.logResult - Completed 404 NOT_FOUND
27-03-2026 17:39:34 org.springframework.core.log.LogFormatUtils.traceDebug - "ERROR" dispatch for GET "/error", parameters={}
27-03-2026 17:39:34 org.springframework.web.servlet.handler.AbstractHandlerMapping.getHandler - Mapped to org.springframework.boot.webmvc.autoconfigure.error.BasicErrorController#error(HttpServletRequest)
27-03-2026 17:39:34 org.springframework.web.servlet.mvc.method.annotation.AbstractMessageConverterMethodProcessor.writeWithMessageConverters - Using 'application/json', given [*/*] and supported [application/json, application/*+json]
27-03-2026 17:39:34 org.springframework.core.log.LogFormatUtils.traceDebug - Writing [{timestamp=Fri Mar 27 17:39:34 CET 2026, status=404, error=Not Found, path=/elt/test}]
27-03-2026 17:39:35 org.springframework.web.servlet.FrameworkServlet.logResult - Exiting from "ERROR" dispatch, status 404
27-03-2026 17:39:47 org.springframework.core.log.LogFormatUtils.traceDebug - GET "/etl/test", parameters={}
27-03-2026 17:39:47 org.springframework.web.servlet.handler.AbstractHandlerMapping.getHandler - Mapped to it.almaviva.mic.etl.controller.CaricamentoDatiController#testConnessione()
27-03-2026 17:39:47 it.almaviva.mic.etl.controller.CaricamentoDatiController.testConnessione - Inizio procedura
27-03-2026 17:39:47 it.almaviva.mic.etl.controller.CaricamentoDatiController.testConnessione - Creazione esito
27-03-2026 17:39:47 it.almaviva.mic.etl.controller.CaricamentoDatiController.testConnessione - Fine esecuzione
27-03-2026 17:39:47 org.springframework.web.servlet.mvc.method.annotation.AbstractMessageConverterMethodProcessor.writeWithMessageConverters - Using 'application/json', given [*/*] and supported [application/json, application/*+json]
27-03-2026 17:39:47 org.springframework.core.log.LogFormatUtils.traceDebug - Writing [EsitoDTO(codice=200, messaggio=Tutto a posto, content=null)]
27-03-2026 17:39:47 org.springframework.web.servlet.FrameworkServlet.logResult - Completed 200 OK
27-03-2026 17:51:48 org.springframework.boot.admin.SpringApplicationAdminMXBeanRegistrar$SpringApplicationAdmin.shutdown - Application shutdown requested.
27-03-2026 17:51:48 org.springframework.boot.availability.ApplicationAvailabilityBean.onApplicationEvent - Application availability state ReadinessState changed from ACCEPTING_TRAFFIC to REFUSING_TRAFFIC
27-03-2026 17:51:48 org.springframework.context.support.AbstractApplicationContext.doClose - Closing org.springframework.boot.web.server.servlet.context.AnnotationConfigServletWebServerApplicationContext@724bade8, started on Fri Mar 27 17:31:55 CET 2026
27-03-2026 17:51:48 org.springframework.context.support.DefaultLifecycleProcessor$LifecycleGroup.stop - Stopping beans in phase 2147482623
27-03-2026 17:51:48 org.springframework.boot.tomcat.GracefulShutdown.shutDownGracefully - Commencing graceful shutdown. Waiting for active requests to complete
27-03-2026 17:51:48 org.apache.juli.logging.DirectJDKLog.log - Pausing ProtocolHandler ["http-nio-8080"]
27-03-2026 17:51:48 org.springframework.boot.tomcat.GracefulShutdown.doShutdown - Graceful shutdown complete
27-03-2026 17:51:48 org.springframework.context.support.DefaultLifecycleProcessor$LifecycleGroup.stop - Stopping beans in phase 2147481599
27-03-2026 17:51:48 org.springframework.context.support.DefaultLifecycleProcessor.lambda$doStop$0 - Bean 'webServerGracefulShutdown' completed its stop procedure
27-03-2026 17:51:48 org.apache.juli.logging.DirectJDKLog.log - Stopping ProtocolHandler ["http-nio-8080"]
27-03-2026 17:51:48 org.springframework.context.support.DefaultLifecycleProcessor.lambda$doStop$0 - Bean 'webServerStartStop' completed its stop procedure
27-03-2026 17:51:48 org.springframework.context.support.DefaultLifecycleProcessor$LifecycleGroup.stop - Stopping beans in phase 1073741823
27-03-2026 17:51:48 org.springframework.context.support.DefaultLifecycleProcessor.lambda$doStop$0 - Bean 'applicationTaskExecutor' completed its stop procedure
27-03-2026 17:51:48 org.springframework.context.support.DefaultLifecycleProcessor$LifecycleGroup.stop - Stopping beans in phase -2147483647
27-03-2026 17:51:48 org.springframework.context.support.DefaultLifecycleProcessor.lambda$doStop$0 - Bean 'springBootLoggingLifecycle' completed its stop procedure
27-03-2026 17:51:48 org.springframework.jmx.export.MBeanExporter.destroy - Unregistering JMX-exposed beans on shutdown
27-03-2026 17:51:48 org.springframework.scheduling.concurrent.ExecutorConfigurationSupport.shutdown - Shutting down ExecutorService 'applicationTaskExecutor'
27-03-2026 17:51:54 org.springframework.boot.StartupInfoLogger.logStarting - Starting MicdlEtlApplication using Java 21.0.9 with PID 16488 (C:\Users\biagi\OneDrive\Documents\sts_workspace_etl\micdl-etl\target\classes started by biagi in C:\Users\biagi\OneDrive\Documents\sts_workspace_etl\micdl-etl)
27-03-2026 17:51:54 org.springframework.boot.StartupInfoLogger.logStarting - Running with Spring Boot v4.0.5, Spring v7.0.6
27-03-2026 17:51:54 org.springframework.boot.SpringApplication.logStartupProfileInfo - No active profile set, falling back to 1 default profile: "default"
27-03-2026 17:51:54 org.springframework.boot.SpringApplication.load - Loading source class it.almaviva.mic.etl.MicdlEtlApplication
27-03-2026 17:51:54 org.springframework.context.support.AbstractApplicationContext.prepareRefresh - Refreshing org.springframework.boot.web.server.servlet.context.AnnotationConfigServletWebServerApplicationContext@245a26e1
27-03-2026 17:51:55 org.springframework.beans.factory.support.DefaultSingletonBeanRegistry.getSingleton - Creating shared instance of singleton bean 'org.springframework.context.annotation.internalConfigurationAnnotationProcessor'
27-03-2026 17:51:55 org.springframework.beans.factory.support.DefaultSingletonBeanRegistry.getSingleton - Creating shared instance of singleton bean 'org.springframework.boot.autoconfigure.internalCachingMetadataReaderFactory'
27-03-2026 17:51:55 org.springframework.context.annotation.ClassPathScanningCandidateComponentProvider.scanCandidateComponents - Identified candidate component class: file [C:\Users\biagi\OneDrive\Documents\sts_workspace_etl\micdl-etl\target\classes\it\almaviva\mic\etl\config\SwaggerConfig.class]
27-03-2026 17:51:55 org.springframework.context.annotation.ClassPathScanningCandidateComponentProvider.scanCandidateComponents - Identified candidate component class: file [C:\Users\biagi\OneDrive\Documents\sts_workspace_etl\micdl-etl\target\classes\it\almaviva\mic\etl\controller\CaricamentoDatiController.class]
27-03-2026 17:51:55 org.springframework.beans.factory.support.DefaultSingletonBeanRegistry.getSingleton - Creating shared instance of singleton bean 'propertySourcesPlaceholderConfigurer'
27-03-2026 17:51:55 org.springframework.beans.factory.support.DefaultSingletonBeanRegistry.getSingleton - Creating shared instance of singleton bean 'org.springframework.context.event.internalEventListenerProcessor'
27-03-2026 17:51:55 org.springframework.beans.factory.support.DefaultSingletonBeanRegistry.getSingleton - Creating shared instance of singleton bean 'bootstrapExecutorAliasPostProcessor'
27-03-2026 17:51:55 org.springframework.beans.factory.support.DefaultSingletonBeanRegistry.getSingleton - Creating shared instance of singleton bean 'preserveErrorControllerTargetClassPostProcessor'
27-03-2026 17:51:55 org.springframework.beans.factory.support.DefaultSingletonBeanRegistry.getSingleton - Creating shared instance of singleton bean 'forceAutoProxyCreatorToUseClassProxying'
27-03-2026 17:51:55 org.springframework.beans.factory.support.DefaultSingletonBeanRegistry.getSingleton - Creating shared instance of singleton bean 'org.springframework.context.event.internalEventListenerFactory'
27-03-2026 17:51:55 org.springframework.beans.factory.support.DefaultSingletonBeanRegistry.getSingleton - Creating shared instance of singleton bean 'org.springframework.context.annotation.internalAutowiredAnnotationProcessor'
27-03-2026 17:51:55 org.springframework.beans.factory.support.DefaultSingletonBeanRegistry.getSingleton - Creating shared instance of singleton bean 'org.springframework.context.annotation.internalCommonAnnotationProcessor'
27-03-2026 17:51:55 org.springframework.beans.factory.support.DefaultSingletonBeanRegistry.getSingleton - Creating shared instance of singleton bean 'org.springframework.boot.context.properties.ConfigurationPropertiesBindingPostProcessor'
27-03-2026 17:51:55 org.springframework.beans.factory.support.DefaultSingletonBeanRegistry.getSingleton - Creating shared instance of singleton bean 'org.springframework.boot.context.internalConfigurationPropertiesBinder'
27-03-2026 17:51:55 org.springframework.beans.factory.support.DefaultSingletonBeanRegistry.getSingleton - Creating shared instance of singleton bean 'org.springframework.aop.config.internalAutoProxyCreator'
27-03-2026 17:51:55 org.springframework.beans.factory.support.DefaultSingletonBeanRegistry.getSingleton - Creating shared instance of singleton bean 'org.springframework.aop.framework.autoproxy.defaultProxyConfig'
27-03-2026 17:51:55 org.springframework.beans.factory.support.DefaultSingletonBeanRegistry.getSingleton - Creating shared instance of singleton bean 'webServerFactoryCustomizerBeanPostProcessor'
27-03-2026 17:51:55 org.springframework.beans.factory.support.DefaultSingletonBeanRegistry.getSingleton - Creating shared instance of singleton bean 'errorPageRegistrarBeanPostProcessor'
27-03-2026 17:51:55 org.springframework.beans.factory.support.DefaultSingletonBeanRegistry.getSingleton - Creating shared instance of singleton bean 'tomcatServletWebServerFactory'
27-03-2026 17:51:55 org.springframework.beans.factory.support.DefaultSingletonBeanRegistry.getSingleton - Creating shared instance of singleton bean 'org.springframework.boot.tomcat.autoconfigure.servlet.TomcatServletWebServerAutoConfiguration'
27-03-2026 17:51:55 org.springframework.beans.factory.support.DefaultSingletonBeanRegistry.getSingleton - Creating shared instance of singleton bean 'server.tomcat-org.springframework.boot.tomcat.autoconfigure.TomcatServerProperties'
27-03-2026 17:51:55 org.springframework.beans.factory.support.DefaultSingletonBeanRegistry.getSingleton - Creating shared instance of singleton bean 'org.springframework.boot.context.properties.BoundConfigurationProperties'
27-03-2026 17:51:55 org.springframework.beans.factory.support.ConstructorResolver.registerDependentBeans - Autowiring by type from bean name 'org.springframework.boot.tomcat.autoconfigure.servlet.TomcatServletWebServerAutoConfiguration' via constructor to bean named 'server.tomcat-org.springframework.boot.tomcat.autoconfigure.TomcatServerProperties'
27-03-2026 17:51:55 org.springframework.beans.factory.support.DefaultSingletonBeanRegistry.getSingleton - Creating shared instance of singleton bean 'servletWebServerFactoryCustomizer'
27-03-2026 17:51:55 org.springframework.beans.factory.support.DefaultSingletonBeanRegistry.getSingleton - Creating shared instance of singleton bean 'org.springframework.boot.web.server.autoconfigure.servlet.ServletWebServerConfiguration'
27-03-2026 17:51:55 org.springframework.beans.factory.support.DefaultSingletonBeanRegistry.getSingleton - Creating shared instance of singleton bean 'server-org.springframework.boot.web.server.autoconfigure.ServerProperties'
27-03-2026 17:51:55 org.springframework.beans.factory.support.ConstructorResolver.registerDependentBeans - Autowiring by type from bean name 'servletWebServerFactoryCustomizer' via factory method to bean named 'server-org.springframework.boot.web.server.autoconfigure.ServerProperties'
27-03-2026 17:51:55 org.springframework.beans.factory.support.DefaultSingletonBeanRegistry.getSingleton - Creating shared instance of singleton bean 'sslBundleRegistry'
27-03-2026 17:51:55 org.springframework.beans.factory.support.DefaultSingletonBeanRegistry.getSingleton - Creating shared instance of singleton bean 'org.springframework.boot.autoconfigure.ssl.SslAutoConfiguration'
27-03-2026 17:51:55 org.springframework.beans.factory.support.DefaultSingletonBeanRegistry.getSingleton - Creating shared instance of singleton bean 'spring.ssl-org.springframework.boot.autoconfigure.ssl.SslProperties'
27-03-2026 17:51:55 org.springframework.beans.factory.support.ConstructorResolver.registerDependentBeans - Autowiring by type from bean name 'org.springframework.boot.autoconfigure.ssl.SslAutoConfiguration' via constructor to bean named 'org.springframework.boot.web.server.servlet.context.AnnotationConfigServletWebServerApplicationContext@245a26e1'
27-03-2026 17:51:55 org.springframework.beans.factory.support.ConstructorResolver.registerDependentBeans - Autowiring by type from bean name 'org.springframework.boot.autoconfigure.ssl.SslAutoConfiguration' via constructor to bean named 'spring.ssl-org.springframework.boot.autoconfigure.ssl.SslProperties'
27-03-2026 17:51:55 org.springframework.beans.factory.support.DefaultSingletonBeanRegistry.getSingleton - Creating shared instance of singleton bean 'sslPropertiesSslBundleRegistrar'
27-03-2026 17:51:55 org.springframework.beans.factory.support.DefaultSingletonBeanRegistry.getSingleton - Creating shared instance of singleton bean 'fileWatcher'
27-03-2026 17:51:55 org.springframework.beans.factory.support.ConstructorResolver.registerDependentBeans - Autowiring by type from bean name 'sslPropertiesSslBundleRegistrar' via factory method to bean named 'fileWatcher'
27-03-2026 17:51:55 org.springframework.beans.factory.support.DefaultSingletonBeanRegistry.getSingleton - Creating shared instance of singleton bean 'webSocketWebServerCustomizer'
27-03-2026 17:51:55 org.springframework.beans.factory.support.DefaultSingletonBeanRegistry.getSingleton - Creating shared instance of singleton bean 'org.springframework.boot.tomcat.autoconfigure.TomcatWebServerConfiguration$TomcatWebSocketConfiguration'
27-03-2026 17:51:55 org.springframework.beans.factory.support.DefaultSingletonBeanRegistry.getSingleton - Creating shared instance of singleton bean 'tomcatWebServerFactoryCustomizer'
27-03-2026 17:51:55 org.springframework.beans.factory.support.DefaultSingletonBeanRegistry.getSingleton - Creating shared instance of singleton bean 'org.springframework.boot.tomcat.autoconfigure.TomcatWebServerConfiguration'
27-03-2026 17:51:55 org.springframework.beans.factory.support.DefaultSingletonBeanRegistry.getSingleton - Creating shared instance of singleton bean 'spring.web-org.springframework.boot.autoconfigure.web.WebProperties'
27-03-2026 17:51:55 org.springframework.beans.factory.support.ConstructorResolver.registerDependentBeans - Autowiring by type from bean name 'tomcatWebServerFactoryCustomizer' via factory method to bean named 'environment'
27-03-2026 17:51:55 org.springframework.beans.factory.support.ConstructorResolver.registerDependentBeans - Autowiring by type from bean name 'tomcatWebServerFactoryCustomizer' via factory method to bean named 'server-org.springframework.boot.web.server.autoconfigure.ServerProperties'
27-03-2026 17:51:55 org.springframework.beans.factory.support.ConstructorResolver.registerDependentBeans - Autowiring by type from bean name 'tomcatWebServerFactoryCustomizer' via factory method to bean named 'server.tomcat-org.springframework.boot.tomcat.autoconfigure.TomcatServerProperties'
27-03-2026 17:51:55 org.springframework.beans.factory.support.ConstructorResolver.registerDependentBeans - Autowiring by type from bean name 'tomcatWebServerFactoryCustomizer' via factory method to bean named 'spring.web-org.springframework.boot.autoconfigure.web.WebProperties'
27-03-2026 17:51:55 org.springframework.beans.factory.support.DefaultSingletonBeanRegistry.getSingleton - Creating shared instance of singleton bean 'tomcatServletWebServerFactoryCustomizer'
27-03-2026 17:51:55 org.springframework.beans.factory.support.ConstructorResolver.registerDependentBeans - Autowiring by type from bean name 'tomcatServletWebServerFactoryCustomizer' via factory method to bean named 'server.tomcat-org.springframework.boot.tomcat.autoconfigure.TomcatServerProperties'
27-03-2026 17:51:55 org.springframework.beans.factory.support.DefaultSingletonBeanRegistry.getSingleton - Creating shared instance of singleton bean 'errorPageCustomizer'
27-03-2026 17:51:55 org.springframework.beans.factory.support.DefaultSingletonBeanRegistry.getSingleton - Creating shared instance of singleton bean 'org.springframework.boot.webmvc.autoconfigure.error.ErrorMvcAutoConfiguration'
27-03-2026 17:51:55 org.springframework.beans.factory.support.ConstructorResolver.registerDependentBeans - Autowiring by type from bean name 'org.springframework.boot.webmvc.autoconfigure.error.ErrorMvcAutoConfiguration' via constructor to bean named 'spring.web-org.springframework.boot.autoconfigure.web.WebProperties'
27-03-2026 17:51:55 org.springframework.beans.factory.support.DefaultSingletonBeanRegistry.getSingleton - Creating shared instance of singleton bean 'dispatcherServletRegistration'
27-03-2026 17:51:55 org.springframework.beans.factory.support.DefaultSingletonBeanRegistry.getSingleton - Creating shared instance of singleton bean 'org.springframework.boot.webmvc.autoconfigure.DispatcherServletAutoConfiguration$DispatcherServletRegistrationConfiguration'
27-03-2026 17:51:55 org.springframework.beans.factory.support.DefaultSingletonBeanRegistry.getSingleton - Creating shared instance of singleton bean 'dispatcherServlet'
27-03-2026 17:51:55 org.springframework.beans.factory.support.DefaultSingletonBeanRegistry.getSingleton - Creating shared instance of singleton bean 'org.springframework.boot.webmvc.autoconfigure.DispatcherServletAutoConfiguration$DispatcherServletConfiguration'
27-03-2026 17:51:55 org.springframework.beans.factory.support.DefaultSingletonBeanRegistry.getSingleton - Creating shared instance of singleton bean 'spring.mvc-org.springframework.boot.webmvc.autoconfigure.WebMvcProperties'
27-03-2026 17:51:55 org.springframework.beans.factory.support.ConstructorResolver.registerDependentBeans - Autowiring by type from bean name 'dispatcherServlet' via factory method to bean named 'spring.mvc-org.springframework.boot.webmvc.autoconfigure.WebMvcProperties'
27-03-2026 17:51:55 org.springframework.beans.factory.support.ConstructorResolver.registerDependentBeans - Autowiring by type from bean name 'dispatcherServletRegistration' via factory method to bean named 'dispatcherServlet'
27-03-2026 17:51:55 org.springframework.beans.factory.support.ConstructorResolver.registerDependentBeans - Autowiring by type from bean name 'dispatcherServletRegistration' via factory method to bean named 'spring.mvc-org.springframework.boot.webmvc.autoconfigure.WebMvcProperties'
27-03-2026 17:51:55 org.springframework.beans.factory.support.DefaultSingletonBeanRegistry.getSingleton - Creating shared instance of singleton bean 'multipartConfigElement'
27-03-2026 17:51:55 org.springframework.beans.factory.support.DefaultSingletonBeanRegistry.getSingleton - Creating shared instance of singleton bean 'org.springframework.boot.servlet.autoconfigure.MultipartAutoConfiguration'
27-03-2026 17:51:55 org.springframework.beans.factory.support.DefaultSingletonBeanRegistry.getSingleton - Creating shared instance of singleton bean 'spring.servlet.multipart-org.springframework.boot.servlet.autoconfigure.MultipartProperties'
27-03-2026 17:51:55 org.springframework.beans.factory.support.ConstructorResolver.registerDependentBeans - Autowiring by type from bean name 'org.springframework.boot.servlet.autoconfigure.MultipartAutoConfiguration' via constructor to bean named 'spring.servlet.multipart-org.springframework.boot.servlet.autoconfigure.MultipartProperties'
27-03-2026 17:51:55 org.springframework.beans.factory.support.ConstructorResolver.registerDependentBeans - Autowiring by type from bean name 'errorPageCustomizer' via factory method to bean named 'dispatcherServletRegistration'
27-03-2026 17:51:55 org.springframework.boot.web.server.servlet.DocumentRoot.getArchiveFileDocumentRoot - Code archive: C:\Users\biagi\.m2\repository\org\springframework\boot\spring-boot-web-server\4.0.5\spring-boot-web-server-4.0.5.jar
27-03-2026 17:51:55 org.springframework.boot.web.server.servlet.DocumentRoot.getExplodedWarFileDocumentRoot - Code archive: C:\Users\biagi\.m2\repository\org\springframework\boot\spring-boot-web-server\4.0.5\spring-boot-web-server-4.0.5.jar
27-03-2026 17:51:55 org.springframework.boot.web.server.servlet.DocumentRoot.logNoDocumentRoots - None of the document roots [src/main/webapp, public, static] point to a directory and will be ignored.
27-03-2026 17:51:55 org.springframework.boot.tomcat.TomcatWebServer.initialize - Tomcat initialized with port 8080 (http)
27-03-2026 17:51:55 org.apache.juli.logging.DirectJDKLog.log - Initializing ProtocolHandler ["http-nio-8080"]
27-03-2026 17:51:55 org.apache.juli.logging.DirectJDKLog.log - Starting service [Tomcat]
27-03-2026 17:51:55 org.apache.juli.logging.DirectJDKLog.log - Starting Servlet engine: [Apache Tomcat/11.0.20]
27-03-2026 17:51:56 org.springframework.boot.web.context.servlet.WebApplicationContextInitializer.prepareWebApplicationContext - Published root WebApplicationContext as ServletContext attribute with name [org.springframework.web.context.WebApplicationContext.ROOT]
27-03-2026 17:51:56 org.springframework.boot.web.context.servlet.WebApplicationContextInitializer.prepareWebApplicationContext - Root WebApplicationContext: initialization completed in 1041 ms
27-03-2026 17:51:56 org.springframework.beans.factory.support.DefaultSingletonBeanRegistry.getSingleton - Creating shared instance of singleton bean 'requestContextFilter'
27-03-2026 17:51:56 org.springframework.beans.factory.support.DefaultSingletonBeanRegistry.getSingleton - Creating shared instance of singleton bean 'formContentFilter'
27-03-2026 17:51:56 org.springframework.beans.factory.support.DefaultSingletonBeanRegistry.getSingleton - Creating shared instance of singleton bean 'org.springframework.boot.webmvc.autoconfigure.WebMvcAutoConfiguration'
27-03-2026 17:51:56 org.springframework.beans.factory.support.DefaultSingletonBeanRegistry.getSingleton - Creating shared instance of singleton bean 'characterEncodingFilter'
27-03-2026 17:51:56 org.springframework.beans.factory.support.DefaultSingletonBeanRegistry.getSingleton - Creating shared instance of singleton bean 'org.springframework.boot.servlet.autoconfigure.HttpEncodingAutoConfiguration'
27-03-2026 17:51:56 org.springframework.beans.factory.support.DefaultSingletonBeanRegistry.getSingleton - Creating shared instance of singleton bean 'spring.servlet.encoding-org.springframework.boot.servlet.autoconfigure.ServletEncodingProperties'
27-03-2026 17:51:56 org.springframework.beans.factory.support.ConstructorResolver.registerDependentBeans - Autowiring by type from bean name 'characterEncodingFilter' via factory method to bean named 'spring.servlet.encoding-org.springframework.boot.servlet.autoconfigure.ServletEncodingProperties'
27-03-2026 17:51:56 org.springframework.boot.web.servlet.ServletContextInitializerBeans.logMappings - Mapping filters: characterEncodingFilter urls=[/*] order=-2147483648, formContentFilter urls=[/*] order=-9900, requestContextFilter urls=[/*] order=-105
27-03-2026 17:51:56 org.springframework.boot.web.servlet.ServletContextInitializerBeans.logMappings - Mapping servlets: dispatcherServlet urls=[/]
27-03-2026 17:51:56 org.springframework.web.filter.GenericFilterBean.init - Filter 'requestContextFilter' configured for use
27-03-2026 17:51:56 org.springframework.web.filter.GenericFilterBean.init - Filter 'characterEncodingFilter' configured for use
27-03-2026 17:51:56 org.springframework.web.filter.GenericFilterBean.init - Filter 'formContentFilter' configured for use
27-03-2026 17:51:56 org.springframework.beans.factory.support.DefaultSingletonBeanRegistry.getSingleton - Creating shared instance of singleton bean 'applicationTaskExecutor'
27-03-2026 17:51:56 org.springframework.beans.factory.support.DefaultSingletonBeanRegistry.getSingleton - Creating shared instance of singleton bean 'org.springframework.boot.autoconfigure.task.TaskExecutorConfigurations$TaskExecutorConfiguration'
27-03-2026 17:51:56 org.springframework.beans.factory.support.DefaultSingletonBeanRegistry.getSingleton - Creating shared instance of singleton bean 'threadPoolTaskExecutorBuilder'
27-03-2026 17:51:56 org.springframework.beans.factory.support.DefaultSingletonBeanRegistry.getSingleton - Creating shared instance of singleton bean 'org.springframework.boot.autoconfigure.task.TaskExecutorConfigurations$ThreadPoolTaskExecutorBuilderConfiguration'
27-03-2026 17:51:56 org.springframework.beans.factory.support.DefaultSingletonBeanRegistry.getSingleton - Creating shared instance of singleton bean 'spring.task.execution-org.springframework.boot.autoconfigure.task.TaskExecutionProperties'
27-03-2026 17:51:56 org.springframework.beans.factory.support.ConstructorResolver.registerDependentBeans - Autowiring by type from bean name 'threadPoolTaskExecutorBuilder' via factory method to bean named 'spring.task.execution-org.springframework.boot.autoconfigure.task.TaskExecutionProperties'
27-03-2026 17:51:56 org.springframework.beans.factory.support.ConstructorResolver.registerDependentBeans - Autowiring by type from bean name 'applicationTaskExecutor' via factory method to bean named 'threadPoolTaskExecutorBuilder'
27-03-2026 17:51:56 org.springframework.scheduling.concurrent.ExecutorConfigurationSupport.initialize - Initializing ExecutorService 'applicationTaskExecutor'
27-03-2026 17:51:56 org.springframework.beans.factory.support.DefaultSingletonBeanRegistry.getSingleton - Creating shared instance of singleton bean 'micdlEtlApplication'
27-03-2026 17:51:56 org.springframework.beans.factory.support.DefaultSingletonBeanRegistry.getSingleton - Creating shared instance of singleton bean 'swaggerConfig'
27-03-2026 17:51:56 org.springframework.beans.factory.support.DefaultSingletonBeanRegistry.getSingleton - Creating shared instance of singleton bean 'caricamentoDatiController'
27-03-2026 17:51:56 org.springframework.beans.factory.support.DefaultSingletonBeanRegistry.getSingleton - Creating shared instance of singleton bean 'customOpenAPI'
27-03-2026 17:51:56 org.springframework.beans.factory.support.DefaultSingletonBeanRegistry.getSingleton - Creating shared instance of singleton bean 'org.springframework.boot.autoconfigure.AutoConfigurationPackages'
27-03-2026 17:51:56 org.springframework.beans.factory.support.DefaultSingletonBeanRegistry.getSingleton - Creating shared instance of singleton bean 'org.springframework.boot.autoconfigure.context.PropertyPlaceholderAutoConfiguration'
27-03-2026 17:51:56 org.springframework.beans.factory.support.DefaultSingletonBeanRegistry.getSingleton - Creating shared instance of singleton bean 'org.springframework.boot.context.properties.EnableConfigurationPropertiesRegistrar.methodValidationExcludeFilter'
27-03-2026 17:51:56 org.springframework.beans.factory.support.DefaultSingletonBeanRegistry.getSingleton - Creating shared instance of singleton bean 'org.springframework.boot.webmvc.autoconfigure.DispatcherServletAutoConfiguration'
27-03-2026 17:51:56 org.springframework.beans.factory.support.DefaultSingletonBeanRegistry.getSingleton - Creating shared instance of singleton bean 'org.springframework.boot.autoconfigure.task.TaskExecutorConfigurations$SimpleAsyncTaskExecutorBuilderConfiguration'
27-03-2026 17:51:56 org.springframework.beans.factory.support.ConstructorResolver.registerDependentBeans - Autowiring by type from bean name 'org.springframework.boot.autoconfigure.task.TaskExecutorConfigurations$SimpleAsyncTaskExecutorBuilderConfiguration' via constructor to bean named 'spring.task.execution-org.springframework.boot.autoconfigure.task.TaskExecutionProperties'
27-03-2026 17:51:56 org.springframework.beans.factory.support.DefaultSingletonBeanRegistry.getSingleton - Creating shared instance of singleton bean 'simpleAsyncTaskExecutorBuilder'
27-03-2026 17:51:56 org.springframework.beans.factory.support.DefaultSingletonBeanRegistry.getSingleton - Creating shared instance of singleton bean 'org.springframework.boot.autoconfigure.task.TaskExecutorConfigurations$AsyncConfigurerConfiguration'
27-03-2026 17:51:56 org.springframework.beans.factory.support.DefaultSingletonBeanRegistry.getSingleton - Creating shared instance of singleton bean 'applicationTaskExecutorAsyncConfigurer'
27-03-2026 17:51:56 org.springframework.beans.factory.support.ConstructorResolver.registerDependentBeans - Autowiring by type from bean name 'applicationTaskExecutorAsyncConfigurer' via factory method to bean named 'org.springframework.beans.factory.support.DefaultListableBeanFactory@6f95cd51'
27-03-2026 17:51:56 org.springframework.beans.factory.support.DefaultSingletonBeanRegistry.getSingleton - Creating shared instance of singleton bean 'org.springframework.boot.autoconfigure.task.TaskExecutorConfigurations$BootstrapExecutorConfiguration'
27-03-2026 17:51:56 org.springframework.beans.factory.support.DefaultSingletonBeanRegistry.getSingleton - Creating shared instance of singleton bean 'org.springframework.boot.autoconfigure.task.TaskExecutionAutoConfiguration'
27-03-2026 17:51:56 org.springframework.beans.factory.support.DefaultSingletonBeanRegistry.getSingleton - Creating shared instance of singleton bean 'org.springframework.boot.webmvc.autoconfigure.error.ErrorMvcAutoConfiguration$WhitelabelErrorViewConfiguration'
27-03-2026 17:51:56 org.springframework.beans.factory.support.DefaultSingletonBeanRegistry.getSingleton - Creating shared instance of singleton bean 'error'
27-03-2026 17:51:56 org.springframework.beans.factory.support.DefaultSingletonBeanRegistry.getSingleton - Creating shared instance of singleton bean 'beanNameViewResolver'
27-03-2026 17:51:56 org.springframework.beans.factory.support.DefaultSingletonBeanRegistry.getSingleton - Creating shared instance of singleton bean 'org.springframework.boot.webmvc.autoconfigure.error.ErrorMvcAutoConfiguration$DefaultErrorViewResolverConfiguration'
27-03-2026 17:51:56 org.springframework.beans.factory.support.ConstructorResolver.registerDependentBeans - Autowiring by type from bean name 'org.springframework.boot.webmvc.autoconfigure.error.ErrorMvcAutoConfiguration$DefaultErrorViewResolverConfiguration' via constructor to bean named 'org.springframework.boot.web.server.servlet.context.AnnotationConfigServletWebServerApplicationContext@245a26e1'
27-03-2026 17:51:56 org.springframework.beans.factory.support.ConstructorResolver.registerDependentBeans - Autowiring by type from bean name 'org.springframework.boot.webmvc.autoconfigure.error.ErrorMvcAutoConfiguration$DefaultErrorViewResolverConfiguration' via constructor to bean named 'spring.web-org.springframework.boot.autoconfigure.web.WebProperties'
27-03-2026 17:51:56 org.springframework.beans.factory.support.DefaultSingletonBeanRegistry.getSingleton - Creating shared instance of singleton bean 'conventionErrorViewResolver'
27-03-2026 17:51:56 org.springframework.beans.factory.support.DefaultSingletonBeanRegistry.getSingleton - Creating shared instance of singleton bean 'errorAttributes'
27-03-2026 17:51:56 org.springframework.beans.factory.support.DefaultSingletonBeanRegistry.getSingleton - Creating shared instance of singleton bean 'basicErrorController'
27-03-2026 17:51:56 org.springframework.beans.factory.support.ConstructorResolver.registerDependentBeans - Autowiring by type from bean name 'basicErrorController' via factory method to bean named 'errorAttributes'
27-03-2026 17:51:56 org.springframework.beans.factory.support.DefaultSingletonBeanRegistry.getSingleton - Creating shared instance of singleton bean 'org.springframework.boot.webmvc.autoconfigure.WebMvcAutoConfiguration$EnableWebMvcConfiguration'
27-03-2026 17:51:56 org.springframework.beans.factory.support.ConstructorResolver.registerDependentBeans - Autowiring by type from bean name 'org.springframework.boot.webmvc.autoconfigure.WebMvcAutoConfiguration$EnableWebMvcConfiguration' via constructor to bean named 'spring.mvc-org.springframework.boot.webmvc.autoconfigure.WebMvcProperties'
27-03-2026 17:51:56 org.springframework.beans.factory.support.ConstructorResolver.registerDependentBeans - Autowiring by type from bean name 'org.springframework.boot.webmvc.autoconfigure.WebMvcAutoConfiguration$EnableWebMvcConfiguration' via constructor to bean named 'spring.web-org.springframework.boot.autoconfigure.web.WebProperties'
27-03-2026 17:51:56 org.springframework.beans.factory.support.ConstructorResolver.registerDependentBeans - Autowiring by type from bean name 'org.springframework.boot.webmvc.autoconfigure.WebMvcAutoConfiguration$EnableWebMvcConfiguration' via constructor to bean named 'org.springframework.beans.factory.support.DefaultListableBeanFactory@6f95cd51'
27-03-2026 17:51:56 org.springframework.beans.factory.support.DefaultSingletonBeanRegistry.getSingleton - Creating shared instance of singleton bean 'org.springframework.boot.webmvc.autoconfigure.WebMvcAutoConfiguration$WebMvcAutoConfigurationAdapter'
27-03-2026 17:51:56 org.springframework.beans.factory.support.ConstructorResolver.registerDependentBeans - Autowiring by type from bean name 'org.springframework.boot.webmvc.autoconfigure.WebMvcAutoConfiguration$WebMvcAutoConfigurationAdapter' via constructor to bean named 'spring.web-org.springframework.boot.autoconfigure.web.WebProperties'
27-03-2026 17:51:56 org.springframework.beans.factory.support.ConstructorResolver.registerDependentBeans - Autowiring by type from bean name 'org.springframework.boot.webmvc.autoconfigure.WebMvcAutoConfiguration$WebMvcAutoConfigurationAdapter' via constructor to bean named 'spring.mvc-org.springframework.boot.webmvc.autoconfigure.WebMvcProperties'
27-03-2026 17:51:56 org.springframework.beans.factory.support.ConstructorResolver.registerDependentBeans - Autowiring by type from bean name 'org.springframework.boot.webmvc.autoconfigure.WebMvcAutoConfiguration$WebMvcAutoConfigurationAdapter' via constructor to bean named 'org.springframework.beans.factory.support.DefaultListableBeanFactory@6f95cd51'
27-03-2026 17:51:56 org.springframework.beans.factory.support.DefaultSingletonBeanRegistry.getSingleton - Creating shared instance of singleton bean 'swaggerWebMvcConfigurer'
27-03-2026 17:51:56 org.springframework.beans.factory.support.DefaultSingletonBeanRegistry.getSingleton - Creating shared instance of singleton bean 'org.springdoc.webmvc.ui.SwaggerConfig'
27-03-2026 17:51:56 org.springframework.beans.factory.support.DefaultSingletonBeanRegistry.getSingleton - Creating shared instance of singleton bean 'org.springdoc.core.properties.SwaggerUiConfigParameters'
27-03-2026 17:51:56 org.springframework.beans.factory.support.DefaultSingletonBeanRegistry.getSingleton - Creating shared instance of singleton bean 'org.springdoc.core.properties.SwaggerUiConfigProperties'
27-03-2026 17:51:56 org.springframework.beans.factory.support.ConstructorResolver.registerDependentBeans - Autowiring by type from bean name 'org.springdoc.core.properties.SwaggerUiConfigParameters' via constructor to bean named 'org.springdoc.core.properties.SwaggerUiConfigProperties'
27-03-2026 17:51:56 org.springframework.beans.factory.support.DefaultSingletonBeanRegistry.getSingleton - Creating shared instance of singleton bean 'indexPageTransformer'
27-03-2026 17:51:56 org.springframework.beans.factory.support.DefaultSingletonBeanRegistry.getSingleton - Creating shared instance of singleton bean 'org.springdoc.core.properties.SwaggerUiOAuthProperties'
27-03-2026 17:51:56 org.springframework.beans.factory.support.DefaultSingletonBeanRegistry.getSingleton - Creating shared instance of singleton bean 'swaggerWelcome'
27-03-2026 17:51:56 org.springframework.beans.factory.support.DefaultSingletonBeanRegistry.getSingleton - Creating shared instance of singleton bean 'org.springdoc.core.properties.SpringDocConfigProperties'
27-03-2026 17:51:56 org.springframework.beans.factory.support.DefaultSingletonBeanRegistry.getSingleton - Creating shared instance of singleton bean 'springWebProvider'
27-03-2026 17:51:56 org.springframework.beans.factory.support.DefaultSingletonBeanRegistry.getSingleton - Creating shared instance of singleton bean 'org.springdoc.webmvc.core.configuration.SpringDocWebMvcConfiguration'
27-03-2026 17:51:56 org.springframework.beans.factory.support.ConstructorResolver.registerDependentBeans - Autowiring by type from bean name 'swaggerWelcome' via factory method to bean named 'org.springdoc.core.properties.SwaggerUiConfigProperties'
27-03-2026 17:51:56 org.springframework.beans.factory.support.ConstructorResolver.registerDependentBeans - Autowiring by type from bean name 'swaggerWelcome' via factory method to bean named 'org.springdoc.core.properties.SpringDocConfigProperties'
27-03-2026 17:51:56 org.springframework.beans.factory.support.ConstructorResolver.registerDependentBeans - Autowiring by type from bean name 'swaggerWelcome' via factory method to bean named 'org.springdoc.core.properties.SwaggerUiConfigParameters'
27-03-2026 17:51:56 org.springframework.beans.factory.support.ConstructorResolver.registerDependentBeans - Autowiring by type from bean name 'swaggerWelcome' via factory method to bean named 'springWebProvider'
27-03-2026 17:51:56 org.springframework.beans.factory.support.DefaultSingletonBeanRegistry.getSingleton - Creating shared instance of singleton bean 'springdocObjectMapperProvider'
27-03-2026 17:51:56 org.springframework.beans.factory.support.DefaultSingletonBeanRegistry.getSingleton - Creating shared instance of singleton bean 'org.springdoc.core.configuration.SpringDocConfiguration'
27-03-2026 17:51:56 org.springframework.beans.factory.support.ConstructorResolver.registerDependentBeans - Autowiring by type from bean name 'springdocObjectMapperProvider' via factory method to bean named 'org.springdoc.core.properties.SpringDocConfigProperties'
27-03-2026 17:51:56 org.springframework.beans.factory.support.ConstructorResolver.registerDependentBeans - Autowiring by type from bean name 'indexPageTransformer' via factory method to bean named 'org.springdoc.core.properties.SwaggerUiConfigProperties'
27-03-2026 17:51:56 org.springframework.beans.factory.support.ConstructorResolver.registerDependentBeans - Autowiring by type from bean name 'indexPageTransformer' via factory method to bean named 'org.springdoc.core.properties.SwaggerUiOAuthProperties'
27-03-2026 17:51:56 org.springframework.beans.factory.support.ConstructorResolver.registerDependentBeans - Autowiring by type from bean name 'indexPageTransformer' via factory method to bean named 'org.springdoc.core.properties.SwaggerUiConfigParameters'
27-03-2026 17:51:56 org.springframework.beans.factory.support.ConstructorResolver.registerDependentBeans - Autowiring by type from bean name 'indexPageTransformer' via factory method to bean named 'swaggerWelcome'
27-03-2026 17:51:56 org.springframework.beans.factory.support.ConstructorResolver.registerDependentBeans - Autowiring by type from bean name 'indexPageTransformer' via factory method to bean named 'springdocObjectMapperProvider'
27-03-2026 17:51:56 org.springframework.beans.factory.support.DefaultSingletonBeanRegistry.getSingleton - Creating shared instance of singleton bean 'swaggerResourceResolver'
27-03-2026 17:51:56 org.springframework.beans.factory.support.ConstructorResolver.registerDependentBeans - Autowiring by type from bean name 'swaggerResourceResolver' via factory method to bean named 'org.springdoc.core.properties.SwaggerUiConfigProperties'
27-03-2026 17:51:56 org.springframework.beans.factory.support.ConstructorResolver.registerDependentBeans - Autowiring by type from bean name 'swaggerWebMvcConfigurer' via factory method to bean named 'org.springdoc.core.properties.SwaggerUiConfigParameters'
27-03-2026 17:51:56 org.springframework.beans.factory.support.ConstructorResolver.registerDependentBeans - Autowiring by type from bean name 'swaggerWebMvcConfigurer' via factory method to bean named 'indexPageTransformer'
27-03-2026 17:51:56 org.springframework.beans.factory.support.ConstructorResolver.registerDependentBeans - Autowiring by type from bean name 'swaggerWebMvcConfigurer' via factory method to bean named 'swaggerResourceResolver'
27-03-2026 17:51:56 org.springframework.beans.factory.support.DefaultSingletonBeanRegistry.getSingleton - Creating shared instance of singleton bean 'welcomePageHandlerMapping'
27-03-2026 17:51:56 org.springframework.beans.factory.support.DefaultSingletonBeanRegistry.getSingleton - Creating shared instance of singleton bean 'mvcConversionService'
27-03-2026 17:51:56 org.springframework.beans.factory.support.DefaultSingletonBeanRegistry.getSingleton - Creating shared instance of singleton bean 'mvcResourceUrlProvider'
27-03-2026 17:51:56 org.springframework.beans.factory.support.ConstructorResolver.registerDependentBeans - Autowiring by type from bean name 'welcomePageHandlerMapping' via factory method to bean named 'org.springframework.boot.web.server.servlet.context.AnnotationConfigServletWebServerApplicationContext@245a26e1'
27-03-2026 17:51:56 org.springframework.beans.factory.support.ConstructorResolver.registerDependentBeans - Autowiring by type from bean name 'welcomePageHandlerMapping' via factory method to bean named 'mvcConversionService'
27-03-2026 17:51:56 org.springframework.beans.factory.support.ConstructorResolver.registerDependentBeans - Autowiring by type from bean name 'welcomePageHandlerMapping' via factory method to bean named 'mvcResourceUrlProvider'
27-03-2026 17:51:56 org.springframework.beans.factory.support.DefaultSingletonBeanRegistry.getSingleton - Creating shared instance of singleton bean 'welcomePageNotAcceptableHandlerMapping'
27-03-2026 17:51:56 org.springframework.beans.factory.support.ConstructorResolver.registerDependentBeans - Autowiring by type from bean name 'welcomePageNotAcceptableHandlerMapping' via factory method to bean named 'org.springframework.boot.web.server.servlet.context.AnnotationConfigServletWebServerApplicationContext@245a26e1'
27-03-2026 17:51:56 org.springframework.beans.factory.support.ConstructorResolver.registerDependentBeans - Autowiring by type from bean name 'welcomePageNotAcceptableHandlerMapping' via factory method to bean named 'mvcConversionService'
27-03-2026 17:51:56 org.springframework.beans.factory.support.ConstructorResolver.registerDependentBeans - Autowiring by type from bean name 'welcomePageNotAcceptableHandlerMapping' via factory method to bean named 'mvcResourceUrlProvider'
27-03-2026 17:51:56 org.springframework.beans.factory.support.DefaultSingletonBeanRegistry.getSingleton - Creating shared instance of singleton bean 'localeResolver'
27-03-2026 17:51:56 org.springframework.beans.factory.support.DefaultSingletonBeanRegistry.getSingleton - Creating shared instance of singleton bean 'flashMapManager'
27-03-2026 17:51:56 org.springframework.beans.factory.support.DefaultSingletonBeanRegistry.getSingleton - Creating shared instance of singleton bean 'viewNameTranslator'
27-03-2026 17:51:56 org.springframework.beans.factory.support.DefaultSingletonBeanRegistry.getSingleton - Creating shared instance of singleton bean 'mvcValidator'
27-03-2026 17:51:56 org.springframework.validation.beanvalidation.OptionalValidatorFactoryBean.afterPropertiesSet - Failed to set up a Bean Validation provider
jakarta.validation.NoProviderFoundException: Unable to create a Configuration, because no Jakarta Validation provider could be found. Add a provider like Hibernate Validator (RI) to your classpath.
	at jakarta.validation.Validation$GenericBootstrapImpl.configure(Validation.java:291)
	at org.springframework.validation.beanvalidation.LocalValidatorFactoryBean.afterPropertiesSet(LocalValidatorFactoryBean.java:261)
	at org.springframework.validation.beanvalidation.OptionalValidatorFactoryBean.afterPropertiesSet(OptionalValidatorFactoryBean.java:40)
	at org.springframework.beans.factory.support.AbstractAutowireCapableBeanFactory.invokeInitMethods(AbstractAutowireCapableBeanFactory.java:1864)
	at org.springframework.beans.factory.support.AbstractAutowireCapableBeanFactory.initializeBean(AbstractAutowireCapableBeanFactory.java:1813)
	at org.springframework.beans.factory.support.AbstractAutowireCapableBeanFactory.doCreateBean(AbstractAutowireCapableBeanFactory.java:603)
	at org.springframework.beans.factory.support.AbstractAutowireCapableBeanFactory.createBean(AbstractAutowireCapableBeanFactory.java:525)
	at org.springframework.beans.factory.support.AbstractBeanFactory.lambda$doGetBean$0(AbstractBeanFactory.java:333)
	at org.springframework.beans.factory.support.DefaultSingletonBeanRegistry.getSingleton(DefaultSingletonBeanRegistry.java:371)
	at org.springframework.beans.factory.support.AbstractBeanFactory.doGetBean(AbstractBeanFactory.java:331)
	at org.springframework.beans.factory.support.AbstractBeanFactory.getBean(AbstractBeanFactory.java:196)
	at org.springframework.beans.factory.support.DefaultListableBeanFactory.instantiateSingleton(DefaultListableBeanFactory.java:1218)
	at org.springframework.beans.factory.support.DefaultListableBeanFactory.preInstantiateSingleton(DefaultListableBeanFactory.java:1184)
	at org.springframework.beans.factory.support.DefaultListableBeanFactory.preInstantiateSingletons(DefaultListableBeanFactory.java:1121)
	at org.springframework.context.support.AbstractApplicationContext.finishBeanFactoryInitialization(AbstractApplicationContext.java:994)
	at org.springframework.context.support.AbstractApplicationContext.refresh(AbstractApplicationContext.java:621)
	at org.springframework.boot.web.server.servlet.context.ServletWebServerApplicationContext.refresh(ServletWebServerApplicationContext.java:143)
	at org.springframework.boot.SpringApplication.refresh(SpringApplication.java:756)
	at org.springframework.boot.SpringApplication.refreshContext(SpringApplication.java:445)
	at org.springframework.boot.SpringApplication.run(SpringApplication.java:321)
	at org.springframework.boot.SpringApplication.run(SpringApplication.java:1365)
	at org.springframework.boot.SpringApplication.run(SpringApplication.java:1354)
	at it.almaviva.mic.etl.MicdlEtlApplication.main(MicdlEtlApplication.java:10)
27-03-2026 17:51:56 org.springframework.beans.factory.support.DefaultSingletonBeanRegistry.getSingleton - Creating shared instance of singleton bean 'requestMappingHandlerMapping'
27-03-2026 17:51:56 org.springframework.beans.factory.support.DefaultSingletonBeanRegistry.getSingleton - Creating shared instance of singleton bean 'mvcContentNegotiationManager'
27-03-2026 17:51:56 org.springframework.beans.factory.support.DefaultSingletonBeanRegistry.getSingleton - Creating shared instance of singleton bean 'stringHttpMessageConvertersCustomizer'
27-03-2026 17:51:56 org.springframework.beans.factory.support.DefaultSingletonBeanRegistry.getSingleton - Creating shared instance of singleton bean 'org.springframework.boot.http.converter.autoconfigure.HttpMessageConvertersAutoConfiguration$StringHttpMessageConverterConfiguration'
27-03-2026 17:51:56 org.springframework.beans.factory.support.DefaultSingletonBeanRegistry.getSingleton - Creating shared instance of singleton bean 'spring.http.converters-org.springframework.boot.http.converter.autoconfigure.HttpMessageConvertersProperties'
27-03-2026 17:51:56 org.springframework.beans.factory.support.ConstructorResolver.registerDependentBeans - Autowiring by type from bean name 'stringHttpMessageConvertersCustomizer' via factory method to bean named 'spring.http.converters-org.springframework.boot.http.converter.autoconfigure.HttpMessageConvertersProperties'
27-03-2026 17:51:56 org.springframework.beans.factory.support.DefaultSingletonBeanRegistry.getSingleton - Creating shared instance of singleton bean 'jacksonJsonHttpMessageConvertersCustomizer'
27-03-2026 17:51:56 org.springframework.beans.factory.support.DefaultSingletonBeanRegistry.getSingleton - Creating shared instance of singleton bean 'org.springframework.boot.http.converter.autoconfigure.JacksonHttpMessageConvertersConfiguration$JacksonJsonHttpMessageConverterConfiguration'
27-03-2026 17:51:56 org.springframework.beans.factory.support.DefaultSingletonBeanRegistry.getSingleton - Creating shared instance of singleton bean 'jacksonJsonMapper'
27-03-2026 17:51:56 org.springframework.beans.factory.support.DefaultSingletonBeanRegistry.getSingleton - Creating shared instance of singleton bean 'org.springframework.boot.jackson.autoconfigure.JacksonAutoConfiguration'
27-03-2026 17:51:56 org.springframework.beans.factory.support.DefaultSingletonBeanRegistry.getSingleton - Creating shared instance of singleton bean 'problemDetailJsonMapperBuilderCustomizer'
27-03-2026 17:51:56 org.springframework.beans.factory.support.DefaultSingletonBeanRegistry.getSingleton - Creating shared instance of singleton bean 'org.springframework.boot.jackson.autoconfigure.JacksonAutoConfiguration$JsonProblemDetailsConfiguration'
27-03-2026 17:51:56 org.springframework.beans.factory.support.DefaultSingletonBeanRegistry.getSingleton - Creating shared instance of singleton bean 'standardJsonMapperBuilderCustomizer'
27-03-2026 17:51:56 org.springframework.beans.factory.support.DefaultSingletonBeanRegistry.getSingleton - Creating shared instance of singleton bean 'org.springframework.boot.jackson.autoconfigure.JacksonAutoConfiguration$JacksonJsonMapperBuilderCustomizerConfiguration'
27-03-2026 17:51:56 org.springframework.beans.factory.support.DefaultSingletonBeanRegistry.getSingleton - Creating shared instance of singleton bean 'spring.jackson-org.springframework.boot.jackson.autoconfigure.JacksonProperties'
27-03-2026 17:51:56 org.springframework.beans.factory.support.ConstructorResolver.registerDependentBeans - Autowiring by type from bean name 'standardJsonMapperBuilderCustomizer' via factory method to bean named 'spring.jackson-org.springframework.boot.jackson.autoconfigure.JacksonProperties'
27-03-2026 17:51:56 org.springframework.beans.factory.support.DefaultSingletonBeanRegistry.getSingleton - Creating shared instance of singleton bean 'jacksonMixinModule'
27-03-2026 17:51:56 org.springframework.beans.factory.support.DefaultSingletonBeanRegistry.getSingleton - Creating shared instance of singleton bean 'org.springframework.boot.jackson.autoconfigure.JacksonAutoConfiguration$JacksonMixinConfiguration'
27-03-2026 17:51:56 org.springframework.beans.factory.support.DefaultSingletonBeanRegistry.getSingleton - Creating shared instance of singleton bean 'jacksonMixinModuleEntries'
27-03-2026 17:51:56 org.springframework.beans.factory.support.ConstructorResolver.registerDependentBeans - Autowiring by type from bean name 'jacksonMixinModuleEntries' via factory method to bean named 'org.springframework.boot.web.server.servlet.context.AnnotationConfigServletWebServerApplicationContext@245a26e1'
27-03-2026 17:51:56 org.springframework.boot.autoconfigure.AutoConfigurationPackages$BasePackages.get - @EnableAutoConfiguration was declared on a class in the package 'it.almaviva.mic.etl'. Automatic @Repository and @Entity scanning is enabled.
27-03-2026 17:51:56 org.springframework.beans.factory.support.ConstructorResolver.registerDependentBeans - Autowiring by type from bean name 'jacksonMixinModule' via factory method to bean named 'org.springframework.boot.web.server.servlet.context.AnnotationConfigServletWebServerApplicationContext@245a26e1'
27-03-2026 17:51:56 org.springframework.beans.factory.support.ConstructorResolver.registerDependentBeans - Autowiring by type from bean name 'jacksonMixinModule' via factory method to bean named 'jacksonMixinModuleEntries'
27-03-2026 17:51:56 org.springframework.beans.factory.support.DefaultSingletonBeanRegistry.getSingleton - Creating shared instance of singleton bean 'jsonComponentModule'
27-03-2026 17:51:56 org.springframework.beans.factory.support.ConstructorResolver.registerDependentBeans - Autowiring by type from bean name 'jsonMapperBuilder' via factory method to bean named 'problemDetailJsonMapperBuilderCustomizer'
27-03-2026 17:51:56 org.springframework.beans.factory.support.ConstructorResolver.registerDependentBeans - Autowiring by type from bean name 'jsonMapperBuilder' via factory method to bean named 'standardJsonMapperBuilderCustomizer'
27-03-2026 17:51:56 org.springframework.beans.factory.support.ConstructorResolver.registerDependentBeans - Autowiring by type from bean name 'jacksonJsonMapper' via factory method to bean named 'jsonMapperBuilder'
27-03-2026 17:51:56 org.springframework.beans.factory.support.ConstructorResolver.registerDependentBeans - Autowiring by type from bean name 'jacksonJsonHttpMessageConvertersCustomizer' via factory method to bean named 'jacksonJsonMapper'
27-03-2026 17:51:56 org.springframework.beans.factory.support.DefaultSingletonBeanRegistry.getSingleton - Creating shared instance of singleton bean 'serverConvertersCustomizer'
27-03-2026 17:51:56 org.springframework.beans.factory.support.DefaultSingletonBeanRegistry.getSingleton - Creating shared instance of singleton bean 'org.springframework.boot.http.converter.autoconfigure.HttpMessageConvertersAutoConfiguration'
27-03-2026 17:51:56 org.springframework.beans.factory.support.DefaultSingletonBeanRegistry.getSingleton - Creating shared instance of singleton bean 'mvcApiVersionStrategy'
27-03-2026 17:51:56 org.springframework.beans.factory.support.ConstructorResolver.registerDependentBeans - Autowiring by type from bean name 'requestMappingHandlerMapping' via factory method to bean named 'mvcContentNegotiationManager'
27-03-2026 17:51:56 org.springframework.beans.factory.support.ConstructorResolver.registerDependentBeans - Autowiring by type from bean name 'requestMappingHandlerMapping' via factory method to bean named 'mvcApiVersionStrategy'
27-03-2026 17:51:56 org.springframework.beans.factory.support.ConstructorResolver.registerDependentBeans - Autowiring by type from bean name 'requestMappingHandlerMapping' via factory method to bean named 'mvcConversionService'
27-03-2026 17:51:56 org.springframework.beans.factory.support.ConstructorResolver.registerDependentBeans - Autowiring by type from bean name 'requestMappingHandlerMapping' via factory method to bean named 'mvcResourceUrlProvider'
27-03-2026 17:51:56 org.springframework.web.servlet.handler.AbstractHandlerMethodMapping.detectHandlerMethods - 
	i.a.m.e.c.CaricamentoDatiController:
	{GET [/etl/test]}: testConnessione()
27-03-2026 17:51:56 org.springframework.web.servlet.handler.AbstractHandlerMethodMapping.detectHandlerMethods - 
	o.s.b.w.a.e.BasicErrorController:
	{ [/error]}: error(HttpServletRequest)
	{ [/error], produces [text/html]}: errorHtml(HttpServletRequest,HttpServletResponse)
27-03-2026 17:51:56 org.springframework.web.servlet.handler.AbstractHandlerMethodMapping.detectHandlerMethods - 
	o.s.w.a.OpenApiWebMvcResource:
	{GET [/v3/api-docs.yaml], produces [application/vnd.oai.openapi]}: openapiYaml(HttpServletRequest,String,Locale)
	{GET [/v3/api-docs], produces [application/json]}: openapiJson(HttpServletRequest,String,Locale)
27-03-2026 17:51:56 org.springframework.web.servlet.handler.AbstractHandlerMethodMapping.detectHandlerMethods - 
	o.s.w.u.SwaggerWelcomeWebMvc:
	{GET [/swagger-ui.html]}: redirectToUi(HttpServletRequest)
27-03-2026 17:51:56 org.springframework.web.servlet.handler.AbstractHandlerMethodMapping.detectHandlerMethods - 
	o.s.w.u.SwaggerConfigResource:
	{GET [/v3/api-docs/swagger-config], produces [application/json]}: openapiJson(HttpServletRequest)
27-03-2026 17:51:56 org.springframework.web.servlet.handler.AbstractHandlerMethodMapping.handlerMethodsInitialized - 7 mappings in 'requestMappingHandlerMapping'
27-03-2026 17:51:56 org.springframework.beans.factory.support.DefaultSingletonBeanRegistry.getSingleton - Creating shared instance of singleton bean 'mvcPatternParser'
27-03-2026 17:51:56 org.springframework.beans.factory.support.DefaultSingletonBeanRegistry.getSingleton - Creating shared instance of singleton bean 'mvcUrlPathHelper'
27-03-2026 17:51:56 org.springframework.beans.factory.support.DefaultSingletonBeanRegistry.getSingleton - Creating shared instance of singleton bean 'mvcPathMatcher'
27-03-2026 17:51:56 org.springframework.beans.factory.support.DefaultSingletonBeanRegistry.getSingleton - Creating shared instance of singleton bean 'viewControllerHandlerMapping'
27-03-2026 17:51:56 org.springframework.beans.factory.support.ConstructorResolver.registerDependentBeans - Autowiring by type from bean name 'viewControllerHandlerMapping' via factory method to bean named 'mvcConversionService'
27-03-2026 17:51:56 org.springframework.beans.factory.support.ConstructorResolver.registerDependentBeans - Autowiring by type from bean name 'viewControllerHandlerMapping' via factory method to bean named 'mvcResourceUrlProvider'
27-03-2026 17:51:56 org.springframework.beans.factory.support.DefaultSingletonBeanRegistry.getSingleton - Creating shared instance of singleton bean 'beanNameHandlerMapping'
27-03-2026 17:51:56 org.springframework.beans.factory.support.ConstructorResolver.registerDependentBeans - Autowiring by type from bean name 'beanNameHandlerMapping' via factory method to bean named 'mvcConversionService'
27-03-2026 17:51:56 org.springframework.beans.factory.support.ConstructorResolver.registerDependentBeans - Autowiring by type from bean name 'beanNameHandlerMapping' via factory method to bean named 'mvcResourceUrlProvider'
27-03-2026 17:51:56 org.springframework.web.servlet.handler.AbstractDetectingUrlHandlerMapping.detectHandlers - 'beanNameHandlerMapping' {}
27-03-2026 17:51:56 org.springframework.beans.factory.support.DefaultSingletonBeanRegistry.getSingleton - Creating shared instance of singleton bean 'routerFunctionMapping'
27-03-2026 17:51:56 org.springframework.beans.factory.support.ConstructorResolver.registerDependentBeans - Autowiring by type from bean name 'routerFunctionMapping' via factory method to bean named 'mvcConversionService'
27-03-2026 17:51:56 org.springframework.beans.factory.support.ConstructorResolver.registerDependentBeans - Autowiring by type from bean name 'routerFunctionMapping' via factory method to bean named 'mvcResourceUrlProvider'
27-03-2026 17:51:56 org.springframework.beans.factory.support.ConstructorResolver.registerDependentBeans - Autowiring by type from bean name 'routerFunctionMapping' via factory method to bean named 'mvcApiVersionStrategy'
27-03-2026 17:51:56 org.springframework.beans.factory.support.DefaultSingletonBeanRegistry.getSingleton - Creating shared instance of singleton bean 'resourceHandlerMapping'
27-03-2026 17:51:56 org.springframework.beans.factory.support.ConstructorResolver.registerDependentBeans - Autowiring by type from bean name 'resourceHandlerMapping' via factory method to bean named 'mvcContentNegotiationManager'
27-03-2026 17:51:56 org.springframework.beans.factory.support.ConstructorResolver.registerDependentBeans - Autowiring by type from bean name 'resourceHandlerMapping' via factory method to bean named 'mvcConversionService'
27-03-2026 17:51:56 org.springframework.beans.factory.support.ConstructorResolver.registerDependentBeans - Autowiring by type from bean name 'resourceHandlerMapping' via factory method to bean named 'mvcResourceUrlProvider'
27-03-2026 17:51:56 org.springframework.web.servlet.handler.SimpleUrlHandlerMapping.logMappings - 'resourceHandlerMapping' {/webjars/**=ResourceHttpRequestHandler [classpath [META-INF/resources/webjars/]], /**=ResourceHttpRequestHandler [classpath [META-INF/resources/], classpath [resources/], classpath [static/], classpath [public/], ServletContext [/]], /swagger-ui*/*swagger-initializer.js=ResourceHttpRequestHandler [classpath [META-INF/resources/webjars/]], /swagger-ui*/**=ResourceHttpRequestHandler [classpath [META-INF/resources/webjars/]]}
27-03-2026 17:51:56 org.springframework.beans.factory.support.DefaultSingletonBeanRegistry.getSingleton - Creating shared instance of singleton bean 'defaultServletHandlerMapping'
27-03-2026 17:51:56 org.springframework.beans.factory.support.DefaultSingletonBeanRegistry.getSingleton - Creating shared instance of singleton bean 'requestMappingHandlerAdapter'
27-03-2026 17:51:56 org.springframework.beans.factory.support.ConstructorResolver.registerDependentBeans - Autowiring by type from bean name 'requestMappingHandlerAdapter' via factory method to bean named 'mvcContentNegotiationManager'
27-03-2026 17:51:56 org.springframework.beans.factory.support.ConstructorResolver.registerDependentBeans - Autowiring by type from bean name 'requestMappingHandlerAdapter' via factory method to bean named 'mvcConversionService'
27-03-2026 17:51:56 org.springframework.beans.factory.support.ConstructorResolver.registerDependentBeans - Autowiring by type from bean name 'requestMappingHandlerAdapter' via factory method to bean named 'mvcValidator'
27-03-2026 17:51:56 org.springframework.web.servlet.mvc.method.annotation.RequestMappingHandlerAdapter.initControllerAdviceCache - ControllerAdvice beans: 0 @ModelAttribute, 0 @InitBinder, 2 RequestBodyAdvice, 1 ResponseBodyAdvice
27-03-2026 17:51:56 org.springframework.beans.factory.support.DefaultSingletonBeanRegistry.getSingleton - Creating shared instance of singleton bean 'mvcViewResolver'
27-03-2026 17:51:56 org.springframework.beans.factory.support.ConstructorResolver.registerDependentBeans - Autowiring by type from bean name 'mvcViewResolver' via factory method to bean named 'mvcContentNegotiationManager'
27-03-2026 17:51:56 org.springframework.beans.factory.support.DefaultSingletonBeanRegistry.getSingleton - Creating shared instance of singleton bean 'defaultViewResolver'
27-03-2026 17:51:56 org.springframework.beans.factory.support.DefaultSingletonBeanRegistry.getSingleton - Creating shared instance of singleton bean 'viewResolver'
27-03-2026 17:51:56 org.springframework.beans.factory.support.ConstructorResolver.registerDependentBeans - Autowiring by type from bean name 'viewResolver' via factory method to bean named 'org.springframework.beans.factory.support.DefaultListableBeanFactory@6f95cd51'
27-03-2026 17:51:56 org.springframework.beans.factory.support.DefaultSingletonBeanRegistry.getSingleton - Creating shared instance of singleton bean 'viewResolver'
27-03-2026 17:51:56 org.springframework.beans.factory.support.DefaultSingletonBeanRegistry.getSingleton - Creating shared instance of singleton bean 'handlerFunctionAdapter'
27-03-2026 17:51:56 org.springframework.beans.factory.support.DefaultSingletonBeanRegistry.getSingleton - Creating shared instance of singleton bean 'mvcUriComponentsContributor'
27-03-2026 17:51:56 org.springframework.beans.factory.support.ConstructorResolver.registerDependentBeans - Autowiring by type from bean name 'mvcUriComponentsContributor' via factory method to bean named 'mvcConversionService'
27-03-2026 17:51:56 org.springframework.beans.factory.support.ConstructorResolver.registerDependentBeans - Autowiring by type from bean name 'mvcUriComponentsContributor' via factory method to bean named 'requestMappingHandlerAdapter'
27-03-2026 17:51:56 org.springframework.beans.factory.support.DefaultSingletonBeanRegistry.getSingleton - Creating shared instance of singleton bean 'httpRequestHandlerAdapter'
27-03-2026 17:51:56 org.springframework.beans.factory.support.DefaultSingletonBeanRegistry.getSingleton - Creating shared instance of singleton bean 'simpleControllerHandlerAdapter'
27-03-2026 17:51:56 org.springframework.beans.factory.support.DefaultSingletonBeanRegistry.getSingleton - Creating shared instance of singleton bean 'handlerExceptionResolver'
27-03-2026 17:51:56 org.springframework.beans.factory.support.ConstructorResolver.registerDependentBeans - Autowiring by type from bean name 'handlerExceptionResolver' via factory method to bean named 'mvcContentNegotiationManager'
27-03-2026 17:51:56 org.springframework.web.servlet.mvc.method.annotation.ExceptionHandlerExceptionResolver.initExceptionHandlerAdviceCache - ControllerAdvice beans: 1 @ExceptionHandler, 1 ResponseBodyAdvice
27-03-2026 17:51:56 org.springframework.beans.factory.support.DefaultSingletonBeanRegistry.getSingleton - Creating shared instance of singleton bean 'org.springdoc.core.configuration.SpringDocConfiguration$OpenApiResourceAdvice'
27-03-2026 17:51:56 org.springframework.beans.factory.support.ConstructorResolver.registerDependentBeans - Autowiring by type from bean name 'org.springdoc.core.configuration.SpringDocConfiguration$OpenApiResourceAdvice' via constructor to bean named 'org.springdoc.core.configuration.SpringDocConfiguration'
27-03-2026 17:51:56 org.springframework.beans.factory.support.DefaultSingletonBeanRegistry.getSingleton - Creating shared instance of singleton bean 'org.springdoc.core.configuration.SpringDocConfiguration$WebConversionServiceConfiguration'
27-03-2026 17:51:56 org.springframework.beans.factory.support.DefaultSingletonBeanRegistry.getSingleton - Creating shared instance of singleton bean 'webConversionServiceProvider'
27-03-2026 17:51:56 org.springframework.beans.factory.support.DefaultSingletonBeanRegistry.getSingleton - Creating shared instance of singleton bean 'localSpringDocParameterNameDiscoverer'
27-03-2026 17:51:56 org.springframework.beans.factory.support.DefaultSingletonBeanRegistry.getSingleton - Creating shared instance of singleton bean 'additionalModelsConverter'
27-03-2026 17:51:56 org.springframework.beans.factory.support.ConstructorResolver.registerDependentBeans - Autowiring by type from bean name 'additionalModelsConverter' via factory method to bean named 'springdocObjectMapperProvider'
27-03-2026 17:51:56 org.springframework.beans.factory.support.DefaultSingletonBeanRegistry.getSingleton - Creating shared instance of singleton bean 'fileSupportConverter'
27-03-2026 17:51:56 org.springframework.beans.factory.support.ConstructorResolver.registerDependentBeans - Autowiring by type from bean name 'fileSupportConverter' via factory method to bean named 'springdocObjectMapperProvider'
27-03-2026 17:51:56 org.springframework.beans.factory.support.DefaultSingletonBeanRegistry.getSingleton - Creating shared instance of singleton bean 'responseSupportConverter'
27-03-2026 17:51:56 org.springframework.beans.factory.support.ConstructorResolver.registerDependentBeans - Autowiring by type from bean name 'responseSupportConverter' via factory method to bean named 'springdocObjectMapperProvider'
27-03-2026 17:51:56 org.springframework.beans.factory.support.DefaultSingletonBeanRegistry.getSingleton - Creating shared instance of singleton bean 'schemaPropertyDeprecatingConverter'
27-03-2026 17:51:56 org.springframework.beans.factory.support.DefaultSingletonBeanRegistry.getSingleton - Creating shared instance of singleton bean 'polymorphicModelConverter'
27-03-2026 17:51:56 org.springframework.beans.factory.support.ConstructorResolver.registerDependentBeans - Autowiring by type from bean name 'polymorphicModelConverter' via factory method to bean named 'springdocObjectMapperProvider'
27-03-2026 17:51:56 org.springframework.beans.factory.support.DefaultSingletonBeanRegistry.getSingleton - Creating shared instance of singleton bean 'openAPIBuilder'
27-03-2026 17:51:56 org.springframework.beans.factory.support.DefaultSingletonBeanRegistry.getSingleton - Creating shared instance of singleton bean 'securityParser'
27-03-2026 17:51:56 org.springframework.beans.factory.support.DefaultSingletonBeanRegistry.getSingleton - Creating shared instance of singleton bean 'propertyResolverUtils'
27-03-2026 17:51:56 org.springframework.beans.factory.support.ConstructorResolver.registerDependentBeans - Autowiring by type from bean name 'propertyResolverUtils' via factory method to bean named 'org.springframework.beans.factory.support.DefaultListableBeanFactory@6f95cd51'
27-03-2026 17:51:56 org.springframework.beans.factory.support.ConstructorResolver.registerDependentBeans - Autowiring by type from bean name 'propertyResolverUtils' via factory method to bean named 'messageSource'
27-03-2026 17:51:56 org.springframework.beans.factory.support.ConstructorResolver.registerDependentBeans - Autowiring by type from bean name 'propertyResolverUtils' via factory method to bean named 'org.springdoc.core.properties.SpringDocConfigProperties'
27-03-2026 17:51:56 org.springframework.beans.factory.support.ConstructorResolver.registerDependentBeans - Autowiring by type from bean name 'securityParser' via factory method to bean named 'propertyResolverUtils'
27-03-2026 17:51:56 org.springframework.beans.factory.support.ConstructorResolver.registerDependentBeans - Autowiring by type from bean name 'openAPIBuilder' via factory method to bean named 'customOpenAPI'
27-03-2026 17:51:56 org.springframework.beans.factory.support.ConstructorResolver.registerDependentBeans - Autowiring by type from bean name 'openAPIBuilder' via factory method to bean named 'securityParser'
27-03-2026 17:51:56 org.springframework.beans.factory.support.ConstructorResolver.registerDependentBeans - Autowiring by type from bean name 'openAPIBuilder' via factory method to bean named 'org.springdoc.core.properties.SpringDocConfigProperties'
27-03-2026 17:51:56 org.springframework.beans.factory.support.ConstructorResolver.registerDependentBeans - Autowiring by type from bean name 'openAPIBuilder' via factory method to bean named 'propertyResolverUtils'
27-03-2026 17:51:56 org.springframework.beans.factory.support.DefaultSingletonBeanRegistry.getSingleton - Creating shared instance of singleton bean 'modelConverterRegistrar'
27-03-2026 17:51:56 org.springframework.beans.factory.support.ConstructorResolver.registerDependentBeans - Autowiring by type from bean name 'modelConverterRegistrar' via factory method to bean named 'additionalModelsConverter'
27-03-2026 17:51:56 org.springframework.beans.factory.support.ConstructorResolver.registerDependentBeans - Autowiring by type from bean name 'modelConverterRegistrar' via factory method to bean named 'fileSupportConverter'
27-03-2026 17:51:56 org.springframework.beans.factory.support.ConstructorResolver.registerDependentBeans - Autowiring by type from bean name 'modelConverterRegistrar' via factory method to bean named 'responseSupportConverter'
27-03-2026 17:51:56 org.springframework.beans.factory.support.ConstructorResolver.registerDependentBeans - Autowiring by type from bean name 'modelConverterRegistrar' via factory method to bean named 'schemaPropertyDeprecatingConverter'
27-03-2026 17:51:56 org.springframework.beans.factory.support.ConstructorResolver.registerDependentBeans - Autowiring by type from bean name 'modelConverterRegistrar' via factory method to bean named 'polymorphicModelConverter'
27-03-2026 17:51:56 org.springframework.beans.factory.support.DefaultSingletonBeanRegistry.getSingleton - Creating shared instance of singleton bean 'operationBuilder'
27-03-2026 17:51:56 org.springframework.beans.factory.support.DefaultSingletonBeanRegistry.getSingleton - Creating shared instance of singleton bean 'parameterBuilder'
27-03-2026 17:51:56 org.springframework.beans.factory.support.ConstructorResolver.registerDependentBeans - Autowiring by type from bean name 'parameterBuilder' via factory method to bean named 'propertyResolverUtils'
27-03-2026 17:51:56 org.springframework.beans.factory.support.ConstructorResolver.registerDependentBeans - Autowiring by type from bean name 'parameterBuilder' via factory method to bean named 'webConversionServiceProvider'
27-03-2026 17:51:56 org.springframework.beans.factory.support.ConstructorResolver.registerDependentBeans - Autowiring by type from bean name 'parameterBuilder' via factory method to bean named 'springdocObjectMapperProvider'
27-03-2026 17:51:56 org.springframework.beans.factory.support.DefaultSingletonBeanRegistry.getSingleton - Creating shared instance of singleton bean 'requestBodyBuilder'
27-03-2026 17:51:56 org.springframework.beans.factory.support.ConstructorResolver.registerDependentBeans - Autowiring by type from bean name 'requestBodyBuilder' via factory method to bean named 'parameterBuilder'
27-03-2026 17:51:56 org.springframework.beans.factory.support.ConstructorResolver.registerDependentBeans - Autowiring by type from bean name 'operationBuilder' via factory method to bean named 'parameterBuilder'
27-03-2026 17:51:56 org.springframework.beans.factory.support.ConstructorResolver.registerDependentBeans - Autowiring by type from bean name 'operationBuilder' via factory method to bean named 'requestBodyBuilder'
27-03-2026 17:51:56 org.springframework.beans.factory.support.ConstructorResolver.registerDependentBeans - Autowiring by type from bean name 'operationBuilder' via factory method to bean named 'securityParser'
27-03-2026 17:51:56 org.springframework.beans.factory.support.ConstructorResolver.registerDependentBeans - Autowiring by type from bean name 'operationBuilder' via factory method to bean named 'propertyResolverUtils'
27-03-2026 17:51:56 org.springframework.beans.factory.support.DefaultSingletonBeanRegistry.getSingleton - Creating shared instance of singleton bean 'genericReturnTypeParser'
27-03-2026 17:51:56 org.springframework.beans.factory.support.DefaultSingletonBeanRegistry.getSingleton - Creating shared instance of singleton bean 'springDocProviders'
27-03-2026 17:51:56 org.springframework.beans.factory.support.DefaultSingletonBeanRegistry.getSingleton - Creating shared instance of singleton bean 'routerFunctionProvider'
27-03-2026 17:51:56 org.springframework.beans.factory.support.DefaultSingletonBeanRegistry.getSingleton - Creating shared instance of singleton bean 'org.springdoc.webmvc.core.configuration.SpringDocWebMvcConfiguration$SpringDocWebMvcRouterConfiguration'
27-03-2026 17:51:56 org.springframework.beans.factory.support.ConstructorResolver.registerDependentBeans - Autowiring by type from bean name 'springDocProviders' via factory method to bean named 'routerFunctionProvider'
27-03-2026 17:51:56 org.springframework.beans.factory.support.ConstructorResolver.registerDependentBeans - Autowiring by type from bean name 'springDocProviders' via factory method to bean named 'springWebProvider'
27-03-2026 17:51:56 org.springframework.beans.factory.support.ConstructorResolver.registerDependentBeans - Autowiring by type from bean name 'springDocProviders' via factory method to bean named 'webConversionServiceProvider'
27-03-2026 17:51:56 org.springframework.beans.factory.support.ConstructorResolver.registerDependentBeans - Autowiring by type from bean name 'springDocProviders' via factory method to bean named 'springdocObjectMapperProvider'
27-03-2026 17:51:56 org.springframework.beans.factory.support.DefaultSingletonBeanRegistry.getSingleton - Creating shared instance of singleton bean 'springDocCustomizers'
27-03-2026 17:51:56 org.springframework.beans.factory.support.DefaultSingletonBeanRegistry.getSingleton - Creating shared instance of singleton bean 'org.springdoc.core.configuration.SpringDocUIConfiguration'
27-03-2026 17:51:56 org.springframework.beans.factory.support.ConstructorResolver.registerDependentBeans - Autowiring by type from bean name 'org.springdoc.core.configuration.SpringDocUIConfiguration' via constructor to bean named 'org.springdoc.core.properties.SwaggerUiConfigProperties'
27-03-2026 17:51:56 org.springframework.beans.factory.support.DefaultSingletonBeanRegistry.getSingleton - Creating shared instance of singleton bean 'openApiResource'
27-03-2026 17:51:56 org.springframework.beans.factory.support.DefaultSingletonBeanRegistry.getSingleton - Creating shared instance of singleton bean 'requestBuilder'
27-03-2026 17:51:56 org.springframework.beans.factory.support.ConstructorResolver.registerDependentBeans - Autowiring by type from bean name 'requestBuilder' via factory method to bean named 'parameterBuilder'
27-03-2026 17:51:56 org.springframework.beans.factory.support.ConstructorResolver.registerDependentBeans - Autowiring by type from bean name 'requestBuilder' via factory method to bean named 'requestBodyBuilder'
27-03-2026 17:51:56 org.springframework.beans.factory.support.ConstructorResolver.registerDependentBeans - Autowiring by type from bean name 'requestBuilder' via factory method to bean named 'operationBuilder'
27-03-2026 17:51:56 org.springframework.beans.factory.support.ConstructorResolver.registerDependentBeans - Autowiring by type from bean name 'requestBuilder' via factory method to bean named 'localSpringDocParameterNameDiscoverer'
27-03-2026 17:51:56 org.springframework.beans.factory.support.DefaultSingletonBeanRegistry.getSingleton - Creating shared instance of singleton bean 'responseBuilder'
27-03-2026 17:51:56 org.springframework.beans.factory.support.ConstructorResolver.registerDependentBeans - Autowiring by type from bean name 'responseBuilder' via factory method to bean named 'operationBuilder'
27-03-2026 17:51:56 org.springframework.beans.factory.support.ConstructorResolver.registerDependentBeans - Autowiring by type from bean name 'responseBuilder' via factory method to bean named 'genericReturnTypeParser'
27-03-2026 17:51:56 org.springframework.beans.factory.support.ConstructorResolver.registerDependentBeans - Autowiring by type from bean name 'responseBuilder' via factory method to bean named 'org.springdoc.core.properties.SpringDocConfigProperties'
27-03-2026 17:51:56 org.springframework.beans.factory.support.ConstructorResolver.registerDependentBeans - Autowiring by type from bean name 'responseBuilder' via factory method to bean named 'propertyResolverUtils'
27-03-2026 17:51:56 org.springframework.beans.factory.support.ConstructorResolver.registerDependentBeans - Autowiring by type from bean name 'openApiResource' via factory method to bean named 'requestBuilder'
27-03-2026 17:51:56 org.springframework.beans.factory.support.ConstructorResolver.registerDependentBeans - Autowiring by type from bean name 'openApiResource' via factory method to bean named 'responseBuilder'
27-03-2026 17:51:56 org.springframework.beans.factory.support.ConstructorResolver.registerDependentBeans - Autowiring by type from bean name 'openApiResource' via factory method to bean named 'operationBuilder'
27-03-2026 17:51:56 org.springframework.beans.factory.support.ConstructorResolver.registerDependentBeans - Autowiring by type from bean name 'openApiResource' via factory method to bean named 'org.springdoc.core.properties.SpringDocConfigProperties'
27-03-2026 17:51:56 org.springframework.beans.factory.support.ConstructorResolver.registerDependentBeans - Autowiring by type from bean name 'openApiResource' via factory method to bean named 'springDocProviders'
27-03-2026 17:51:56 org.springframework.beans.factory.support.ConstructorResolver.registerDependentBeans - Autowiring by type from bean name 'openApiResource' via factory method to bean named 'springDocCustomizers'
27-03-2026 17:51:56 org.springframework.beans.factory.support.DefaultSingletonBeanRegistry.getSingleton - Creating shared instance of singleton bean 'swaggerConfigResource'
27-03-2026 17:51:56 org.springframework.beans.factory.support.ConstructorResolver.registerDependentBeans - Autowiring by type from bean name 'swaggerConfigResource' via factory method to bean named 'swaggerWelcome'
27-03-2026 17:51:56 org.springframework.beans.factory.support.DefaultSingletonBeanRegistry.getSingleton - Creating shared instance of singleton bean 'org.springframework.boot.autoconfigure.jmx.JmxAutoConfiguration'
27-03-2026 17:51:56 org.springframework.beans.factory.support.DefaultSingletonBeanRegistry.getSingleton - Creating shared instance of singleton bean 'spring.jmx-org.springframework.boot.autoconfigure.jmx.JmxProperties'
27-03-2026 17:51:56 org.springframework.beans.factory.support.ConstructorResolver.registerDependentBeans - Autowiring by type from bean name 'org.springframework.boot.autoconfigure.jmx.JmxAutoConfiguration' via constructor to bean named 'spring.jmx-org.springframework.boot.autoconfigure.jmx.JmxProperties'
27-03-2026 17:51:56 org.springframework.beans.factory.support.DefaultSingletonBeanRegistry.getSingleton - Creating shared instance of singleton bean 'mbeanExporter'
27-03-2026 17:51:56 org.springframework.beans.factory.support.DefaultSingletonBeanRegistry.getSingleton - Creating shared instance of singleton bean 'objectNamingStrategy'
27-03-2026 17:51:56 org.springframework.beans.factory.support.ConstructorResolver.registerDependentBeans - Autowiring by type from bean name 'mbeanExporter' via factory method to bean named 'objectNamingStrategy'
27-03-2026 17:51:56 org.springframework.beans.factory.support.ConstructorResolver.registerDependentBeans - Autowiring by type from bean name 'mbeanExporter' via factory method to bean named 'org.springframework.beans.factory.support.DefaultListableBeanFactory@6f95cd51'
27-03-2026 17:51:56 org.springframework.beans.factory.support.DefaultSingletonBeanRegistry.getSingleton - Creating shared instance of singleton bean 'mbeanServer'
27-03-2026 17:51:56 org.springframework.jmx.support.JmxUtils.locateMBeanServer - Found MBeanServer: com.sun.jmx.mbeanserver.JmxMBeanServer@67f89fa3
27-03-2026 17:51:56 org.springframework.beans.factory.support.DefaultSingletonBeanRegistry.getSingleton - Creating shared instance of singleton bean 'org.springframework.boot.autoconfigure.admin.SpringApplicationAdminJmxAutoConfiguration'
27-03-2026 17:51:56 org.springframework.beans.factory.support.DefaultSingletonBeanRegistry.getSingleton - Creating shared instance of singleton bean 'springApplicationAdminRegistrar'
27-03-2026 17:51:56 org.springframework.beans.factory.support.ConstructorResolver.registerDependentBeans - Autowiring by type from bean name 'springApplicationAdminRegistrar' via factory method to bean named 'environment'
27-03-2026 17:51:56 org.springframework.boot.admin.SpringApplicationAdminMXBeanRegistrar.afterPropertiesSet - Application Admin MBean registered with name 'org.springframework.boot:type=Admin,name=SpringApplication'
27-03-2026 17:51:56 org.springframework.beans.factory.support.DefaultSingletonBeanRegistry.getSingleton - Creating shared instance of singleton bean 'org.springframework.boot.autoconfigure.aop.AopAutoConfiguration$ClassProxyingConfiguration'
27-03-2026 17:51:56 org.springframework.beans.factory.support.DefaultSingletonBeanRegistry.getSingleton - Creating shared instance of singleton bean 'org.springframework.boot.autoconfigure.aop.AopAutoConfiguration'
27-03-2026 17:51:56 org.springframework.beans.factory.support.DefaultSingletonBeanRegistry.getSingleton - Creating shared instance of singleton bean 'org.springframework.boot.autoconfigure.availability.ApplicationAvailabilityAutoConfiguration'
27-03-2026 17:51:56 org.springframework.beans.factory.support.DefaultSingletonBeanRegistry.getSingleton - Creating shared instance of singleton bean 'applicationAvailability'
27-03-2026 17:51:56 org.springframework.beans.factory.support.DefaultSingletonBeanRegistry.getSingleton - Creating shared instance of singleton bean 'org.springframework.boot.autoconfigure.context.ConfigurationPropertiesAutoConfiguration'
27-03-2026 17:51:56 org.springframework.beans.factory.support.DefaultSingletonBeanRegistry.getSingleton - Creating shared instance of singleton bean 'org.springframework.boot.autoconfigure.context.LifecycleAutoConfiguration'
27-03-2026 17:51:56 org.springframework.beans.factory.support.DefaultSingletonBeanRegistry.getSingleton - Creating shared instance of singleton bean 'lifecycleProcessor'
27-03-2026 17:51:56 org.springframework.beans.factory.support.DefaultSingletonBeanRegistry.getSingleton - Creating shared instance of singleton bean 'spring.lifecycle-org.springframework.boot.autoconfigure.context.LifecycleProperties'
27-03-2026 17:51:56 org.springframework.beans.factory.support.ConstructorResolver.registerDependentBeans - Autowiring by type from bean name 'lifecycleProcessor' via factory method to bean named 'spring.lifecycle-org.springframework.boot.autoconfigure.context.LifecycleProperties'
27-03-2026 17:51:56 org.springframework.beans.factory.support.DefaultSingletonBeanRegistry.getSingleton - Creating shared instance of singleton bean 'org.springframework.boot.autoconfigure.info.ProjectInfoAutoConfiguration'
27-03-2026 17:51:56 org.springframework.beans.factory.support.DefaultSingletonBeanRegistry.getSingleton - Creating shared instance of singleton bean 'spring.info-org.springframework.boot.autoconfigure.info.ProjectInfoProperties'
27-03-2026 17:51:56 org.springframework.beans.factory.support.ConstructorResolver.registerDependentBeans - Autowiring by type from bean name 'org.springframework.boot.autoconfigure.info.ProjectInfoAutoConfiguration' via constructor to bean named 'spring.info-org.springframework.boot.autoconfigure.info.ProjectInfoProperties'
27-03-2026 17:51:56 org.springframework.beans.factory.support.DefaultSingletonBeanRegistry.getSingleton - Creating shared instance of singleton bean 'org.springframework.boot.autoconfigure.task.TaskSchedulingConfigurations$ThreadPoolTaskSchedulerBuilderConfiguration'
27-03-2026 17:51:56 org.springframework.beans.factory.support.DefaultSingletonBeanRegistry.getSingleton - Creating shared instance of singleton bean 'threadPoolTaskSchedulerBuilder'
27-03-2026 17:51:56 org.springframework.beans.factory.support.DefaultSingletonBeanRegistry.getSingleton - Creating shared instance of singleton bean 'spring.task.scheduling-org.springframework.boot.autoconfigure.task.TaskSchedulingProperties'
27-03-2026 17:51:56 org.springframework.beans.factory.support.ConstructorResolver.registerDependentBeans - Autowiring by type from bean name 'threadPoolTaskSchedulerBuilder' via factory method to bean named 'spring.task.scheduling-org.springframework.boot.autoconfigure.task.TaskSchedulingProperties'
27-03-2026 17:51:56 org.springframework.beans.factory.support.DefaultSingletonBeanRegistry.getSingleton - Creating shared instance of singleton bean 'org.springframework.boot.autoconfigure.task.TaskSchedulingConfigurations$SimpleAsyncTaskSchedulerBuilderConfiguration'
27-03-2026 17:51:56 org.springframework.beans.factory.support.ConstructorResolver.registerDependentBeans - Autowiring by type from bean name 'org.springframework.boot.autoconfigure.task.TaskSchedulingConfigurations$SimpleAsyncTaskSchedulerBuilderConfiguration' via constructor to bean named 'spring.task.scheduling-org.springframework.boot.autoconfigure.task.TaskSchedulingProperties'
27-03-2026 17:51:56 org.springframework.beans.factory.support.DefaultSingletonBeanRegistry.getSingleton - Creating shared instance of singleton bean 'simpleAsyncTaskSchedulerBuilder'
27-03-2026 17:51:56 org.springframework.beans.factory.support.DefaultSingletonBeanRegistry.getSingleton - Creating shared instance of singleton bean 'org.springframework.boot.autoconfigure.task.TaskSchedulingAutoConfiguration'
27-03-2026 17:51:56 org.springframework.beans.factory.support.DefaultSingletonBeanRegistry.getSingleton - Creating shared instance of singleton bean 'org.springframework.boot.http.converter.autoconfigure.JacksonHttpMessageConvertersConfiguration'
27-03-2026 17:51:56 org.springframework.beans.factory.support.DefaultSingletonBeanRegistry.getSingleton - Creating shared instance of singleton bean 'org.springframework.boot.http.converter.autoconfigure.Jackson2HttpMessageConvertersConfiguration'
27-03-2026 17:51:56 org.springframework.beans.factory.support.DefaultSingletonBeanRegistry.getSingleton - Creating shared instance of singleton bean 'clientConvertersCustomizer'
27-03-2026 17:51:56 org.springframework.beans.factory.support.DefaultSingletonBeanRegistry.getSingleton - Creating shared instance of singleton bean 'multipartResolver'
27-03-2026 17:51:56 org.springframework.jmx.export.MBeanExporter.afterSingletonsInstantiated - Registering beans for JMX exposure on startup
27-03-2026 17:51:56 org.springframework.jmx.export.MBeanExporter.registerBeans - Auto-detecting user-defined JMX MBeans
27-03-2026 17:51:56 org.springframework.context.support.DefaultLifecycleProcessor$LifecycleGroup.start - Starting beans in phase -2147483647
27-03-2026 17:51:56 org.springframework.context.support.DefaultLifecycleProcessor.doStart - Successfully started bean 'springBootLoggingLifecycle'
27-03-2026 17:51:56 org.springframework.context.support.DefaultLifecycleProcessor$LifecycleGroup.start - Starting beans in phase 1073741823
27-03-2026 17:51:56 org.springframework.context.support.DefaultLifecycleProcessor$LifecycleGroup.start - Starting beans in phase 2147481599
27-03-2026 17:51:56 org.apache.juli.logging.DirectJDKLog.log - Starting ProtocolHandler ["http-nio-8080"]
27-03-2026 17:51:56 org.springframework.boot.tomcat.TomcatWebServer.start - Tomcat started on port 8080 (http) with context path '/'
27-03-2026 17:51:56 org.springframework.context.support.DefaultLifecycleProcessor.doStart - Successfully started bean 'webServerStartStop'
27-03-2026 17:51:56 org.springframework.context.support.DefaultLifecycleProcessor$LifecycleGroup.start - Starting beans in phase 2147482623
27-03-2026 17:51:56 org.springframework.context.support.DefaultLifecycleProcessor.doStart - Successfully started bean 'webServerGracefulShutdown'
27-03-2026 17:51:56 org.springframework.boot.autoconfigure.logging.ConditionEvaluationReportLogger.logReport - 


============================
CONDITIONS EVALUATION REPORT
============================


Positive matches:
-----------------

   AopAutoConfiguration matched:
      - @ConditionalOnBooleanProperty (spring.aop.auto=true) matched (OnPropertyCondition)

   AopAutoConfiguration.ClassProxyingConfiguration matched:
      - @ConditionalOnMissingClass did not find unwanted class 'org.aspectj.weaver.Advice' (OnClassCondition)
      - @ConditionalOnBooleanProperty (spring.aop.proxy-target-class=true) matched (OnPropertyCondition)

   ApplicationAvailabilityAutoConfiguration#applicationAvailability matched:
      - @ConditionalOnMissingBean (types: org.springframework.boot.availability.ApplicationAvailability; SearchStrategy: all) did not find any beans (OnBeanCondition)

   DispatcherServletAutoConfiguration matched:
      - @ConditionalOnClass found required class 'org.springframework.web.servlet.DispatcherServlet' (OnClassCondition)
      - found 'session' scope (OnWebApplicationCondition)

   DispatcherServletAutoConfiguration.DispatcherServletConfiguration matched:
      - @ConditionalOnClass found required class 'jakarta.servlet.ServletRegistration' (OnClassCondition)
      - Default DispatcherServlet did not find dispatcher servlet beans (DispatcherServletAutoConfiguration.DefaultDispatcherServletCondition)

   DispatcherServletAutoConfiguration.DispatcherServletRegistrationConfiguration matched:
      - @ConditionalOnClass found required class 'jakarta.servlet.ServletRegistration' (OnClassCondition)
      - DispatcherServlet Registration did not find servlet registration bean (DispatcherServletAutoConfiguration.DispatcherServletRegistrationCondition)

   DispatcherServletAutoConfiguration.DispatcherServletRegistrationConfiguration#dispatcherServletRegistration matched:
      - @ConditionalOnBean (names: dispatcherServlet types: org.springframework.web.servlet.DispatcherServlet; SearchStrategy: all) found bean 'dispatcherServlet' (OnBeanCondition)

   ErrorMvcAutoConfiguration matched:
      - @ConditionalOnClass found required classes 'jakarta.servlet.Servlet', 'org.springframework.web.servlet.DispatcherServlet' (OnClassCondition)
      - found 'session' scope (OnWebApplicationCondition)

   ErrorMvcAutoConfiguration#basicErrorController matched:
      - @ConditionalOnMissingBean (types: org.springframework.boot.webmvc.error.ErrorController; SearchStrategy: current) did not find any beans (OnBeanCondition)

   ErrorMvcAutoConfiguration#errorAttributes matched:
      - @ConditionalOnMissingBean (types: org.springframework.boot.webmvc.error.ErrorAttributes; SearchStrategy: current) did not find any beans (OnBeanCondition)

   ErrorMvcAutoConfiguration.DefaultErrorViewResolverConfiguration#conventionErrorViewResolver matched:
      - @ConditionalOnBean (types: org.springframework.web.servlet.DispatcherServlet; SearchStrategy: all) found bean 'dispatcherServlet'; @ConditionalOnMissingBean (types: org.springframework.boot.webmvc.autoconfigure.error.ErrorViewResolver; SearchStrategy: all) did not find any beans (OnBeanCondition)

   ErrorMvcAutoConfiguration.WhitelabelErrorViewConfiguration matched:
      - @ConditionalOnBooleanProperty (spring.web.error.whitelabel.enabled=true) matched (OnPropertyCondition)
      - ErrorTemplate Missing did not find error template view (ErrorMvcAutoConfiguration.ErrorTemplateMissingCondition)

   ErrorMvcAutoConfiguration.WhitelabelErrorViewConfiguration#beanNameViewResolver matched:
      - @ConditionalOnMissingBean (types: org.springframework.web.servlet.view.BeanNameViewResolver; SearchStrategy: all) did not find any beans (OnBeanCondition)

   ErrorMvcAutoConfiguration.WhitelabelErrorViewConfiguration#defaultErrorView matched:
      - @ConditionalOnMissingBean (names: error; SearchStrategy: all) did not find any beans (OnBeanCondition)

   HttpEncodingAutoConfiguration matched:
      - @ConditionalOnClass found required class 'org.springframework.web.filter.CharacterEncodingFilter' (OnClassCondition)
      - found 'session' scope (OnWebApplicationCondition)
      - @ConditionalOnBooleanProperty (spring.servlet.encoding.enabled=true) matched (OnPropertyCondition)

   HttpEncodingAutoConfiguration#characterEncodingFilter matched:
      - @ConditionalOnMissingBean (types: org.springframework.web.filter.CharacterEncodingFilter; SearchStrategy: all) did not find any beans (OnBeanCondition)

   HttpMessageConvertersAutoConfiguration matched:
      - @ConditionalOnClass found required class 'org.springframework.http.converter.HttpMessageConverter' (OnClassCondition)
      - NoneNestedConditions 0 matched 1 did not; NestedCondition on HttpMessageConvertersAutoConfiguration.NotReactiveWebApplicationCondition.ReactiveWebApplication did not find reactive web application classes (HttpMessageConvertersAutoConfiguration.NotReactiveWebApplicationCondition)

   HttpMessageConvertersAutoConfiguration.StringHttpMessageConverterConfiguration#stringHttpMessageConvertersCustomizer matched:
      - @ConditionalOnMissingBean (types: org.springframework.http.converter.StringHttpMessageConverter; SearchStrategy: all) did not find any beans (OnBeanCondition)

   JacksonAutoConfiguration matched:
      - @ConditionalOnClass found required class 'tools.jackson.databind.json.JsonMapper' (OnClassCondition)

   JacksonAutoConfiguration#jacksonJsonMapper matched:
      - @ConditionalOnMissingBean (types: tools.jackson.databind.json.JsonMapper; SearchStrategy: all) did not find any beans (OnBeanCondition)

   JacksonAutoConfiguration#jsonMapperBuilder matched:
      - @ConditionalOnMissingBean (types: tools.jackson.databind.json.JsonMapper$Builder; SearchStrategy: all) did not find any beans (OnBeanCondition)

   JacksonAutoConfiguration.JsonProblemDetailsConfiguration matched:
      - @ConditionalOnClass found required class 'org.springframework.http.ProblemDetail' (OnClassCondition)

   JacksonHttpMessageConvertersConfiguration.JacksonJsonHttpMessageConverterConfiguration matched:
      - @ConditionalOnClass found required class 'tools.jackson.databind.json.JsonMapper' (OnClassCondition)
      - @ConditionalOnProperty (spring.http.converters.preferred-json-mapper=jackson) matched (OnPropertyCondition)
      - @ConditionalOnBean (types: tools.jackson.databind.json.JsonMapper; SearchStrategy: all) found bean 'jacksonJsonMapper' (OnBeanCondition)

   JacksonHttpMessageConvertersConfiguration.JacksonJsonHttpMessageConverterConfiguration#jacksonJsonHttpMessageConvertersCustomizer matched:
      - @ConditionalOnMissingBean (types: org.springframework.http.converter.json.JacksonJsonHttpMessageConverter ignored: org.springframework.hateoas.server.mvc.TypeConstrainedJacksonJsonHttpMessageConverter,org.springframework.data.rest.webmvc.alps.AlpsJacksonJsonHttpMessageConverter; SearchStrategy: all) did not find any beans (OnBeanCondition)

   JmxAutoConfiguration matched:
      - @ConditionalOnClass found required class 'org.springframework.jmx.export.MBeanExporter' (OnClassCondition)
      - @ConditionalOnBooleanProperty (spring.jmx.enabled=true) matched (OnPropertyCondition)

   JmxAutoConfiguration#mbeanExporter matched:
      - @ConditionalOnMissingBean (types: org.springframework.jmx.export.MBeanExporter; SearchStrategy: current) did not find any beans (OnBeanCondition)

   JmxAutoConfiguration#mbeanServer matched:
      - @ConditionalOnMissingBean (types: javax.management.MBeanServer; SearchStrategy: all) did not find any beans (OnBeanCondition)

   JmxAutoConfiguration#objectNamingStrategy matched:
      - @ConditionalOnMissingBean (types: org.springframework.jmx.export.naming.ObjectNamingStrategy; SearchStrategy: current) did not find any beans (OnBeanCondition)

   LifecycleAutoConfiguration#defaultLifecycleProcessor matched:
      - @ConditionalOnMissingBean (names: lifecycleProcessor; SearchStrategy: current) did not find any beans (OnBeanCondition)

   MultipartAutoConfiguration matched:
      - @ConditionalOnClass found required classes 'jakarta.servlet.Servlet', 'org.springframework.web.multipart.support.StandardServletMultipartResolver', 'jakarta.servlet.MultipartConfigElement' (OnClassCondition)
      - found 'session' scope (OnWebApplicationCondition)
      - @ConditionalOnBooleanProperty (spring.servlet.multipart.enabled=true) matched (OnPropertyCondition)

   MultipartAutoConfiguration#multipartConfigElement matched:
      - @ConditionalOnMissingBean (types: jakarta.servlet.MultipartConfigElement; SearchStrategy: all) did not find any beans (OnBeanCondition)

   MultipartAutoConfiguration#multipartResolver matched:
      - @ConditionalOnMissingBean (types: org.springframework.web.multipart.MultipartResolver; SearchStrategy: all) did not find any beans (OnBeanCondition)

   PropertyPlaceholderAutoConfiguration#propertySourcesPlaceholderConfigurer matched:
      - @ConditionalOnMissingBean (types: org.springframework.context.support.PropertySourcesPlaceholderConfigurer; SearchStrategy: current) did not find any beans (OnBeanCondition)

   SpringApplicationAdminJmxAutoConfiguration matched:
      - @ConditionalOnBooleanProperty (spring.application.admin.enabled=true) matched (OnPropertyCondition)

   SpringApplicationAdminJmxAutoConfiguration#springApplicationAdminRegistrar matched:
      - @ConditionalOnMissingBean (types: org.springframework.boot.admin.SpringApplicationAdminMXBeanRegistrar; SearchStrategy: all) did not find any beans (OnBeanCondition)

   SpringDocConfigProperties matched:
      - @ConditionalOnProperty (springdoc.api-docs.enabled) matched (OnPropertyCondition)
      - @ConditionalOnBean (types: org.springdoc.core.configuration.SpringDocConfiguration; SearchStrategy: all) found bean 'org.springdoc.core.configuration.SpringDocConfiguration' (OnBeanCondition)

   SpringDocConfiguration matched:
      - @ConditionalOnWebApplication (required) found 'session' scope (OnWebApplicationCondition)
      - @ConditionalOnProperty (springdoc.api-docs.enabled) matched (OnPropertyCondition)

   SpringDocConfiguration#fileSupportConverter matched:
      - @ConditionalOnMissingBean (types: org.springdoc.core.converters.FileSupportConverter; SearchStrategy: all) did not find any beans (OnBeanCondition)

   SpringDocConfiguration#openAPIBuilder matched:
      - @ConditionalOnMissingBean (types: org.springdoc.core.service.OpenAPIService; SearchStrategy: all) did not find any beans (OnBeanCondition)

   SpringDocConfiguration#operationBuilder matched:
      - @ConditionalOnMissingBean (types: org.springdoc.core.service.OperationService; SearchStrategy: all) did not find any beans (OnBeanCondition)

   SpringDocConfiguration#parameterBuilder matched:
      - @ConditionalOnMissingBean (types: org.springdoc.core.service.GenericParameterService; SearchStrategy: all) did not find any beans (OnBeanCondition)

   SpringDocConfiguration#polymorphicModelConverter matched:
      - @ConditionalOnProperty (springdoc.model-converters.polymorphic-converter.enabled) matched (OnPropertyCondition)
      - @ConditionalOnMissingBean (types: org.springdoc.core.converters.PolymorphicModelConverter; SearchStrategy: all) did not find any beans (OnBeanCondition)

   SpringDocConfiguration#requestBodyBuilder matched:
      - @ConditionalOnMissingBean (types: org.springdoc.core.service.RequestBodyService; SearchStrategy: all) did not find any beans (OnBeanCondition)

   SpringDocConfiguration#responseSupportConverter matched:
      - @ConditionalOnMissingBean (types: org.springdoc.core.converters.ResponseSupportConverter; SearchStrategy: all) did not find any beans (OnBeanCondition)

   SpringDocConfiguration#schemaPropertyDeprecatingConverter matched:
      - @ConditionalOnProperty (springdoc.model-converters.deprecating-converter.enabled) matched (OnPropertyCondition)
      - @ConditionalOnMissingBean (types: org.springdoc.core.converters.SchemaPropertyDeprecatingConverter; SearchStrategy: all) did not find any beans (OnBeanCondition)

   SpringDocConfiguration#securityParser matched:
      - @ConditionalOnMissingBean (types: org.springdoc.core.service.SecurityService; SearchStrategy: all) did not find any beans (OnBeanCondition)

   SpringDocConfiguration#springDocCustomizers matched:
      - @ConditionalOnMissingBean (types: org.springdoc.core.customizers.SpringDocCustomizers; SearchStrategy: all) did not find any beans (OnBeanCondition)

   SpringDocConfiguration#springDocProviders matched:
      - @ConditionalOnMissingBean (types: org.springdoc.core.providers.SpringDocProviders; SearchStrategy: all) did not find any beans (OnBeanCondition)

   SpringDocConfiguration#springdocObjectMapperProvider matched:
      - @ConditionalOnMissingBean (types: org.springdoc.core.providers.ObjectMapperProvider; SearchStrategy: all) did not find any beans (OnBeanCondition)

   SpringDocConfiguration.WebConversionServiceConfiguration matched:
      - @ConditionalOnClass found required class 'org.springframework.boot.autoconfigure.web.format.WebConversionService' (OnClassCondition)

   SpringDocUIConfiguration matched:
      - @ConditionalOnWebApplication (required) found 'session' scope (OnWebApplicationCondition)
      - @ConditionalOnBean (types: org.springdoc.core.configuration.SpringDocConfiguration; SearchStrategy: all) found bean 'org.springdoc.core.configuration.SpringDocConfiguration' (OnBeanCondition)

   SpringDocWebMvcConfiguration matched:
      - found 'session' scope (OnWebApplicationCondition)
      - @ConditionalOnProperty (springdoc.api-docs.enabled) matched (OnPropertyCondition)
      - @ConditionalOnBean (types: org.springdoc.core.configuration.SpringDocConfiguration; SearchStrategy: all) found bean 'org.springdoc.core.configuration.SpringDocConfiguration' (OnBeanCondition)

   SpringDocWebMvcConfiguration#openApiResource matched:
      - @ConditionalOnProperty (springdoc.use-management-port=false) matched (OnPropertyCondition)
      - @ConditionalOnMissingBean (types: org.springdoc.webmvc.api.OpenApiWebMvcResource; SearchStrategy: all) did not find any beans (OnBeanCondition)

   SpringDocWebMvcConfiguration#requestBuilder matched:
      - @ConditionalOnMissingBean (types: org.springdoc.webmvc.core.service.RequestService; SearchStrategy: all) did not find any beans (OnBeanCondition)

   SpringDocWebMvcConfiguration#responseBuilder matched:
      - @ConditionalOnMissingBean (types: org.springdoc.core.service.GenericResponseService; SearchStrategy: all) did not find any beans (OnBeanCondition)

   SpringDocWebMvcConfiguration#springWebProvider matched:
      - @ConditionalOnMissingBean (types: org.springdoc.core.providers.SpringWebProvider; SearchStrategy: all) did not find any beans (OnBeanCondition)

   SpringDocWebMvcConfiguration.SpringDocWebMvcRouterConfiguration matched:
      - @ConditionalOnClass found required class 'org.springframework.web.servlet.function.RouterFunction' (OnClassCondition)

   SpringDocWebMvcConfiguration.SpringDocWebMvcRouterConfiguration#routerFunctionProvider matched:
      - @ConditionalOnMissingBean (types: org.springdoc.webmvc.core.providers.RouterFunctionWebMvcProvider; SearchStrategy: all) did not find any beans (OnBeanCondition)

   SslAutoConfiguration#sslBundleRegistry matched:
      - @ConditionalOnMissingBean (types: org.springframework.boot.ssl.SslBundleRegistry,org.springframework.boot.ssl.SslBundles; SearchStrategy: all) did not find any beans (OnBeanCondition)

   SwaggerConfig matched:
      - found 'session' scope (OnWebApplicationCondition)
      - @ConditionalOnProperty (springdoc.swagger-ui.enabled) matched (OnPropertyCondition)
      - @ConditionalOnBean (types: org.springdoc.core.configuration.SpringDocConfiguration; SearchStrategy: all) found bean 'org.springdoc.core.configuration.SpringDocConfiguration' (OnBeanCondition)

   SwaggerConfig#indexPageTransformer matched:
      - @ConditionalOnMissingBean (types: org.springdoc.webmvc.ui.SwaggerIndexTransformer; SearchStrategy: all) did not find any beans (OnBeanCondition)

   SwaggerConfig#swaggerConfigResource matched:
      - @ConditionalOnProperty (springdoc.use-management-port=false) matched (OnPropertyCondition)
      - @ConditionalOnMissingBean (types: org.springdoc.webmvc.ui.SwaggerConfigResource; SearchStrategy: all) did not find any beans (OnBeanCondition)

   SwaggerConfig#swaggerResourceResolver matched:
      - @ConditionalOnMissingBean (types: org.springdoc.webmvc.ui.SwaggerResourceResolver; SearchStrategy: all) did not find any beans (OnBeanCondition)

   SwaggerConfig#swaggerWebMvcConfigurer matched:
      - @ConditionalOnMissingBean (types: org.springdoc.webmvc.ui.SwaggerWebMvcConfigurer; SearchStrategy: all) did not find any beans (OnBeanCondition)

   SwaggerConfig#swaggerWelcome matched:
      - @ConditionalOnProperty (springdoc.use-management-port=false) matched (OnPropertyCondition)
      - @ConditionalOnMissingBean (types: org.springdoc.webmvc.ui.SwaggerWelcomeWebMvc; SearchStrategy: all) did not find any beans (OnBeanCondition)

   SwaggerUiConfigParameters matched:
      - @ConditionalOnProperty (springdoc.swagger-ui.enabled) matched (OnPropertyCondition)
      - @ConditionalOnBean (types: org.springdoc.core.configuration.SpringDocConfiguration; SearchStrategy: all) found bean 'org.springdoc.core.configuration.SpringDocConfiguration' (OnBeanCondition)

   SwaggerUiConfigProperties matched:
      - @ConditionalOnProperty (springdoc.swagger-ui.enabled) matched (OnPropertyCondition)
      - @ConditionalOnBean (types: org.springdoc.core.configuration.SpringDocConfiguration; SearchStrategy: all) found bean 'org.springdoc.core.configuration.SpringDocConfiguration' (OnBeanCondition)

   SwaggerUiOAuthProperties matched:
      - @ConditionalOnProperty (springdoc.swagger-ui.enabled) matched (OnPropertyCondition)
      - @ConditionalOnBean (types: org.springdoc.core.configuration.SpringDocConfiguration; SearchStrategy: all) found bean 'org.springdoc.core.configuration.SpringDocConfiguration' (OnBeanCondition)

   TaskExecutionAutoConfiguration matched:
      - @ConditionalOnClass found required class 'org.springframework.scheduling.concurrent.ThreadPoolTaskExecutor' (OnClassCondition)

   TaskExecutorConfigurations.AsyncConfigurerConfiguration matched:
      - @ConditionalOnMissingBean (types: org.springframework.scheduling.annotation.AsyncConfigurer; SearchStrategy: all) did not find any beans (OnBeanCondition)

   TaskExecutorConfigurations.SimpleAsyncTaskExecutorBuilderConfiguration#simpleAsyncTaskExecutorBuilder matched:
      - @ConditionalOnMissingBean (types: org.springframework.boot.task.SimpleAsyncTaskExecutorBuilder; SearchStrategy: all) did not find any beans (OnBeanCondition)
      - @ConditionalOnThreading found PLATFORM (OnThreadingCondition)

   TaskExecutorConfigurations.TaskExecutorConfiguration matched:
      - AnyNestedCondition 1 matched 1 did not; NestedCondition on TaskExecutorConfigurations.OnExecutorCondition.ModelCondition @ConditionalOnProperty (spring.task.execution.mode=force) did not find property 'spring.task.execution.mode'; NestedCondition on TaskExecutorConfigurations.OnExecutorCondition.ExecutorBeanCondition @ConditionalOnMissingBean (types: java.util.concurrent.Executor; SearchStrategy: all) did not find any beans (TaskExecutorConfigurations.OnExecutorCondition)

   TaskExecutorConfigurations.TaskExecutorConfiguration#applicationTaskExecutor matched:
      - @ConditionalOnThreading found PLATFORM (OnThreadingCondition)

   TaskExecutorConfigurations.ThreadPoolTaskExecutorBuilderConfiguration#threadPoolTaskExecutorBuilder matched:
      - @ConditionalOnMissingBean (types: org.springframework.boot.task.ThreadPoolTaskExecutorBuilder; SearchStrategy: all) did not find any beans (OnBeanCondition)

   TaskSchedulingAutoConfiguration matched:
      - @ConditionalOnClass found required class 'org.springframework.scheduling.concurrent.ThreadPoolTaskScheduler' (OnClassCondition)

   TaskSchedulingConfigurations.SimpleAsyncTaskSchedulerBuilderConfiguration#simpleAsyncTaskSchedulerBuilder matched:
      - @ConditionalOnMissingBean (types: org.springframework.boot.task.SimpleAsyncTaskSchedulerBuilder; SearchStrategy: all) did not find any beans (OnBeanCondition)
      - @ConditionalOnThreading found PLATFORM (OnThreadingCondition)

   TaskSchedulingConfigurations.ThreadPoolTaskSchedulerBuilderConfiguration#threadPoolTaskSchedulerBuilder matched:
      - @ConditionalOnMissingBean (types: org.springframework.boot.task.ThreadPoolTaskSchedulerBuilder; SearchStrategy: all) did not find any beans (OnBeanCondition)

   TomcatServletWebServerAutoConfiguration matched:
      - @ConditionalOnClass found required classes 'jakarta.servlet.ServletRequest', 'org.apache.catalina.startup.Tomcat', 'org.apache.coyote.UpgradeProtocol', 'org.springframework.boot.tomcat.servlet.TomcatServletWebServerFactory' (OnClassCondition)
      - found 'session' scope (OnWebApplicationCondition)

   TomcatServletWebServerAutoConfiguration#tomcatServletWebServerFactory matched:
      - @ConditionalOnMissingBean (types: org.springframework.boot.web.server.servlet.ServletWebServerFactory; SearchStrategy: current) did not find any beans (OnBeanCondition)

   TomcatWebServerConfiguration matched:
      - @ConditionalOnWarDeployment the application is not deployed as a WAR file. (OnWarDeploymentCondition)

   TomcatWebServerConfiguration.TomcatWebSocketConfiguration matched:
      - @ConditionalOnClass found required class 'org.apache.tomcat.websocket.server.WsSci' (OnClassCondition)

   WebMvcAutoConfiguration matched:
      - @ConditionalOnClass found required classes 'jakarta.servlet.Servlet', 'org.springframework.web.servlet.DispatcherServlet', 'org.springframework.web.servlet.config.annotation.WebMvcConfigurer' (OnClassCondition)
      - found 'session' scope (OnWebApplicationCondition)
      - @ConditionalOnMissingBean (types: org.springframework.web.servlet.config.annotation.WebMvcConfigurationSupport; SearchStrategy: all) did not find any beans (OnBeanCondition)

   WebMvcAutoConfiguration#formContentFilter matched:
      - @ConditionalOnBooleanProperty (spring.mvc.formcontent.filter.enabled=true) matched (OnPropertyCondition)
      - @ConditionalOnMissingBean (types: org.springframework.web.filter.FormContentFilter; SearchStrategy: all) did not find any beans (OnBeanCondition)

   WebMvcAutoConfiguration.EnableWebMvcConfiguration#flashMapManager matched:
      - @ConditionalOnMissingBean (names: flashMapManager; SearchStrategy: all) did not find any beans (OnBeanCondition)

   WebMvcAutoConfiguration.EnableWebMvcConfiguration#localeResolver matched:
      - @ConditionalOnMissingBean (names: localeResolver; SearchStrategy: all) did not find any beans (OnBeanCondition)

   WebMvcAutoConfiguration.EnableWebMvcConfiguration#viewNameTranslator matched:
      - @ConditionalOnMissingBean (names: viewNameTranslator; SearchStrategy: all) did not find any beans (OnBeanCondition)

   WebMvcAutoConfiguration.WebMvcAutoConfigurationAdapter#defaultViewResolver matched:
      - @ConditionalOnMissingBean (types: org.springframework.web.servlet.view.InternalResourceViewResolver; SearchStrategy: all) did not find any beans (OnBeanCondition)

   WebMvcAutoConfiguration.WebMvcAutoConfigurationAdapter#requestContextFilter matched:
      - @ConditionalOnMissingBean (types: org.springframework.web.context.request.RequestContextListener,org.springframework.web.filter.RequestContextFilter; SearchStrategy: all) did not find any beans (OnBeanCondition)

   WebMvcAutoConfiguration.WebMvcAutoConfigurationAdapter#viewResolver matched:
      - @ConditionalOnBean (types: org.springframework.web.servlet.ViewResolver; SearchStrategy: all) found beans 'defaultViewResolver', 'beanNameViewResolver', 'mvcViewResolver'; @ConditionalOnMissingBean (names: viewResolver types: org.springframework.web.servlet.view.ContentNegotiatingViewResolver; SearchStrategy: all) did not find any beans (OnBeanCondition)


Negative matches:
-----------------

   AopAutoConfiguration.AspectJAutoProxyingConfiguration:
      Did not match:
         - @ConditionalOnClass did not find required class 'org.aspectj.weaver.Advice' (OnClassCondition)

   DispatcherServletAutoConfiguration.DispatcherServletConfiguration#multipartResolver:
      Did not match:
         - @ConditionalOnBean (types: org.springframework.web.multipart.MultipartResolver; SearchStrategy: all) did not find any beans of type org.springframework.web.multipart.MultipartResolver (OnBeanCondition)

   GsonHttpMessageConvertersConfiguration:
      Did not match:
         - @ConditionalOnClass did not find required class 'com.google.gson.Gson' (OnClassCondition)

   Jackson2HttpMessageConvertersConfiguration.MappingJackson2HttpMessageConverterConfiguration:
      Did not match:
         - AnyNestedCondition 0 matched 2 did not; NestedCondition on Jackson2HttpMessageConvertersConfiguration.PreferJackson2OrJacksonUnavailableCondition.JacksonUnavailable @ConditionalOnMissingBean (types: org.springframework.boot.http.converter.autoconfigure.JacksonHttpMessageConvertersConfiguration$JacksonJsonHttpMessageConvertersCustomizer; SearchStrategy: all) found beans of type 'org.springframework.boot.http.converter.autoconfigure.JacksonHttpMessageConvertersConfiguration$JacksonJsonHttpMessageConvertersCustomizer' jacksonJsonHttpMessageConvertersCustomizer; NestedCondition on Jackson2HttpMessageConvertersConfiguration.PreferJackson2OrJacksonUnavailableCondition.Jackson2Preferred @ConditionalOnProperty (spring.http.converters.preferred-json-mapper=jackson2) did not find property 'spring.http.converters.preferred-json-mapper' (Jackson2HttpMessageConvertersConfiguration.PreferJackson2OrJacksonUnavailableCondition)
      Matched:
         - @ConditionalOnClass found required class 'com.fasterxml.jackson.databind.ObjectMapper' (OnClassCondition)

   Jackson2HttpMessageConvertersConfiguration.MappingJackson2XmlHttpMessageConverterConfiguration:
      Did not match:
         - @ConditionalOnClass did not find required class 'com.fasterxml.jackson.dataformat.xml.XmlMapper' (OnClassCondition)

   JacksonAutoConfiguration.CborConfiguration:
      Did not match:
         - @ConditionalOnClass did not find required class 'tools.jackson.dataformat.cbor.CBORMapper' (OnClassCondition)

   JacksonAutoConfiguration.XmlConfiguration:
      Did not match:
         - @ConditionalOnClass did not find required class 'tools.jackson.dataformat.xml.XmlMapper' (OnClassCondition)

   JacksonHttpMessageConvertersConfiguration.JacksonXmlHttpMessageConverterConfiguration:
      Did not match:
         - @ConditionalOnClass did not find required class 'tools.jackson.dataformat.xml.XmlMapper' (OnClassCondition)

   JsonbHttpMessageConvertersConfiguration:
      Did not match:
         - @ConditionalOnClass did not find required class 'jakarta.json.bind.Jsonb' (OnClassCondition)

   KotlinSerializationHttpMessageConvertersConfiguration:
      Did not match:
         - @ConditionalOnClass did not find required classes 'kotlinx.serialization.Serializable', 'kotlinx.serialization.json.Json' (OnClassCondition)

   MessageSourceAutoConfiguration:
      Did not match:
         - ResourceBundle did not find bundle with basename messages (MessageSourceAutoConfiguration.ResourceBundleCondition)

   MultipleOpenApiSupportConfiguration:
      Did not match:
         - AnyNestedCondition 0 matched 2 did not; NestedCondition on MultipleOpenApiSupportCondition.OnActuatorDifferentPort @ConditionalOnProperty (springdoc.show-actuator) did not find property 'springdoc.show-actuator'; NestedCondition on MultipleOpenApiSupportCondition.OnMultipleOpenApiSupportCondition AnyNestedCondition 0 matched 2 did not; NestedCondition on MultipleOpenApiGroupsCondition.OnGroupConfigProperty @ConditionalOnProperty (springdoc.group-configs[0].group) did not find property 'springdoc.group-configs[0].group'; NestedCondition on MultipleOpenApiGroupsCondition.OnGroupedOpenApiBean @ConditionalOnBean (types: org.springdoc.core.models.GroupedOpenApi; SearchStrategy: all) did not find any beans of type org.springdoc.core.models.GroupedOpenApi (MultipleOpenApiSupportCondition)
      Matched:
         - found 'session' scope (OnWebApplicationCondition)
         - @ConditionalOnProperty (springdoc.api-docs.enabled) matched (OnPropertyCondition)

   MultipleOpenApiSupportConfiguration.SpringDocWebMvcActuatorDifferentConfiguration:
      Did not match:
         - @ConditionalOnClass did not find required class 'org.springframework.boot.actuate.endpoint.web.servlet.WebMvcEndpointHandlerMapping' (OnClassCondition)
         - Ancestor org.springdoc.webmvc.core.configuration.MultipleOpenApiSupportConfiguration did not match (ConditionEvaluationReport.AncestorsMatchedCondition)

   ProjectInfoAutoConfiguration#buildProperties:
      Did not match:
         - @ConditionalOnResource did not find resource '${spring.info.build.location:classpath:META-INF/build-info.properties}' (OnResourceCondition)

   ProjectInfoAutoConfiguration#gitProperties:
      Did not match:
         - GitResource did not find git info at classpath:git.properties (ProjectInfoAutoConfiguration.GitResourceAvailableCondition)

   ServletHttpExchangesAutoConfiguration:
      Did not match:
         - @ConditionalOnBean did not find required type 'org.springframework.boot.actuate.web.exchanges.HttpExchangeRepository' (OnBeanCondition)

   ServletManagementContextAutoConfiguration:
      Did not match:
         - @ConditionalOnClass did not find required class 'org.springframework.boot.actuate.autoconfigure.endpoint.web.WebEndpointProperties' (OnClassCondition)

   ServletMappingsAutoConfiguration:
      Did not match:
         - @ConditionalOnClass did not find required class 'org.springframework.boot.actuate.autoconfigure.endpoint.condition.ConditionalOnAvailableEndpoint' (OnClassCondition)

   ServletWebServerConfiguration#forwardedHeaderFilter:
      Did not match:
         - @ConditionalOnProperty (server.forward-headers-strategy=framework) did not find property 'server.forward-headers-strategy' (OnPropertyCondition)

   SpringDocConfiguration#propertiesResolverForSchema:
      Did not match:
         - @ConditionalOnProperty (springdoc.api-docs.resolve-schema-properties) did not find property 'springdoc.api-docs.resolve-schema-properties' (OnPropertyCondition)

   SpringDocConfiguration#propertyCustomizingConverter:
      Did not match:
         - @ConditionalOnBean (types: org.springdoc.core.customizers.PropertyCustomizer; SearchStrategy: all) did not find any beans of type org.springdoc.core.customizers.PropertyCustomizer (OnBeanCondition)

   SpringDocConfiguration#springdocBeanFactoryPostProcessor:
      Did not match:
         - AnyNestedCondition 0 matched 2 did not; NestedCondition on CacheOrGroupedOpenApiCondition.OnCacheDisabled found non-matching nested conditions @ConditionalOnProperty (springdoc.cache.disabled) did not find property 'springdoc.cache.disabled'; NestedCondition on CacheOrGroupedOpenApiCondition.OnMultipleOpenApiSupportCondition AnyNestedCondition 0 matched 2 did not; NestedCondition on MultipleOpenApiSupportCondition.OnActuatorDifferentPort @ConditionalOnProperty (springdoc.show-actuator) did not find property 'springdoc.show-actuator'; NestedCondition on MultipleOpenApiSupportCondition.OnMultipleOpenApiSupportCondition AnyNestedCondition 0 matched 2 did not; NestedCondition on MultipleOpenApiGroupsCondition.OnGroupConfigProperty @ConditionalOnProperty (springdoc.group-configs[0].group) did not find property 'springdoc.group-configs[0].group'; NestedCondition on MultipleOpenApiGroupsCondition.OnGroupedOpenApiBean @ConditionalOnBean (types: org.springdoc.core.models.GroupedOpenApi; SearchStrategy: all) did not find any beans of type org.springdoc.core.models.GroupedOpenApi (CacheOrGroupedOpenApiCondition)
      Matched:
         - @ConditionalOnClass found required class 'org.springframework.boot.context.properties.bind.BindResult' (OnClassCondition)

   SpringDocConfiguration#springdocBeanFactoryPostProcessor2:
      Did not match:
         - @ConditionalOnMissingClass found unwanted class 'org.springframework.boot.context.properties.bind.BindResult' (OnClassCondition)

   SpringDocConfiguration.QuerydslProvider:
      Did not match:
         - @ConditionalOnClass did not find required class 'org.springframework.data.querydsl.binding.QuerydslBindingsFactory' (OnClassCondition)

   SpringDocConfiguration.SpringDocActuatorConfiguration:
      Did not match:
         - @ConditionalOnClass did not find required class 'org.springframework.boot.actuate.autoconfigure.endpoint.web.WebEndpointProperties' (OnClassCondition)

   SpringDocConfiguration.SpringDocRepositoryRestConfiguration:
      Did not match:
         - @ConditionalOnClass did not find required class 'org.springframework.data.rest.core.config.RepositoryRestConfiguration' (OnClassCondition)

   SpringDocConfiguration.SpringDocSpringDataWebPropertiesProvider:
      Did not match:
         - @ConditionalOnClass did not find required class 'org.springframework.boot.autoconfigure.data.web.SpringDataWebProperties' (OnClassCondition)

   SpringDocConfiguration.SpringDocWebFluxSupportConfiguration:
      Did not match:
         - @ConditionalOnClass did not find required class 'reactor.core.publisher.Flux' (OnClassCondition)

   SpringDocDataRestConfiguration:
      Did not match:
         - @ConditionalOnClass did not find required class 'org.springframework.data.rest.core.config.RepositoryRestConfiguration' (OnClassCondition)

   SpringDocFunctionCatalogConfiguration:
      Did not match:
         - @ConditionalOnClass did not find required class 'org.springframework.cloud.function.web.function.FunctionEndpointInitializer' (OnClassCondition)

   SpringDocGroovyConfiguration:
      Did not match:
         - @ConditionalOnClass did not find required class 'groovy.lang.MetaClass' (OnClassCondition)

   SpringDocHateoasConfiguration:
      Did not match:
         - @ConditionalOnClass did not find required class 'org.springframework.hateoas.server.LinkRelationProvider' (OnClassCondition)

   SpringDocJacksonKotlinModuleConfiguration:
      Did not match:
         - @ConditionalOnClass did not find required class 'com.fasterxml.jackson.module.kotlin.KotlinModule' (OnClassCondition)

   SpringDocJavadocConfiguration:
      Did not match:
         - @ConditionalOnClass did not find required class 'com.github.therapi.runtimejavadoc.CommentFormatter' (OnClassCondition)

   SpringDocKotlinConfiguration:
      Did not match:
         - @ConditionalOnClass did not find required class 'kotlin.coroutines.Continuation' (OnClassCondition)

   SpringDocKotlinxConfiguration:
      Did not match:
         - @ConditionalOnClass did not find required class 'kotlinx.coroutines.flow.Flow' (OnClassCondition)

   SpringDocPageableConfiguration:
      Did not match:
         - @ConditionalOnClass did not find required class 'org.springframework.data.domain.Pageable' (OnClassCondition)

   SpringDocSecurityConfiguration:
      Did not match:
         - @ConditionalOnClass did not find required class 'org.springframework.security.web.SecurityFilterChain' (OnClassCondition)

   SpringDocSortConfiguration:
      Did not match:
         - @ConditionalOnClass did not find required class 'org.springframework.data.domain.Sort' (OnClassCondition)

   SpringDocWebMvcConfiguration.SpringDocWebMvcActuatorConfiguration:
      Did not match:
         - @ConditionalOnClass did not find required class 'org.springframework.boot.actuate.endpoint.web.servlet.WebMvcEndpointHandlerMapping' (OnClassCondition)

   SwaggerConfig#springWebProvider:
      Did not match:
         - @ConditionalOnMissingBean (types: org.springdoc.core.providers.SpringWebProvider; SearchStrategy: all) found beans of type 'org.springdoc.core.providers.SpringWebProvider' springWebProvider (OnBeanCondition)

   SwaggerConfig#swaggerUiConfigParameters:
      Did not match:
         - @ConditionalOnMissingBean (types: org.springdoc.core.properties.SwaggerUiConfigParameters; SearchStrategy: all) found beans of type 'org.springdoc.core.properties.SwaggerUiConfigParameters' org.springdoc.core.properties.SwaggerUiConfigParameters (OnBeanCondition)

   SwaggerConfig#swaggerUiHome:
      Did not match:
         - @ConditionalOnProperty (springdoc.swagger-ui.use-root-path=true) did not find property 'springdoc.swagger-ui.use-root-path' (OnPropertyCondition)

   SwaggerConfig.SwaggerActuatorWelcomeConfiguration:
      Did not match:
         - @ConditionalOnClass did not find required class 'org.springframework.boot.actuate.endpoint.web.servlet.WebMvcEndpointHandlerMapping' (OnClassCondition)

   TaskExecutorConfigurations.AsyncConfigurerWrapperConfiguration:
      Did not match:
         - @ConditionalOnBean (types: org.springframework.scheduling.annotation.AsyncConfigurer; SearchStrategy: all) did not find any beans of type org.springframework.scheduling.annotation.AsyncConfigurer (OnBeanCondition)

   TaskExecutorConfigurations.SimpleAsyncTaskExecutorBuilderConfiguration#simpleAsyncTaskExecutorBuilderVirtualThreads:
      Did not match:
         - @ConditionalOnMissingBean (types: org.springframework.boot.task.SimpleAsyncTaskExecutorBuilder; SearchStrategy: all) found beans of type 'org.springframework.boot.task.SimpleAsyncTaskExecutorBuilder' simpleAsyncTaskExecutorBuilder (OnBeanCondition)

   TaskExecutorConfigurations.TaskExecutorConfiguration#applicationTaskExecutorVirtualThreads:
      Did not match:
         - @ConditionalOnThreading did not find VIRTUAL (OnThreadingCondition)

   TaskSchedulingAutoConfiguration#scheduledBeanLazyInitializationExcludeFilter:
      Did not match:
         - @ConditionalOnBean (names: org.springframework.scheduling.config.internalScheduledAnnotationProcessor; SearchStrategy: all) did not find any beans named org.springframework.scheduling.config.internalScheduledAnnotationProcessor (OnBeanCondition)

   TaskSchedulingConfigurations.SimpleAsyncTaskSchedulerBuilderConfiguration#simpleAsyncTaskSchedulerBuilderVirtualThreads:
      Did not match:
         - @ConditionalOnMissingBean (types: org.springframework.boot.task.SimpleAsyncTaskSchedulerBuilder; SearchStrategy: all) found beans of type 'org.springframework.boot.task.SimpleAsyncTaskSchedulerBuilder' simpleAsyncTaskSchedulerBuilder (OnBeanCondition)

   TaskSchedulingConfigurations.TaskSchedulerConfiguration:
      Did not match:
         - @ConditionalOnBean (names: org.springframework.scheduling.config.internalScheduledAnnotationProcessor; SearchStrategy: all) did not find any beans named org.springframework.scheduling.config.internalScheduledAnnotationProcessor (OnBeanCondition)

   TomcatMetricsAutoConfiguration:
      Did not match:
         - @ConditionalOnClass did not find required class 'io.micrometer.core.instrument.binder.tomcat.TomcatMetrics' (OnClassCondition)

   TomcatReactiveManagementContextAutoConfiguration:
      Did not match:
         - @ConditionalOnClass did not find required class 'org.springframework.boot.actuate.autoconfigure.web.server.ManagementContextFactory' (OnClassCondition)

   TomcatReactiveWebServerAutoConfiguration:
      Did not match:
         - @ConditionalOnWebApplication did not find reactive web application classes (OnWebApplicationCondition)

   TomcatServletManagementContextAutoConfiguration:
      Did not match:
         - @ConditionalOnClass did not find required class 'org.springframework.boot.actuate.autoconfigure.web.server.ManagementContextFactory' (OnClassCondition)

   TomcatServletWebServerAutoConfiguration#tomcatForwardedHeaderFilterCustomizer:
      Did not match:
         - @ConditionalOnProperty (server.forward-headers-strategy=framework) did not find property 'server.forward-headers-strategy' (OnPropertyCondition)

   TomcatWebServerConfiguration#tomcatVirtualThreadsProtocolHandlerCustomizer:
      Did not match:
         - @ConditionalOnThreading did not find VIRTUAL (OnThreadingCondition)

   WebMvcAutoConfiguration#hiddenHttpMethodFilter:
      Did not match:
         - @ConditionalOnBooleanProperty (spring.mvc.hiddenmethod.filter.enabled=true) did not find property 'spring.mvc.hiddenmethod.filter.enabled' (OnPropertyCondition)

   WebMvcAutoConfiguration.ProblemDetailsErrorHandlingConfiguration:
      Did not match:
         - @ConditionalOnBooleanProperty (spring.mvc.problemdetails.enabled=true) did not find property 'spring.mvc.problemdetails.enabled' (OnPropertyCondition)

   WebMvcAutoConfiguration.ResourceChainCustomizerConfiguration:
      Did not match:
         - @ConditionalOnEnabledResourceChain did not find class org.webjars.WebJarVersionLocator (OnEnabledResourceChainCondition)

   WebMvcAutoConfiguration.WebMvcAutoConfigurationAdapter#beanNameViewResolver:
      Did not match:
         - @ConditionalOnMissingBean (types: org.springframework.web.servlet.view.BeanNameViewResolver; SearchStrategy: all) found beans of type 'org.springframework.web.servlet.view.BeanNameViewResolver' beanNameViewResolver (OnBeanCondition)

   WebMvcHealthEndpointExtensionAutoConfiguration:
      Did not match:
         - @ConditionalOnClass did not find required class 'org.springframework.boot.health.actuate.endpoint.HealthEndpoint' (OnClassCondition)

   WebMvcMappingsAutoConfiguration:
      Did not match:
         - @ConditionalOnClass did not find required class 'org.springframework.boot.actuate.autoconfigure.endpoint.condition.ConditionalOnAvailableEndpoint' (OnClassCondition)

   WebMvcObservationAutoConfiguration:
      Did not match:
         - @ConditionalOnClass did not find required class 'org.springframework.boot.micrometer.observation.autoconfigure.ObservationProperties' (OnClassCondition)


Exclusions:
-----------

    None


Unconditional classes:
----------------------

    org.springframework.boot.autoconfigure.context.ConfigurationPropertiesAutoConfiguration

    org.springframework.boot.autoconfigure.ssl.SslAutoConfiguration

    org.springframework.boot.autoconfigure.context.LifecycleAutoConfiguration

    org.springframework.boot.autoconfigure.context.PropertyPlaceholderAutoConfiguration

    org.springframework.boot.autoconfigure.availability.ApplicationAvailabilityAutoConfiguration

    org.springframework.boot.autoconfigure.info.ProjectInfoAutoConfiguration



27-03-2026 17:51:56 org.springframework.boot.StartupInfoLogger.logStarted - Started MicdlEtlApplication in 2.205 seconds (process running for 2.985)
27-03-2026 17:51:56 org.springframework.boot.availability.ApplicationAvailabilityBean.onApplicationEvent - Application availability state LivenessState changed to CORRECT
27-03-2026 17:51:56 org.springframework.boot.availability.ApplicationAvailabilityBean.onApplicationEvent - Application availability state ReadinessState changed to ACCEPTING_TRAFFIC
27-03-2026 17:52:38 org.apache.juli.logging.DirectJDKLog.log - Initializing Spring DispatcherServlet 'dispatcherServlet'
27-03-2026 17:52:38 org.springframework.web.servlet.FrameworkServlet.initServletBean - Initializing Servlet 'dispatcherServlet'
27-03-2026 17:52:38 org.springframework.web.servlet.DispatcherServlet.initMultipartResolver - Detected StandardServletMultipartResolver
27-03-2026 17:52:38 org.springframework.web.servlet.DispatcherServlet.initLocaleResolver - Detected AcceptHeaderLocaleResolver
27-03-2026 17:52:38 org.springframework.web.servlet.DispatcherServlet.initRequestToViewNameTranslator - Detected org.springframework.web.servlet.view.DefaultRequestToViewNameTranslator@4134813
27-03-2026 17:52:38 org.springframework.web.servlet.DispatcherServlet.initFlashMapManager - Detected org.springframework.web.servlet.support.SessionFlashMapManager@65b0c011
27-03-2026 17:52:38 org.springframework.web.servlet.FrameworkServlet.initServletBean - enableLoggingRequestDetails='false': request parameters and headers will be masked to prevent unsafe logging of potentially sensitive data
27-03-2026 17:52:38 org.springframework.web.servlet.FrameworkServlet.initServletBean - Completed initialization in 9 ms
27-03-2026 17:52:38 org.springframework.core.log.LogFormatUtils.traceDebug - GET "/swagger-ui.html", parameters={}
27-03-2026 17:52:38 org.springframework.web.servlet.handler.AbstractHandlerMapping.getHandler - Mapped to org.springdoc.webmvc.ui.SwaggerWelcomeWebMvc#redirectToUi(HttpServletRequest)
27-03-2026 17:52:38 org.springframework.web.servlet.mvc.method.annotation.AbstractMessageConverterMethodProcessor.writeWithMessageConverters - Using 'application/json;q=0.8', given [text/html, application/xhtml+xml, image/avif, image/webp, image/apng, application/xml;q=0.9, */*;q=0.8, application/signed-exchange;v=b3;q=0.7] and supported [application/json, application/*+json, application/yaml]
27-03-2026 17:52:38 org.springframework.web.servlet.mvc.method.annotation.AbstractMessageConverterMethodProcessor.writeWithMessageConverters - Nothing to write: null body
27-03-2026 17:52:38 org.springframework.web.servlet.FrameworkServlet.logResult - Completed 302 FOUND
27-03-2026 17:52:38 org.springframework.core.log.LogFormatUtils.traceDebug - GET "/swagger-ui/index.html", parameters={}
27-03-2026 17:52:38 org.springframework.web.servlet.handler.AbstractHandlerMapping.getHandler - Mapped to ResourceHttpRequestHandler [classpath [META-INF/resources/webjars/]]
27-03-2026 17:52:38 org.springframework.web.servlet.FrameworkServlet.logResult - Completed 200 OK
27-03-2026 17:52:38 org.springframework.core.log.LogFormatUtils.traceDebug - GET "/swagger-ui/swagger-ui.css", parameters={}
27-03-2026 17:52:38 org.springframework.web.servlet.handler.AbstractHandlerMapping.getHandler - Mapped to ResourceHttpRequestHandler [classpath [META-INF/resources/webjars/]]
27-03-2026 17:52:38 org.springframework.core.log.LogFormatUtils.traceDebug - GET "/swagger-ui/index.css", parameters={}
27-03-2026 17:52:38 org.springframework.web.servlet.FrameworkServlet.logResult - Completed 200 OK
27-03-2026 17:52:38 org.springframework.web.servlet.handler.AbstractHandlerMapping.getHandler - Mapped to ResourceHttpRequestHandler [classpath [META-INF/resources/webjars/]]
27-03-2026 17:52:38 org.springframework.core.log.LogFormatUtils.traceDebug - GET "/swagger-ui/swagger-ui-standalone-preset.js", parameters={}
27-03-2026 17:52:38 org.springframework.core.log.LogFormatUtils.traceDebug - GET "/swagger-ui/swagger-initializer.js", parameters={}
27-03-2026 17:52:38 org.springframework.core.log.LogFormatUtils.traceDebug - GET "/swagger-ui/swagger-ui-bundle.js", parameters={}
27-03-2026 17:52:38 org.springframework.web.servlet.handler.AbstractHandlerMapping.getHandler - Mapped to ResourceHttpRequestHandler [classpath [META-INF/resources/webjars/]]
27-03-2026 17:52:38 org.springframework.web.servlet.handler.AbstractHandlerMapping.getHandler - Mapped to ResourceHttpRequestHandler [classpath [META-INF/resources/webjars/]]
27-03-2026 17:52:38 org.springframework.web.servlet.handler.AbstractHandlerMapping.getHandler - Mapped to ResourceHttpRequestHandler [classpath [META-INF/resources/webjars/]]
27-03-2026 17:52:38 org.springframework.web.servlet.FrameworkServlet.logResult - Completed 200 OK
27-03-2026 17:52:38 org.springframework.web.servlet.FrameworkServlet.logResult - Completed 200 OK
27-03-2026 17:52:38 org.springframework.web.servlet.FrameworkServlet.logResult - Completed 200 OK
27-03-2026 17:52:38 org.springframework.web.servlet.FrameworkServlet.logResult - Completed 200 OK
27-03-2026 17:52:39 org.springframework.core.log.LogFormatUtils.traceDebug - GET "/v3/api-docs/swagger-config", parameters={}
27-03-2026 17:52:39 org.springframework.web.servlet.handler.AbstractHandlerMapping.getHandler - Mapped to org.springdoc.webmvc.ui.SwaggerConfigResource#openapiJson(HttpServletRequest)
27-03-2026 17:52:39 org.springframework.web.servlet.mvc.method.annotation.AbstractMessageConverterMethodProcessor.writeWithMessageConverters - Using 'application/json', given [*/*] and supported [application/json]
27-03-2026 17:52:39 org.springframework.core.log.LogFormatUtils.traceDebug - Writing [{configUrl=/v3/api-docs/swagger-config, oauth2RedirectUrl=http://localhost:8080/swagger-ui/oauth2-re (truncated)...]
27-03-2026 17:52:39 org.springframework.core.log.LogFormatUtils.traceDebug - GET "/swagger-ui/favicon-32x32.png", parameters={}
27-03-2026 17:52:39 org.springframework.web.servlet.handler.AbstractHandlerMapping.getHandler - Mapped to ResourceHttpRequestHandler [classpath [META-INF/resources/webjars/]]
27-03-2026 17:52:39 org.springframework.web.servlet.FrameworkServlet.logResult - Completed 200 OK
27-03-2026 17:52:39 org.springframework.web.servlet.FrameworkServlet.logResult - Completed 200 OK
27-03-2026 17:52:39 org.springframework.core.log.LogFormatUtils.traceDebug - GET "/v3/api-docs", parameters={}
27-03-2026 17:52:39 org.springframework.web.servlet.handler.AbstractHandlerMapping.getHandler - Mapped to org.springdoc.webmvc.api.OpenApiWebMvcResource#openapiJson(HttpServletRequest, String, Locale)
27-03-2026 17:52:39 io.swagger.v3.core.converter.ModelConverterContextImpl.resolve - resolve org.springframework.http.ResponseEntity<it.almaviva.mic.etl.dto.EsitoDTO>
27-03-2026 17:52:39 io.swagger.v3.core.converter.ModelConverterContextImpl.resolve - resolve [simple type, class it.almaviva.mic.etl.dto.EsitoDTO]
27-03-2026 17:52:39 io.swagger.v3.core.converter.ModelConverterContextImpl.resolve - resolve [simple type, class java.lang.Integer]
27-03-2026 17:52:39 io.swagger.v3.core.converter.ModelConverterContextImpl.resolve - resolve [simple type, class java.lang.String]
27-03-2026 17:52:39 io.swagger.v3.core.converter.ModelConverterContextImpl.resolve - resolve [simple type, class java.lang.Object]
27-03-2026 17:52:39 org.springdoc.api.AbstractOpenApiResource.getOpenApi - Init duration for springdoc-openapi is: 234 ms
27-03-2026 17:52:39 org.springframework.web.servlet.mvc.method.annotation.AbstractMessageConverterMethodProcessor.writeWithMessageConverters - Using 'application/json', given [application/json, */*] and supported [application/json]
27-03-2026 17:52:39 org.springframework.core.log.LogFormatUtils.traceDebug - Writing [{7b226f70656e617069223a22332e302e31222c22696e666f223a7b227469746c65223a22415049204d6963646c202d20455 (truncated)...]
27-03-2026 17:52:39 org.springframework.web.servlet.FrameworkServlet.logResult - Completed 200 OK
27-03-2026 17:53:14 org.springframework.core.log.LogFormatUtils.traceDebug - GET "/etl/test", parameters={}
27-03-2026 17:53:14 org.springframework.web.servlet.handler.AbstractHandlerMapping.getHandler - Mapped to it.almaviva.mic.etl.controller.CaricamentoDatiController#testConnessione()
27-03-2026 17:53:14 it.almaviva.mic.etl.controller.CaricamentoDatiController.testConnessione - Inizio procedura
27-03-2026 17:53:14 it.almaviva.mic.etl.controller.CaricamentoDatiController.testConnessione - Creazione esito
27-03-2026 17:53:14 it.almaviva.mic.etl.controller.CaricamentoDatiController.testConnessione - Fine esecuzione
27-03-2026 17:53:14 org.springframework.web.servlet.mvc.method.annotation.AbstractMessageConverterMethodProcessor.writeWithMessageConverters - Using 'application/json', given [*/*] and supported [application/json, application/*+json, application/yaml]
27-03-2026 17:53:14 org.springframework.core.log.LogFormatUtils.traceDebug - Writing [EsitoDTO(codice=200, messaggio=Tutto a posto, content=null)]
27-03-2026 17:53:14 org.springframework.web.servlet.FrameworkServlet.logResult - Completed 200 OK
27-03-2026 17:55:01 org.springframework.boot.admin.SpringApplicationAdminMXBeanRegistrar$SpringApplicationAdmin.shutdown - Application shutdown requested.
27-03-2026 17:55:01 org.springframework.boot.availability.ApplicationAvailabilityBean.onApplicationEvent - Application availability state ReadinessState changed from ACCEPTING_TRAFFIC to REFUSING_TRAFFIC
27-03-2026 17:55:01 org.springframework.context.support.AbstractApplicationContext.doClose - Closing org.springframework.boot.web.server.servlet.context.AnnotationConfigServletWebServerApplicationContext@245a26e1, started on Fri Mar 27 17:51:54 CET 2026
27-03-2026 17:55:01 org.springframework.context.support.DefaultLifecycleProcessor$LifecycleGroup.stop - Stopping beans in phase 2147482623
27-03-2026 17:55:01 org.springframework.boot.tomcat.GracefulShutdown.shutDownGracefully - Commencing graceful shutdown. Waiting for active requests to complete
27-03-2026 17:55:01 org.apache.juli.logging.DirectJDKLog.log - Pausing ProtocolHandler ["http-nio-8080"]
27-03-2026 17:55:01 org.springframework.boot.tomcat.GracefulShutdown.doShutdown - Graceful shutdown complete
27-03-2026 17:55:01 org.springframework.context.support.DefaultLifecycleProcessor.lambda$doStop$0 - Bean 'webServerGracefulShutdown' completed its stop procedure
27-03-2026 17:55:01 org.springframework.context.support.DefaultLifecycleProcessor$LifecycleGroup.stop - Stopping beans in phase 2147481599
27-03-2026 17:55:01 org.apache.juli.logging.DirectJDKLog.log - Stopping ProtocolHandler ["http-nio-8080"]
27-03-2026 17:55:01 org.springframework.context.support.DefaultLifecycleProcessor.lambda$doStop$0 - Bean 'webServerStartStop' completed its stop procedure
27-03-2026 17:55:01 org.springframework.context.support.DefaultLifecycleProcessor$LifecycleGroup.stop - Stopping beans in phase 1073741823
27-03-2026 17:55:01 org.springframework.context.support.DefaultLifecycleProcessor.lambda$doStop$0 - Bean 'applicationTaskExecutor' completed its stop procedure
27-03-2026 17:55:01 org.springframework.context.support.DefaultLifecycleProcessor$LifecycleGroup.stop - Stopping beans in phase -2147483647
27-03-2026 17:55:01 org.springframework.context.support.DefaultLifecycleProcessor.lambda$doStop$0 - Bean 'springBootLoggingLifecycle' completed its stop procedure
27-03-2026 17:55:01 org.springframework.jmx.export.MBeanExporter.destroy - Unregistering JMX-exposed beans on shutdown
27-03-2026 17:55:01 org.springframework.scheduling.concurrent.ExecutorConfigurationSupport.shutdown - Shutting down ExecutorService 'applicationTaskExecutor'
27-03-2026 17:55:20 org.springframework.boot.SpringApplication.load - Loading source class it.almaviva.mic.etl.MicdlEtlApplication
27-03-2026 17:55:20 org.springframework.context.support.AbstractApplicationContext.prepareRefresh - Refreshing org.springframework.boot.web.server.servlet.context.AnnotationConfigServletWebServerApplicationContext@46cc127b
27-03-2026 17:55:20 org.springframework.beans.factory.support.DefaultSingletonBeanRegistry.getSingleton - Creating shared instance of singleton bean 'org.springframework.context.annotation.internalConfigurationAnnotationProcessor'
27-03-2026 17:55:20 org.springframework.beans.factory.support.DefaultSingletonBeanRegistry.getSingleton - Creating shared instance of singleton bean 'org.springframework.boot.autoconfigure.internalCachingMetadataReaderFactory'
27-03-2026 17:55:20 org.springframework.context.annotation.ClassPathScanningCandidateComponentProvider.scanCandidateComponents - Identified candidate component class: file [C:\Users\biagi\OneDrive\Documents\sts_workspace_etl\micdl-etl\target\classes\it\almaviva\mic\etl\config\SwaggerConfig.class]
27-03-2026 17:55:20 org.springframework.context.annotation.ClassPathScanningCandidateComponentProvider.scanCandidateComponents - Identified candidate component class: file [C:\Users\biagi\OneDrive\Documents\sts_workspace_etl\micdl-etl\target\classes\it\almaviva\mic\etl\controller\CaricamentoDatiController.class]
27-03-2026 17:55:20 org.springframework.beans.factory.support.DefaultSingletonBeanRegistry.getSingleton - Creating shared instance of singleton bean 'propertySourcesPlaceholderConfigurer'
27-03-2026 17:55:20 org.springframework.beans.factory.support.DefaultSingletonBeanRegistry.getSingleton - Creating shared instance of singleton bean 'org.springframework.context.event.internalEventListenerProcessor'
27-03-2026 17:55:20 org.springframework.beans.factory.support.DefaultSingletonBeanRegistry.getSingleton - Creating shared instance of singleton bean 'bootstrapExecutorAliasPostProcessor'
27-03-2026 17:55:20 org.springframework.beans.factory.support.DefaultSingletonBeanRegistry.getSingleton - Creating shared instance of singleton bean 'preserveErrorControllerTargetClassPostProcessor'
27-03-2026 17:55:20 org.springframework.beans.factory.support.DefaultSingletonBeanRegistry.getSingleton - Creating shared instance of singleton bean 'forceAutoProxyCreatorToUseClassProxying'
27-03-2026 17:55:20 org.springframework.beans.factory.support.DefaultSingletonBeanRegistry.getSingleton - Creating shared instance of singleton bean 'org.springframework.context.event.internalEventListenerFactory'
27-03-2026 17:55:20 org.springframework.beans.factory.support.DefaultSingletonBeanRegistry.getSingleton - Creating shared instance of singleton bean 'org.springframework.context.annotation.internalAutowiredAnnotationProcessor'
27-03-2026 17:55:20 org.springframework.beans.factory.support.DefaultSingletonBeanRegistry.getSingleton - Creating shared instance of singleton bean 'org.springframework.context.annotation.internalCommonAnnotationProcessor'
27-03-2026 17:55:20 org.springframework.beans.factory.support.DefaultSingletonBeanRegistry.getSingleton - Creating shared instance of singleton bean 'org.springframework.boot.context.properties.ConfigurationPropertiesBindingPostProcessor'
27-03-2026 17:55:20 org.springframework.beans.factory.support.DefaultSingletonBeanRegistry.getSingleton - Creating shared instance of singleton bean 'org.springframework.boot.context.internalConfigurationPropertiesBinder'
27-03-2026 17:55:20 org.springframework.beans.factory.support.DefaultSingletonBeanRegistry.getSingleton - Creating shared instance of singleton bean 'org.springframework.aop.config.internalAutoProxyCreator'
27-03-2026 17:55:20 org.springframework.beans.factory.support.DefaultSingletonBeanRegistry.getSingleton - Creating shared instance of singleton bean 'org.springframework.aop.framework.autoproxy.defaultProxyConfig'
27-03-2026 17:55:20 org.springframework.beans.factory.support.DefaultSingletonBeanRegistry.getSingleton - Creating shared instance of singleton bean 'webServerFactoryCustomizerBeanPostProcessor'
27-03-2026 17:55:20 org.springframework.beans.factory.support.DefaultSingletonBeanRegistry.getSingleton - Creating shared instance of singleton bean 'errorPageRegistrarBeanPostProcessor'
27-03-2026 17:55:20 org.springframework.beans.factory.support.DefaultSingletonBeanRegistry.getSingleton - Creating shared instance of singleton bean 'tomcatServletWebServerFactory'
27-03-2026 17:55:20 org.springframework.beans.factory.support.DefaultSingletonBeanRegistry.getSingleton - Creating shared instance of singleton bean 'org.springframework.boot.tomcat.autoconfigure.servlet.TomcatServletWebServerAutoConfiguration'
27-03-2026 17:55:20 org.springframework.beans.factory.support.DefaultSingletonBeanRegistry.getSingleton - Creating shared instance of singleton bean 'server.tomcat-org.springframework.boot.tomcat.autoconfigure.TomcatServerProperties'
27-03-2026 17:55:20 org.springframework.beans.factory.support.DefaultSingletonBeanRegistry.getSingleton - Creating shared instance of singleton bean 'org.springframework.boot.context.properties.BoundConfigurationProperties'
27-03-2026 17:55:20 org.springframework.beans.factory.support.ConstructorResolver.registerDependentBeans - Autowiring by type from bean name 'org.springframework.boot.tomcat.autoconfigure.servlet.TomcatServletWebServerAutoConfiguration' via constructor to bean named 'server.tomcat-org.springframework.boot.tomcat.autoconfigure.TomcatServerProperties'
27-03-2026 17:55:20 org.springframework.beans.factory.support.DefaultSingletonBeanRegistry.getSingleton - Creating shared instance of singleton bean 'servletWebServerFactoryCustomizer'
27-03-2026 17:55:20 org.springframework.beans.factory.support.DefaultSingletonBeanRegistry.getSingleton - Creating shared instance of singleton bean 'org.springframework.boot.web.server.autoconfigure.servlet.ServletWebServerConfiguration'
27-03-2026 17:55:20 org.springframework.beans.factory.support.DefaultSingletonBeanRegistry.getSingleton - Creating shared instance of singleton bean 'server-org.springframework.boot.web.server.autoconfigure.ServerProperties'
27-03-2026 17:55:20 org.springframework.beans.factory.support.ConstructorResolver.registerDependentBeans - Autowiring by type from bean name 'servletWebServerFactoryCustomizer' via factory method to bean named 'server-org.springframework.boot.web.server.autoconfigure.ServerProperties'
27-03-2026 17:55:20 org.springframework.beans.factory.support.DefaultSingletonBeanRegistry.getSingleton - Creating shared instance of singleton bean 'sslBundleRegistry'
27-03-2026 17:55:20 org.springframework.beans.factory.support.DefaultSingletonBeanRegistry.getSingleton - Creating shared instance of singleton bean 'org.springframework.boot.autoconfigure.ssl.SslAutoConfiguration'
27-03-2026 17:55:20 org.springframework.beans.factory.support.DefaultSingletonBeanRegistry.getSingleton - Creating shared instance of singleton bean 'spring.ssl-org.springframework.boot.autoconfigure.ssl.SslProperties'
27-03-2026 17:55:20 org.springframework.beans.factory.support.ConstructorResolver.registerDependentBeans - Autowiring by type from bean name 'org.springframework.boot.autoconfigure.ssl.SslAutoConfiguration' via constructor to bean named 'org.springframework.boot.web.server.servlet.context.AnnotationConfigServletWebServerApplicationContext@46cc127b'
27-03-2026 17:55:20 org.springframework.beans.factory.support.ConstructorResolver.registerDependentBeans - Autowiring by type from bean name 'org.springframework.boot.autoconfigure.ssl.SslAutoConfiguration' via constructor to bean named 'spring.ssl-org.springframework.boot.autoconfigure.ssl.SslProperties'
27-03-2026 17:55:20 org.springframework.beans.factory.support.DefaultSingletonBeanRegistry.getSingleton - Creating shared instance of singleton bean 'sslPropertiesSslBundleRegistrar'
27-03-2026 17:55:20 org.springframework.beans.factory.support.DefaultSingletonBeanRegistry.getSingleton - Creating shared instance of singleton bean 'fileWatcher'
27-03-2026 17:55:20 org.springframework.beans.factory.support.ConstructorResolver.registerDependentBeans - Autowiring by type from bean name 'sslPropertiesSslBundleRegistrar' via factory method to bean named 'fileWatcher'
27-03-2026 17:55:20 org.springframework.beans.factory.support.DefaultSingletonBeanRegistry.getSingleton - Creating shared instance of singleton bean 'webSocketWebServerCustomizer'
27-03-2026 17:55:20 org.springframework.beans.factory.support.DefaultSingletonBeanRegistry.getSingleton - Creating shared instance of singleton bean 'org.springframework.boot.tomcat.autoconfigure.TomcatWebServerConfiguration$TomcatWebSocketConfiguration'
27-03-2026 17:55:20 org.springframework.beans.factory.support.DefaultSingletonBeanRegistry.getSingleton - Creating shared instance of singleton bean 'tomcatWebServerFactoryCustomizer'
27-03-2026 17:55:20 org.springframework.beans.factory.support.DefaultSingletonBeanRegistry.getSingleton - Creating shared instance of singleton bean 'org.springframework.boot.tomcat.autoconfigure.TomcatWebServerConfiguration'
27-03-2026 17:55:20 org.springframework.beans.factory.support.DefaultSingletonBeanRegistry.getSingleton - Creating shared instance of singleton bean 'spring.web-org.springframework.boot.autoconfigure.web.WebProperties'
27-03-2026 17:55:20 org.springframework.beans.factory.support.ConstructorResolver.registerDependentBeans - Autowiring by type from bean name 'tomcatWebServerFactoryCustomizer' via factory method to bean named 'environment'
27-03-2026 17:55:20 org.springframework.beans.factory.support.ConstructorResolver.registerDependentBeans - Autowiring by type from bean name 'tomcatWebServerFactoryCustomizer' via factory method to bean named 'server-org.springframework.boot.web.server.autoconfigure.ServerProperties'
27-03-2026 17:55:20 org.springframework.beans.factory.support.ConstructorResolver.registerDependentBeans - Autowiring by type from bean name 'tomcatWebServerFactoryCustomizer' via factory method to bean named 'server.tomcat-org.springframework.boot.tomcat.autoconfigure.TomcatServerProperties'
27-03-2026 17:55:20 org.springframework.beans.factory.support.ConstructorResolver.registerDependentBeans - Autowiring by type from bean name 'tomcatWebServerFactoryCustomizer' via factory method to bean named 'spring.web-org.springframework.boot.autoconfigure.web.WebProperties'
27-03-2026 17:55:20 org.springframework.beans.factory.support.DefaultSingletonBeanRegistry.getSingleton - Creating shared instance of singleton bean 'tomcatServletWebServerFactoryCustomizer'
27-03-2026 17:55:20 org.springframework.beans.factory.support.ConstructorResolver.registerDependentBeans - Autowiring by type from bean name 'tomcatServletWebServerFactoryCustomizer' via factory method to bean named 'server.tomcat-org.springframework.boot.tomcat.autoconfigure.TomcatServerProperties'
27-03-2026 17:55:21 org.springframework.beans.factory.support.DefaultSingletonBeanRegistry.getSingleton - Creating shared instance of singleton bean 'errorPageCustomizer'
27-03-2026 17:55:21 org.springframework.beans.factory.support.DefaultSingletonBeanRegistry.getSingleton - Creating shared instance of singleton bean 'org.springframework.boot.webmvc.autoconfigure.error.ErrorMvcAutoConfiguration'
27-03-2026 17:55:21 org.springframework.beans.factory.support.ConstructorResolver.registerDependentBeans - Autowiring by type from bean name 'org.springframework.boot.webmvc.autoconfigure.error.ErrorMvcAutoConfiguration' via constructor to bean named 'spring.web-org.springframework.boot.autoconfigure.web.WebProperties'
27-03-2026 17:55:21 org.springframework.beans.factory.support.DefaultSingletonBeanRegistry.getSingleton - Creating shared instance of singleton bean 'dispatcherServletRegistration'
27-03-2026 17:55:21 org.springframework.beans.factory.support.DefaultSingletonBeanRegistry.getSingleton - Creating shared instance of singleton bean 'org.springframework.boot.webmvc.autoconfigure.DispatcherServletAutoConfiguration$DispatcherServletRegistrationConfiguration'
27-03-2026 17:55:21 org.springframework.beans.factory.support.DefaultSingletonBeanRegistry.getSingleton - Creating shared instance of singleton bean 'dispatcherServlet'
27-03-2026 17:55:21 org.springframework.beans.factory.support.DefaultSingletonBeanRegistry.getSingleton - Creating shared instance of singleton bean 'org.springframework.boot.webmvc.autoconfigure.DispatcherServletAutoConfiguration$DispatcherServletConfiguration'
27-03-2026 17:55:21 org.springframework.beans.factory.support.DefaultSingletonBeanRegistry.getSingleton - Creating shared instance of singleton bean 'spring.mvc-org.springframework.boot.webmvc.autoconfigure.WebMvcProperties'
27-03-2026 17:55:21 org.springframework.beans.factory.support.ConstructorResolver.registerDependentBeans - Autowiring by type from bean name 'dispatcherServlet' via factory method to bean named 'spring.mvc-org.springframework.boot.webmvc.autoconfigure.WebMvcProperties'
27-03-2026 17:55:21 org.springframework.beans.factory.support.ConstructorResolver.registerDependentBeans - Autowiring by type from bean name 'dispatcherServletRegistration' via factory method to bean named 'dispatcherServlet'
27-03-2026 17:55:21 org.springframework.beans.factory.support.ConstructorResolver.registerDependentBeans - Autowiring by type from bean name 'dispatcherServletRegistration' via factory method to bean named 'spring.mvc-org.springframework.boot.webmvc.autoconfigure.WebMvcProperties'
27-03-2026 17:55:21 org.springframework.beans.factory.support.DefaultSingletonBeanRegistry.getSingleton - Creating shared instance of singleton bean 'multipartConfigElement'
27-03-2026 17:55:21 org.springframework.beans.factory.support.DefaultSingletonBeanRegistry.getSingleton - Creating shared instance of singleton bean 'org.springframework.boot.servlet.autoconfigure.MultipartAutoConfiguration'
27-03-2026 17:55:21 org.springframework.beans.factory.support.DefaultSingletonBeanRegistry.getSingleton - Creating shared instance of singleton bean 'spring.servlet.multipart-org.springframework.boot.servlet.autoconfigure.MultipartProperties'
27-03-2026 17:55:21 org.springframework.beans.factory.support.ConstructorResolver.registerDependentBeans - Autowiring by type from bean name 'org.springframework.boot.servlet.autoconfigure.MultipartAutoConfiguration' via constructor to bean named 'spring.servlet.multipart-org.springframework.boot.servlet.autoconfigure.MultipartProperties'
27-03-2026 17:55:21 org.springframework.beans.factory.support.ConstructorResolver.registerDependentBeans - Autowiring by type from bean name 'errorPageCustomizer' via factory method to bean named 'dispatcherServletRegistration'
27-03-2026 17:55:21 org.springframework.boot.web.server.servlet.DocumentRoot.getArchiveFileDocumentRoot - Code archive: C:\Users\biagi\.m2\repository\org\springframework\boot\spring-boot-web-server\4.0.5\spring-boot-web-server-4.0.5.jar
27-03-2026 17:55:21 org.springframework.boot.web.server.servlet.DocumentRoot.getExplodedWarFileDocumentRoot - Code archive: C:\Users\biagi\.m2\repository\org\springframework\boot\spring-boot-web-server\4.0.5\spring-boot-web-server-4.0.5.jar
27-03-2026 17:55:21 org.springframework.boot.web.server.servlet.DocumentRoot.logNoDocumentRoots - None of the document roots [src/main/webapp, public, static] point to a directory and will be ignored.
27-03-2026 17:55:21 org.springframework.boot.tomcat.TomcatWebServer.initialize - Tomcat initialized with port 8080 (http)
27-03-2026 17:55:21 org.apache.juli.logging.DirectJDKLog.log - Initializing ProtocolHandler ["http-nio-8080"]
27-03-2026 17:55:21 org.apache.juli.logging.DirectJDKLog.log - Starting service [Tomcat]
27-03-2026 17:55:21 org.apache.juli.logging.DirectJDKLog.log - Starting Servlet engine: [Apache Tomcat/11.0.20]
27-03-2026 17:55:21 org.springframework.boot.web.context.servlet.WebApplicationContextInitializer.prepareWebApplicationContext - Published root WebApplicationContext as ServletContext attribute with name [org.springframework.web.context.WebApplicationContext.ROOT]
27-03-2026 17:55:21 org.springframework.boot.web.context.servlet.WebApplicationContextInitializer.prepareWebApplicationContext - Root WebApplicationContext: initialization completed in 1098 ms
27-03-2026 17:55:21 org.springframework.beans.factory.support.DefaultSingletonBeanRegistry.getSingleton - Creating shared instance of singleton bean 'requestContextFilter'
27-03-2026 17:55:21 org.springframework.beans.factory.support.DefaultSingletonBeanRegistry.getSingleton - Creating shared instance of singleton bean 'formContentFilter'
27-03-2026 17:55:21 org.springframework.beans.factory.support.DefaultSingletonBeanRegistry.getSingleton - Creating shared instance of singleton bean 'org.springframework.boot.webmvc.autoconfigure.WebMvcAutoConfiguration'
27-03-2026 17:55:21 org.springframework.beans.factory.support.DefaultSingletonBeanRegistry.getSingleton - Creating shared instance of singleton bean 'characterEncodingFilter'
27-03-2026 17:55:21 org.springframework.beans.factory.support.DefaultSingletonBeanRegistry.getSingleton - Creating shared instance of singleton bean 'org.springframework.boot.servlet.autoconfigure.HttpEncodingAutoConfiguration'
27-03-2026 17:55:21 org.springframework.beans.factory.support.DefaultSingletonBeanRegistry.getSingleton - Creating shared instance of singleton bean 'spring.servlet.encoding-org.springframework.boot.servlet.autoconfigure.ServletEncodingProperties'
27-03-2026 17:55:21 org.springframework.beans.factory.support.ConstructorResolver.registerDependentBeans - Autowiring by type from bean name 'characterEncodingFilter' via factory method to bean named 'spring.servlet.encoding-org.springframework.boot.servlet.autoconfigure.ServletEncodingProperties'
27-03-2026 17:55:21 org.springframework.boot.web.servlet.ServletContextInitializerBeans.logMappings - Mapping filters: characterEncodingFilter urls=[/*] order=-2147483648, formContentFilter urls=[/*] order=-9900, requestContextFilter urls=[/*] order=-105
27-03-2026 17:55:21 org.springframework.boot.web.servlet.ServletContextInitializerBeans.logMappings - Mapping servlets: dispatcherServlet urls=[/]
27-03-2026 17:55:21 org.springframework.web.filter.GenericFilterBean.init - Filter 'requestContextFilter' configured for use
27-03-2026 17:55:21 org.springframework.web.filter.GenericFilterBean.init - Filter 'characterEncodingFilter' configured for use
27-03-2026 17:55:21 org.springframework.web.filter.GenericFilterBean.init - Filter 'formContentFilter' configured for use
27-03-2026 17:55:21 org.springframework.beans.factory.support.DefaultSingletonBeanRegistry.getSingleton - Creating shared instance of singleton bean 'applicationTaskExecutor'
27-03-2026 17:55:21 org.springframework.beans.factory.support.DefaultSingletonBeanRegistry.getSingleton - Creating shared instance of singleton bean 'org.springframework.boot.autoconfigure.task.TaskExecutorConfigurations$TaskExecutorConfiguration'
27-03-2026 17:55:21 org.springframework.beans.factory.support.DefaultSingletonBeanRegistry.getSingleton - Creating shared instance of singleton bean 'threadPoolTaskExecutorBuilder'
27-03-2026 17:55:21 org.springframework.beans.factory.support.DefaultSingletonBeanRegistry.getSingleton - Creating shared instance of singleton bean 'org.springframework.boot.autoconfigure.task.TaskExecutorConfigurations$ThreadPoolTaskExecutorBuilderConfiguration'
27-03-2026 17:55:21 org.springframework.beans.factory.support.DefaultSingletonBeanRegistry.getSingleton - Creating shared instance of singleton bean 'spring.task.execution-org.springframework.boot.autoconfigure.task.TaskExecutionProperties'
27-03-2026 17:55:21 org.springframework.beans.factory.support.ConstructorResolver.registerDependentBeans - Autowiring by type from bean name 'threadPoolTaskExecutorBuilder' via factory method to bean named 'spring.task.execution-org.springframework.boot.autoconfigure.task.TaskExecutionProperties'
27-03-2026 17:55:21 org.springframework.beans.factory.support.ConstructorResolver.registerDependentBeans - Autowiring by type from bean name 'applicationTaskExecutor' via factory method to bean named 'threadPoolTaskExecutorBuilder'
27-03-2026 17:55:21 org.springframework.scheduling.concurrent.ExecutorConfigurationSupport.initialize - Initializing ExecutorService 'applicationTaskExecutor'
27-03-2026 17:55:21 org.springframework.beans.factory.support.DefaultSingletonBeanRegistry.getSingleton - Creating shared instance of singleton bean 'micdlEtlApplication'
27-03-2026 17:55:21 org.springframework.beans.factory.support.DefaultSingletonBeanRegistry.getSingleton - Creating shared instance of singleton bean 'swaggerConfig'
27-03-2026 17:55:21 org.springframework.beans.factory.support.DefaultSingletonBeanRegistry.getSingleton - Creating shared instance of singleton bean 'caricamentoDatiController'
27-03-2026 17:55:21 org.springframework.beans.factory.support.DefaultSingletonBeanRegistry.getSingleton - Creating shared instance of singleton bean 'customOpenAPI'
27-03-2026 17:55:21 org.springframework.beans.factory.support.DefaultSingletonBeanRegistry.getSingleton - Creating shared instance of singleton bean 'org.springframework.boot.autoconfigure.AutoConfigurationPackages'
27-03-2026 17:55:21 org.springframework.beans.factory.support.DefaultSingletonBeanRegistry.getSingleton - Creating shared instance of singleton bean 'org.springframework.boot.autoconfigure.context.PropertyPlaceholderAutoConfiguration'
27-03-2026 17:55:21 org.springframework.beans.factory.support.DefaultSingletonBeanRegistry.getSingleton - Creating shared instance of singleton bean 'org.springframework.boot.context.properties.EnableConfigurationPropertiesRegistrar.methodValidationExcludeFilter'
27-03-2026 17:55:21 org.springframework.beans.factory.support.DefaultSingletonBeanRegistry.getSingleton - Creating shared instance of singleton bean 'org.springframework.boot.webmvc.autoconfigure.DispatcherServletAutoConfiguration'
27-03-2026 17:55:21 org.springframework.beans.factory.support.DefaultSingletonBeanRegistry.getSingleton - Creating shared instance of singleton bean 'org.springframework.boot.autoconfigure.task.TaskExecutorConfigurations$SimpleAsyncTaskExecutorBuilderConfiguration'
27-03-2026 17:55:21 org.springframework.beans.factory.support.ConstructorResolver.registerDependentBeans - Autowiring by type from bean name 'org.springframework.boot.autoconfigure.task.TaskExecutorConfigurations$SimpleAsyncTaskExecutorBuilderConfiguration' via constructor to bean named 'spring.task.execution-org.springframework.boot.autoconfigure.task.TaskExecutionProperties'
27-03-2026 17:55:21 org.springframework.beans.factory.support.DefaultSingletonBeanRegistry.getSingleton - Creating shared instance of singleton bean 'simpleAsyncTaskExecutorBuilder'
27-03-2026 17:55:21 org.springframework.beans.factory.support.DefaultSingletonBeanRegistry.getSingleton - Creating shared instance of singleton bean 'org.springframework.boot.autoconfigure.task.TaskExecutorConfigurations$AsyncConfigurerConfiguration'
27-03-2026 17:55:21 org.springframework.beans.factory.support.DefaultSingletonBeanRegistry.getSingleton - Creating shared instance of singleton bean 'applicationTaskExecutorAsyncConfigurer'
27-03-2026 17:55:21 org.springframework.beans.factory.support.ConstructorResolver.registerDependentBeans - Autowiring by type from bean name 'applicationTaskExecutorAsyncConfigurer' via factory method to bean named 'org.springframework.beans.factory.support.DefaultListableBeanFactory@6c000e0c'
27-03-2026 17:55:21 org.springframework.beans.factory.support.DefaultSingletonBeanRegistry.getSingleton - Creating shared instance of singleton bean 'org.springframework.boot.autoconfigure.task.TaskExecutorConfigurations$BootstrapExecutorConfiguration'
27-03-2026 17:55:21 org.springframework.beans.factory.support.DefaultSingletonBeanRegistry.getSingleton - Creating shared instance of singleton bean 'org.springframework.boot.autoconfigure.task.TaskExecutionAutoConfiguration'
27-03-2026 17:55:21 org.springframework.beans.factory.support.DefaultSingletonBeanRegistry.getSingleton - Creating shared instance of singleton bean 'org.springframework.boot.webmvc.autoconfigure.error.ErrorMvcAutoConfiguration$WhitelabelErrorViewConfiguration'
27-03-2026 17:55:21 org.springframework.beans.factory.support.DefaultSingletonBeanRegistry.getSingleton - Creating shared instance of singleton bean 'error'
27-03-2026 17:55:21 org.springframework.beans.factory.support.DefaultSingletonBeanRegistry.getSingleton - Creating shared instance of singleton bean 'beanNameViewResolver'
27-03-2026 17:55:21 org.springframework.beans.factory.support.DefaultSingletonBeanRegistry.getSingleton - Creating shared instance of singleton bean 'org.springframework.boot.webmvc.autoconfigure.error.ErrorMvcAutoConfiguration$DefaultErrorViewResolverConfiguration'
27-03-2026 17:55:21 org.springframework.beans.factory.support.ConstructorResolver.registerDependentBeans - Autowiring by type from bean name 'org.springframework.boot.webmvc.autoconfigure.error.ErrorMvcAutoConfiguration$DefaultErrorViewResolverConfiguration' via constructor to bean named 'org.springframework.boot.web.server.servlet.context.AnnotationConfigServletWebServerApplicationContext@46cc127b'
27-03-2026 17:55:21 org.springframework.beans.factory.support.ConstructorResolver.registerDependentBeans - Autowiring by type from bean name 'org.springframework.boot.webmvc.autoconfigure.error.ErrorMvcAutoConfiguration$DefaultErrorViewResolverConfiguration' via constructor to bean named 'spring.web-org.springframework.boot.autoconfigure.web.WebProperties'
27-03-2026 17:55:21 org.springframework.beans.factory.support.DefaultSingletonBeanRegistry.getSingleton - Creating shared instance of singleton bean 'conventionErrorViewResolver'
27-03-2026 17:55:21 org.springframework.beans.factory.support.DefaultSingletonBeanRegistry.getSingleton - Creating shared instance of singleton bean 'errorAttributes'
27-03-2026 17:55:21 org.springframework.beans.factory.support.DefaultSingletonBeanRegistry.getSingleton - Creating shared instance of singleton bean 'basicErrorController'
27-03-2026 17:55:21 org.springframework.beans.factory.support.ConstructorResolver.registerDependentBeans - Autowiring by type from bean name 'basicErrorController' via factory method to bean named 'errorAttributes'
27-03-2026 17:55:21 org.springframework.beans.factory.support.DefaultSingletonBeanRegistry.getSingleton - Creating shared instance of singleton bean 'org.springframework.boot.webmvc.autoconfigure.WebMvcAutoConfiguration$EnableWebMvcConfiguration'
27-03-2026 17:55:21 org.springframework.beans.factory.support.ConstructorResolver.registerDependentBeans - Autowiring by type from bean name 'org.springframework.boot.webmvc.autoconfigure.WebMvcAutoConfiguration$EnableWebMvcConfiguration' via constructor to bean named 'spring.mvc-org.springframework.boot.webmvc.autoconfigure.WebMvcProperties'
27-03-2026 17:55:21 org.springframework.beans.factory.support.ConstructorResolver.registerDependentBeans - Autowiring by type from bean name 'org.springframework.boot.webmvc.autoconfigure.WebMvcAutoConfiguration$EnableWebMvcConfiguration' via constructor to bean named 'spring.web-org.springframework.boot.autoconfigure.web.WebProperties'
27-03-2026 17:55:21 org.springframework.beans.factory.support.ConstructorResolver.registerDependentBeans - Autowiring by type from bean name 'org.springframework.boot.webmvc.autoconfigure.WebMvcAutoConfiguration$EnableWebMvcConfiguration' via constructor to bean named 'org.springframework.beans.factory.support.DefaultListableBeanFactory@6c000e0c'
27-03-2026 17:55:21 org.springframework.beans.factory.support.DefaultSingletonBeanRegistry.getSingleton - Creating shared instance of singleton bean 'org.springframework.boot.webmvc.autoconfigure.WebMvcAutoConfiguration$WebMvcAutoConfigurationAdapter'
27-03-2026 17:55:21 org.springframework.beans.factory.support.ConstructorResolver.registerDependentBeans - Autowiring by type from bean name 'org.springframework.boot.webmvc.autoconfigure.WebMvcAutoConfiguration$WebMvcAutoConfigurationAdapter' via constructor to bean named 'spring.web-org.springframework.boot.autoconfigure.web.WebProperties'
27-03-2026 17:55:21 org.springframework.beans.factory.support.ConstructorResolver.registerDependentBeans - Autowiring by type from bean name 'org.springframework.boot.webmvc.autoconfigure.WebMvcAutoConfiguration$WebMvcAutoConfigurationAdapter' via constructor to bean named 'spring.mvc-org.springframework.boot.webmvc.autoconfigure.WebMvcProperties'
27-03-2026 17:55:21 org.springframework.beans.factory.support.ConstructorResolver.registerDependentBeans - Autowiring by type from bean name 'org.springframework.boot.webmvc.autoconfigure.WebMvcAutoConfiguration$WebMvcAutoConfigurationAdapter' via constructor to bean named 'org.springframework.beans.factory.support.DefaultListableBeanFactory@6c000e0c'
27-03-2026 17:55:21 org.springframework.beans.factory.support.DefaultSingletonBeanRegistry.getSingleton - Creating shared instance of singleton bean 'swaggerWebMvcConfigurer'
27-03-2026 17:55:21 org.springframework.beans.factory.support.DefaultSingletonBeanRegistry.getSingleton - Creating shared instance of singleton bean 'org.springdoc.webmvc.ui.SwaggerConfig'
27-03-2026 17:55:21 org.springframework.beans.factory.support.DefaultSingletonBeanRegistry.getSingleton - Creating shared instance of singleton bean 'org.springdoc.core.properties.SwaggerUiConfigParameters'
27-03-2026 17:55:21 org.springframework.beans.factory.support.DefaultSingletonBeanRegistry.getSingleton - Creating shared instance of singleton bean 'org.springdoc.core.properties.SwaggerUiConfigProperties'
27-03-2026 17:55:21 org.springframework.beans.factory.support.ConstructorResolver.registerDependentBeans - Autowiring by type from bean name 'org.springdoc.core.properties.SwaggerUiConfigParameters' via constructor to bean named 'org.springdoc.core.properties.SwaggerUiConfigProperties'
27-03-2026 17:55:21 org.springframework.beans.factory.support.DefaultSingletonBeanRegistry.getSingleton - Creating shared instance of singleton bean 'indexPageTransformer'
27-03-2026 17:55:21 org.springframework.beans.factory.support.DefaultSingletonBeanRegistry.getSingleton - Creating shared instance of singleton bean 'org.springdoc.core.properties.SwaggerUiOAuthProperties'
27-03-2026 17:55:21 org.springframework.beans.factory.support.DefaultSingletonBeanRegistry.getSingleton - Creating shared instance of singleton bean 'swaggerWelcome'
27-03-2026 17:55:21 org.springframework.beans.factory.support.DefaultSingletonBeanRegistry.getSingleton - Creating shared instance of singleton bean 'org.springdoc.core.properties.SpringDocConfigProperties'
27-03-2026 17:55:21 org.springframework.beans.factory.support.DefaultSingletonBeanRegistry.getSingleton - Creating shared instance of singleton bean 'springWebProvider'
27-03-2026 17:55:21 org.springframework.beans.factory.support.DefaultSingletonBeanRegistry.getSingleton - Creating shared instance of singleton bean 'org.springdoc.webmvc.core.configuration.SpringDocWebMvcConfiguration'
27-03-2026 17:55:21 org.springframework.beans.factory.support.ConstructorResolver.registerDependentBeans - Autowiring by type from bean name 'swaggerWelcome' via factory method to bean named 'org.springdoc.core.properties.SwaggerUiConfigProperties'
27-03-2026 17:55:21 org.springframework.beans.factory.support.ConstructorResolver.registerDependentBeans - Autowiring by type from bean name 'swaggerWelcome' via factory method to bean named 'org.springdoc.core.properties.SpringDocConfigProperties'
27-03-2026 17:55:21 org.springframework.beans.factory.support.ConstructorResolver.registerDependentBeans - Autowiring by type from bean name 'swaggerWelcome' via factory method to bean named 'org.springdoc.core.properties.SwaggerUiConfigParameters'
27-03-2026 17:55:21 org.springframework.beans.factory.support.ConstructorResolver.registerDependentBeans - Autowiring by type from bean name 'swaggerWelcome' via factory method to bean named 'springWebProvider'
27-03-2026 17:55:21 org.springframework.beans.factory.support.DefaultSingletonBeanRegistry.getSingleton - Creating shared instance of singleton bean 'springdocObjectMapperProvider'
27-03-2026 17:55:21 org.springframework.beans.factory.support.DefaultSingletonBeanRegistry.getSingleton - Creating shared instance of singleton bean 'org.springdoc.core.configuration.SpringDocConfiguration'
27-03-2026 17:55:21 org.springframework.beans.factory.support.ConstructorResolver.registerDependentBeans - Autowiring by type from bean name 'springdocObjectMapperProvider' via factory method to bean named 'org.springdoc.core.properties.SpringDocConfigProperties'
27-03-2026 17:55:21 org.springframework.beans.factory.support.ConstructorResolver.registerDependentBeans - Autowiring by type from bean name 'indexPageTransformer' via factory method to bean named 'org.springdoc.core.properties.SwaggerUiConfigProperties'
27-03-2026 17:55:21 org.springframework.beans.factory.support.ConstructorResolver.registerDependentBeans - Autowiring by type from bean name 'indexPageTransformer' via factory method to bean named 'org.springdoc.core.properties.SwaggerUiOAuthProperties'
27-03-2026 17:55:21 org.springframework.beans.factory.support.ConstructorResolver.registerDependentBeans - Autowiring by type from bean name 'indexPageTransformer' via factory method to bean named 'org.springdoc.core.properties.SwaggerUiConfigParameters'
27-03-2026 17:55:21 org.springframework.beans.factory.support.ConstructorResolver.registerDependentBeans - Autowiring by type from bean name 'indexPageTransformer' via factory method to bean named 'swaggerWelcome'
27-03-2026 17:55:21 org.springframework.beans.factory.support.ConstructorResolver.registerDependentBeans - Autowiring by type from bean name 'indexPageTransformer' via factory method to bean named 'springdocObjectMapperProvider'
27-03-2026 17:55:21 org.springframework.beans.factory.support.DefaultSingletonBeanRegistry.getSingleton - Creating shared instance of singleton bean 'swaggerResourceResolver'
27-03-2026 17:55:21 org.springframework.beans.factory.support.ConstructorResolver.registerDependentBeans - Autowiring by type from bean name 'swaggerResourceResolver' via factory method to bean named 'org.springdoc.core.properties.SwaggerUiConfigProperties'
27-03-2026 17:55:21 org.springframework.beans.factory.support.ConstructorResolver.registerDependentBeans - Autowiring by type from bean name 'swaggerWebMvcConfigurer' via factory method to bean named 'org.springdoc.core.properties.SwaggerUiConfigParameters'
27-03-2026 17:55:21 org.springframework.beans.factory.support.ConstructorResolver.registerDependentBeans - Autowiring by type from bean name 'swaggerWebMvcConfigurer' via factory method to bean named 'indexPageTransformer'
27-03-2026 17:55:21 org.springframework.beans.factory.support.ConstructorResolver.registerDependentBeans - Autowiring by type from bean name 'swaggerWebMvcConfigurer' via factory method to bean named 'swaggerResourceResolver'
27-03-2026 17:55:21 org.springframework.beans.factory.support.DefaultSingletonBeanRegistry.getSingleton - Creating shared instance of singleton bean 'welcomePageHandlerMapping'
27-03-2026 17:55:21 org.springframework.beans.factory.support.DefaultSingletonBeanRegistry.getSingleton - Creating shared instance of singleton bean 'mvcConversionService'
27-03-2026 17:55:21 org.springframework.beans.factory.support.DefaultSingletonBeanRegistry.getSingleton - Creating shared instance of singleton bean 'mvcResourceUrlProvider'
27-03-2026 17:55:21 org.springframework.beans.factory.support.ConstructorResolver.registerDependentBeans - Autowiring by type from bean name 'welcomePageHandlerMapping' via factory method to bean named 'org.springframework.boot.web.server.servlet.context.AnnotationConfigServletWebServerApplicationContext@46cc127b'
27-03-2026 17:55:21 org.springframework.beans.factory.support.ConstructorResolver.registerDependentBeans - Autowiring by type from bean name 'welcomePageHandlerMapping' via factory method to bean named 'mvcConversionService'
27-03-2026 17:55:21 org.springframework.beans.factory.support.ConstructorResolver.registerDependentBeans - Autowiring by type from bean name 'welcomePageHandlerMapping' via factory method to bean named 'mvcResourceUrlProvider'
27-03-2026 17:55:21 org.springframework.beans.factory.support.DefaultSingletonBeanRegistry.getSingleton - Creating shared instance of singleton bean 'welcomePageNotAcceptableHandlerMapping'
27-03-2026 17:55:21 org.springframework.beans.factory.support.ConstructorResolver.registerDependentBeans - Autowiring by type from bean name 'welcomePageNotAcceptableHandlerMapping' via factory method to bean named 'org.springframework.boot.web.server.servlet.context.AnnotationConfigServletWebServerApplicationContext@46cc127b'
27-03-2026 17:55:21 org.springframework.beans.factory.support.ConstructorResolver.registerDependentBeans - Autowiring by type from bean name 'welcomePageNotAcceptableHandlerMapping' via factory method to bean named 'mvcConversionService'
27-03-2026 17:55:21 org.springframework.beans.factory.support.ConstructorResolver.registerDependentBeans - Autowiring by type from bean name 'welcomePageNotAcceptableHandlerMapping' via factory method to bean named 'mvcResourceUrlProvider'
27-03-2026 17:55:21 org.springframework.beans.factory.support.DefaultSingletonBeanRegistry.getSingleton - Creating shared instance of singleton bean 'localeResolver'
27-03-2026 17:55:21 org.springframework.beans.factory.support.DefaultSingletonBeanRegistry.getSingleton - Creating shared instance of singleton bean 'flashMapManager'
27-03-2026 17:55:21 org.springframework.beans.factory.support.DefaultSingletonBeanRegistry.getSingleton - Creating shared instance of singleton bean 'viewNameTranslator'
27-03-2026 17:55:21 org.springframework.beans.factory.support.DefaultSingletonBeanRegistry.getSingleton - Creating shared instance of singleton bean 'mvcValidator'
27-03-2026 17:55:21 org.springframework.validation.beanvalidation.OptionalValidatorFactoryBean.afterPropertiesSet - Failed to set up a Bean Validation provider
jakarta.validation.NoProviderFoundException: Unable to create a Configuration, because no Jakarta Validation provider could be found. Add a provider like Hibernate Validator (RI) to your classpath.
	at jakarta.validation.Validation$GenericBootstrapImpl.configure(Validation.java:291)
	at org.springframework.validation.beanvalidation.LocalValidatorFactoryBean.afterPropertiesSet(LocalValidatorFactoryBean.java:261)
	at org.springframework.validation.beanvalidation.OptionalValidatorFactoryBean.afterPropertiesSet(OptionalValidatorFactoryBean.java:40)
	at org.springframework.beans.factory.support.AbstractAutowireCapableBeanFactory.invokeInitMethods(AbstractAutowireCapableBeanFactory.java:1864)
	at org.springframework.beans.factory.support.AbstractAutowireCapableBeanFactory.initializeBean(AbstractAutowireCapableBeanFactory.java:1813)
	at org.springframework.beans.factory.support.AbstractAutowireCapableBeanFactory.doCreateBean(AbstractAutowireCapableBeanFactory.java:603)
	at org.springframework.beans.factory.support.AbstractAutowireCapableBeanFactory.createBean(AbstractAutowireCapableBeanFactory.java:525)
	at org.springframework.beans.factory.support.AbstractBeanFactory.lambda$doGetBean$0(AbstractBeanFactory.java:333)
	at org.springframework.beans.factory.support.DefaultSingletonBeanRegistry.getSingleton(DefaultSingletonBeanRegistry.java:371)
	at org.springframework.beans.factory.support.AbstractBeanFactory.doGetBean(AbstractBeanFactory.java:331)
	at org.springframework.beans.factory.support.AbstractBeanFactory.getBean(AbstractBeanFactory.java:196)
	at org.springframework.beans.factory.support.DefaultListableBeanFactory.instantiateSingleton(DefaultListableBeanFactory.java:1218)
	at org.springframework.beans.factory.support.DefaultListableBeanFactory.preInstantiateSingleton(DefaultListableBeanFactory.java:1184)
	at org.springframework.beans.factory.support.DefaultListableBeanFactory.preInstantiateSingletons(DefaultListableBeanFactory.java:1121)
	at org.springframework.context.support.AbstractApplicationContext.finishBeanFactoryInitialization(AbstractApplicationContext.java:994)
	at org.springframework.context.support.AbstractApplicationContext.refresh(AbstractApplicationContext.java:621)
	at org.springframework.boot.web.server.servlet.context.ServletWebServerApplicationContext.refresh(ServletWebServerApplicationContext.java:143)
	at org.springframework.boot.SpringApplication.refresh(SpringApplication.java:756)
	at org.springframework.boot.SpringApplication.refreshContext(SpringApplication.java:445)
	at org.springframework.boot.SpringApplication.run(SpringApplication.java:321)
	at org.springframework.boot.SpringApplication.run(SpringApplication.java:1365)
	at org.springframework.boot.SpringApplication.run(SpringApplication.java:1354)
	at it.almaviva.mic.etl.MicdlEtlApplication.main(MicdlEtlApplication.java:10)
27-03-2026 17:55:21 org.springframework.beans.factory.support.DefaultSingletonBeanRegistry.getSingleton - Creating shared instance of singleton bean 'requestMappingHandlerMapping'
27-03-2026 17:55:21 org.springframework.beans.factory.support.DefaultSingletonBeanRegistry.getSingleton - Creating shared instance of singleton bean 'mvcContentNegotiationManager'
27-03-2026 17:55:21 org.springframework.beans.factory.support.DefaultSingletonBeanRegistry.getSingleton - Creating shared instance of singleton bean 'stringHttpMessageConvertersCustomizer'
27-03-2026 17:55:21 org.springframework.beans.factory.support.DefaultSingletonBeanRegistry.getSingleton - Creating shared instance of singleton bean 'org.springframework.boot.http.converter.autoconfigure.HttpMessageConvertersAutoConfiguration$StringHttpMessageConverterConfiguration'
27-03-2026 17:55:21 org.springframework.beans.factory.support.DefaultSingletonBeanRegistry.getSingleton - Creating shared instance of singleton bean 'spring.http.converters-org.springframework.boot.http.converter.autoconfigure.HttpMessageConvertersProperties'
27-03-2026 17:55:21 org.springframework.beans.factory.support.ConstructorResolver.registerDependentBeans - Autowiring by type from bean name 'stringHttpMessageConvertersCustomizer' via factory method to bean named 'spring.http.converters-org.springframework.boot.http.converter.autoconfigure.HttpMessageConvertersProperties'
27-03-2026 17:55:21 org.springframework.beans.factory.support.DefaultSingletonBeanRegistry.getSingleton - Creating shared instance of singleton bean 'jacksonJsonHttpMessageConvertersCustomizer'
27-03-2026 17:55:21 org.springframework.beans.factory.support.DefaultSingletonBeanRegistry.getSingleton - Creating shared instance of singleton bean 'org.springframework.boot.http.converter.autoconfigure.JacksonHttpMessageConvertersConfiguration$JacksonJsonHttpMessageConverterConfiguration'
27-03-2026 17:55:21 org.springframework.beans.factory.support.DefaultSingletonBeanRegistry.getSingleton - Creating shared instance of singleton bean 'jacksonJsonMapper'
27-03-2026 17:55:21 org.springframework.beans.factory.support.DefaultSingletonBeanRegistry.getSingleton - Creating shared instance of singleton bean 'org.springframework.boot.jackson.autoconfigure.JacksonAutoConfiguration'
27-03-2026 17:55:21 org.springframework.beans.factory.support.DefaultSingletonBeanRegistry.getSingleton - Creating shared instance of singleton bean 'problemDetailJsonMapperBuilderCustomizer'
27-03-2026 17:55:21 org.springframework.beans.factory.support.DefaultSingletonBeanRegistry.getSingleton - Creating shared instance of singleton bean 'org.springframework.boot.jackson.autoconfigure.JacksonAutoConfiguration$JsonProblemDetailsConfiguration'
27-03-2026 17:55:21 org.springframework.beans.factory.support.DefaultSingletonBeanRegistry.getSingleton - Creating shared instance of singleton bean 'standardJsonMapperBuilderCustomizer'
27-03-2026 17:55:21 org.springframework.beans.factory.support.DefaultSingletonBeanRegistry.getSingleton - Creating shared instance of singleton bean 'org.springframework.boot.jackson.autoconfigure.JacksonAutoConfiguration$JacksonJsonMapperBuilderCustomizerConfiguration'
27-03-2026 17:55:21 org.springframework.beans.factory.support.DefaultSingletonBeanRegistry.getSingleton - Creating shared instance of singleton bean 'spring.jackson-org.springframework.boot.jackson.autoconfigure.JacksonProperties'
27-03-2026 17:55:21 org.springframework.beans.factory.support.ConstructorResolver.registerDependentBeans - Autowiring by type from bean name 'standardJsonMapperBuilderCustomizer' via factory method to bean named 'spring.jackson-org.springframework.boot.jackson.autoconfigure.JacksonProperties'
27-03-2026 17:55:21 org.springframework.beans.factory.support.DefaultSingletonBeanRegistry.getSingleton - Creating shared instance of singleton bean 'jacksonMixinModule'
27-03-2026 17:55:21 org.springframework.beans.factory.support.DefaultSingletonBeanRegistry.getSingleton - Creating shared instance of singleton bean 'org.springframework.boot.jackson.autoconfigure.JacksonAutoConfiguration$JacksonMixinConfiguration'
27-03-2026 17:55:21 org.springframework.beans.factory.support.DefaultSingletonBeanRegistry.getSingleton - Creating shared instance of singleton bean 'jacksonMixinModuleEntries'
27-03-2026 17:55:21 org.springframework.beans.factory.support.ConstructorResolver.registerDependentBeans - Autowiring by type from bean name 'jacksonMixinModuleEntries' via factory method to bean named 'org.springframework.boot.web.server.servlet.context.AnnotationConfigServletWebServerApplicationContext@46cc127b'
27-03-2026 17:55:21 org.springframework.boot.autoconfigure.AutoConfigurationPackages$BasePackages.get - @EnableAutoConfiguration was declared on a class in the package 'it.almaviva.mic.etl'. Automatic @Repository and @Entity scanning is enabled.
27-03-2026 17:55:21 org.springframework.beans.factory.support.ConstructorResolver.registerDependentBeans - Autowiring by type from bean name 'jacksonMixinModule' via factory method to bean named 'org.springframework.boot.web.server.servlet.context.AnnotationConfigServletWebServerApplicationContext@46cc127b'
27-03-2026 17:55:21 org.springframework.beans.factory.support.ConstructorResolver.registerDependentBeans - Autowiring by type from bean name 'jacksonMixinModule' via factory method to bean named 'jacksonMixinModuleEntries'
27-03-2026 17:55:21 org.springframework.beans.factory.support.DefaultSingletonBeanRegistry.getSingleton - Creating shared instance of singleton bean 'jsonComponentModule'
27-03-2026 17:55:21 org.springframework.beans.factory.support.ConstructorResolver.registerDependentBeans - Autowiring by type from bean name 'jsonMapperBuilder' via factory method to bean named 'problemDetailJsonMapperBuilderCustomizer'
27-03-2026 17:55:21 org.springframework.beans.factory.support.ConstructorResolver.registerDependentBeans - Autowiring by type from bean name 'jsonMapperBuilder' via factory method to bean named 'standardJsonMapperBuilderCustomizer'
27-03-2026 17:55:21 org.springframework.beans.factory.support.ConstructorResolver.registerDependentBeans - Autowiring by type from bean name 'jacksonJsonMapper' via factory method to bean named 'jsonMapperBuilder'
27-03-2026 17:55:21 org.springframework.beans.factory.support.ConstructorResolver.registerDependentBeans - Autowiring by type from bean name 'jacksonJsonHttpMessageConvertersCustomizer' via factory method to bean named 'jacksonJsonMapper'
27-03-2026 17:55:21 org.springframework.beans.factory.support.DefaultSingletonBeanRegistry.getSingleton - Creating shared instance of singleton bean 'serverConvertersCustomizer'
27-03-2026 17:55:21 org.springframework.beans.factory.support.DefaultSingletonBeanRegistry.getSingleton - Creating shared instance of singleton bean 'org.springframework.boot.http.converter.autoconfigure.HttpMessageConvertersAutoConfiguration'
27-03-2026 17:55:21 org.springframework.beans.factory.support.DefaultSingletonBeanRegistry.getSingleton - Creating shared instance of singleton bean 'mvcApiVersionStrategy'
27-03-2026 17:55:21 org.springframework.beans.factory.support.ConstructorResolver.registerDependentBeans - Autowiring by type from bean name 'requestMappingHandlerMapping' via factory method to bean named 'mvcContentNegotiationManager'
27-03-2026 17:55:21 org.springframework.beans.factory.support.ConstructorResolver.registerDependentBeans - Autowiring by type from bean name 'requestMappingHandlerMapping' via factory method to bean named 'mvcApiVersionStrategy'
27-03-2026 17:55:21 org.springframework.beans.factory.support.ConstructorResolver.registerDependentBeans - Autowiring by type from bean name 'requestMappingHandlerMapping' via factory method to bean named 'mvcConversionService'
27-03-2026 17:55:21 org.springframework.beans.factory.support.ConstructorResolver.registerDependentBeans - Autowiring by type from bean name 'requestMappingHandlerMapping' via factory method to bean named 'mvcResourceUrlProvider'
27-03-2026 17:55:21 org.springframework.web.servlet.handler.AbstractHandlerMethodMapping.detectHandlerMethods - 
	i.a.m.e.c.CaricamentoDatiController:
	{GET [/etl/test]}: testConnessione()
27-03-2026 17:55:21 org.springframework.web.servlet.handler.AbstractHandlerMethodMapping.detectHandlerMethods - 
	o.s.b.w.a.e.BasicErrorController:
	{ [/error]}: error(HttpServletRequest)
	{ [/error], produces [text/html]}: errorHtml(HttpServletRequest,HttpServletResponse)
27-03-2026 17:55:21 org.springframework.web.servlet.handler.AbstractHandlerMethodMapping.detectHandlerMethods - 
	o.s.w.a.OpenApiWebMvcResource:
	{GET [/v3/api-docs.yaml], produces [application/vnd.oai.openapi]}: openapiYaml(HttpServletRequest,String,Locale)
	{GET [/v3/api-docs], produces [application/json]}: openapiJson(HttpServletRequest,String,Locale)
27-03-2026 17:55:21 org.springframework.web.servlet.handler.AbstractHandlerMethodMapping.detectHandlerMethods - 
	o.s.w.u.SwaggerWelcomeWebMvc:
	{GET [/swagger-ui.html]}: redirectToUi(HttpServletRequest)
27-03-2026 17:55:21 org.springframework.web.servlet.handler.AbstractHandlerMethodMapping.detectHandlerMethods - 
	o.s.w.u.SwaggerConfigResource:
	{GET [/v3/api-docs/swagger-config], produces [application/json]}: openapiJson(HttpServletRequest)
27-03-2026 17:55:21 org.springframework.web.servlet.handler.AbstractHandlerMethodMapping.handlerMethodsInitialized - 7 mappings in 'requestMappingHandlerMapping'
27-03-2026 17:55:21 org.springframework.beans.factory.support.DefaultSingletonBeanRegistry.getSingleton - Creating shared instance of singleton bean 'mvcPatternParser'
27-03-2026 17:55:21 org.springframework.beans.factory.support.DefaultSingletonBeanRegistry.getSingleton - Creating shared instance of singleton bean 'mvcUrlPathHelper'
27-03-2026 17:55:21 org.springframework.beans.factory.support.DefaultSingletonBeanRegistry.getSingleton - Creating shared instance of singleton bean 'mvcPathMatcher'
27-03-2026 17:55:21 org.springframework.beans.factory.support.DefaultSingletonBeanRegistry.getSingleton - Creating shared instance of singleton bean 'viewControllerHandlerMapping'
27-03-2026 17:55:21 org.springframework.beans.factory.support.ConstructorResolver.registerDependentBeans - Autowiring by type from bean name 'viewControllerHandlerMapping' via factory method to bean named 'mvcConversionService'
27-03-2026 17:55:21 org.springframework.beans.factory.support.ConstructorResolver.registerDependentBeans - Autowiring by type from bean name 'viewControllerHandlerMapping' via factory method to bean named 'mvcResourceUrlProvider'
27-03-2026 17:55:21 org.springframework.beans.factory.support.DefaultSingletonBeanRegistry.getSingleton - Creating shared instance of singleton bean 'beanNameHandlerMapping'
27-03-2026 17:55:21 org.springframework.beans.factory.support.ConstructorResolver.registerDependentBeans - Autowiring by type from bean name 'beanNameHandlerMapping' via factory method to bean named 'mvcConversionService'
27-03-2026 17:55:21 org.springframework.beans.factory.support.ConstructorResolver.registerDependentBeans - Autowiring by type from bean name 'beanNameHandlerMapping' via factory method to bean named 'mvcResourceUrlProvider'
27-03-2026 17:55:21 org.springframework.web.servlet.handler.AbstractDetectingUrlHandlerMapping.detectHandlers - 'beanNameHandlerMapping' {}
27-03-2026 17:55:21 org.springframework.beans.factory.support.DefaultSingletonBeanRegistry.getSingleton - Creating shared instance of singleton bean 'routerFunctionMapping'
27-03-2026 17:55:21 org.springframework.beans.factory.support.ConstructorResolver.registerDependentBeans - Autowiring by type from bean name 'routerFunctionMapping' via factory method to bean named 'mvcConversionService'
27-03-2026 17:55:21 org.springframework.beans.factory.support.ConstructorResolver.registerDependentBeans - Autowiring by type from bean name 'routerFunctionMapping' via factory method to bean named 'mvcResourceUrlProvider'
27-03-2026 17:55:21 org.springframework.beans.factory.support.ConstructorResolver.registerDependentBeans - Autowiring by type from bean name 'routerFunctionMapping' via factory method to bean named 'mvcApiVersionStrategy'
27-03-2026 17:55:21 org.springframework.beans.factory.support.DefaultSingletonBeanRegistry.getSingleton - Creating shared instance of singleton bean 'resourceHandlerMapping'
27-03-2026 17:55:21 org.springframework.beans.factory.support.ConstructorResolver.registerDependentBeans - Autowiring by type from bean name 'resourceHandlerMapping' via factory method to bean named 'mvcContentNegotiationManager'
27-03-2026 17:55:21 org.springframework.beans.factory.support.ConstructorResolver.registerDependentBeans - Autowiring by type from bean name 'resourceHandlerMapping' via factory method to bean named 'mvcConversionService'
27-03-2026 17:55:21 org.springframework.beans.factory.support.ConstructorResolver.registerDependentBeans - Autowiring by type from bean name 'resourceHandlerMapping' via factory method to bean named 'mvcResourceUrlProvider'
27-03-2026 17:55:21 org.springframework.web.servlet.handler.SimpleUrlHandlerMapping.logMappings - 'resourceHandlerMapping' {/webjars/**=ResourceHttpRequestHandler [classpath [META-INF/resources/webjars/]], /**=ResourceHttpRequestHandler [classpath [META-INF/resources/], classpath [resources/], classpath [static/], classpath [public/], ServletContext [/]], /swagger-ui*/*swagger-initializer.js=ResourceHttpRequestHandler [classpath [META-INF/resources/webjars/]], /swagger-ui*/**=ResourceHttpRequestHandler [classpath [META-INF/resources/webjars/]]}
27-03-2026 17:55:21 org.springframework.beans.factory.support.DefaultSingletonBeanRegistry.getSingleton - Creating shared instance of singleton bean 'defaultServletHandlerMapping'
27-03-2026 17:55:21 org.springframework.beans.factory.support.DefaultSingletonBeanRegistry.getSingleton - Creating shared instance of singleton bean 'requestMappingHandlerAdapter'
27-03-2026 17:55:21 org.springframework.beans.factory.support.ConstructorResolver.registerDependentBeans - Autowiring by type from bean name 'requestMappingHandlerAdapter' via factory method to bean named 'mvcContentNegotiationManager'
27-03-2026 17:55:21 org.springframework.beans.factory.support.ConstructorResolver.registerDependentBeans - Autowiring by type from bean name 'requestMappingHandlerAdapter' via factory method to bean named 'mvcConversionService'
27-03-2026 17:55:21 org.springframework.beans.factory.support.ConstructorResolver.registerDependentBeans - Autowiring by type from bean name 'requestMappingHandlerAdapter' via factory method to bean named 'mvcValidator'
27-03-2026 17:55:21 org.springframework.web.servlet.mvc.method.annotation.RequestMappingHandlerAdapter.initControllerAdviceCache - ControllerAdvice beans: 0 @ModelAttribute, 0 @InitBinder, 2 RequestBodyAdvice, 1 ResponseBodyAdvice
27-03-2026 17:55:21 org.springframework.beans.factory.support.DefaultSingletonBeanRegistry.getSingleton - Creating shared instance of singleton bean 'mvcViewResolver'
27-03-2026 17:55:21 org.springframework.beans.factory.support.ConstructorResolver.registerDependentBeans - Autowiring by type from bean name 'mvcViewResolver' via factory method to bean named 'mvcContentNegotiationManager'
27-03-2026 17:55:21 org.springframework.beans.factory.support.DefaultSingletonBeanRegistry.getSingleton - Creating shared instance of singleton bean 'defaultViewResolver'
27-03-2026 17:55:21 org.springframework.beans.factory.support.DefaultSingletonBeanRegistry.getSingleton - Creating shared instance of singleton bean 'viewResolver'
27-03-2026 17:55:21 org.springframework.beans.factory.support.ConstructorResolver.registerDependentBeans - Autowiring by type from bean name 'viewResolver' via factory method to bean named 'org.springframework.beans.factory.support.DefaultListableBeanFactory@6c000e0c'
27-03-2026 17:55:21 org.springframework.beans.factory.support.DefaultSingletonBeanRegistry.getSingleton - Creating shared instance of singleton bean 'viewResolver'
27-03-2026 17:55:21 org.springframework.beans.factory.support.DefaultSingletonBeanRegistry.getSingleton - Creating shared instance of singleton bean 'handlerFunctionAdapter'
27-03-2026 17:55:21 org.springframework.beans.factory.support.DefaultSingletonBeanRegistry.getSingleton - Creating shared instance of singleton bean 'mvcUriComponentsContributor'
27-03-2026 17:55:21 org.springframework.beans.factory.support.ConstructorResolver.registerDependentBeans - Autowiring by type from bean name 'mvcUriComponentsContributor' via factory method to bean named 'mvcConversionService'
27-03-2026 17:55:21 org.springframework.beans.factory.support.ConstructorResolver.registerDependentBeans - Autowiring by type from bean name 'mvcUriComponentsContributor' via factory method to bean named 'requestMappingHandlerAdapter'
27-03-2026 17:55:21 org.springframework.beans.factory.support.DefaultSingletonBeanRegistry.getSingleton - Creating shared instance of singleton bean 'httpRequestHandlerAdapter'
27-03-2026 17:55:21 org.springframework.beans.factory.support.DefaultSingletonBeanRegistry.getSingleton - Creating shared instance of singleton bean 'simpleControllerHandlerAdapter'
27-03-2026 17:55:21 org.springframework.beans.factory.support.DefaultSingletonBeanRegistry.getSingleton - Creating shared instance of singleton bean 'handlerExceptionResolver'
27-03-2026 17:55:21 org.springframework.beans.factory.support.ConstructorResolver.registerDependentBeans - Autowiring by type from bean name 'handlerExceptionResolver' via factory method to bean named 'mvcContentNegotiationManager'
27-03-2026 17:55:21 org.springframework.web.servlet.mvc.method.annotation.ExceptionHandlerExceptionResolver.initExceptionHandlerAdviceCache - ControllerAdvice beans: 1 @ExceptionHandler, 1 ResponseBodyAdvice
27-03-2026 17:55:21 org.springframework.beans.factory.support.DefaultSingletonBeanRegistry.getSingleton - Creating shared instance of singleton bean 'org.springdoc.core.configuration.SpringDocConfiguration$OpenApiResourceAdvice'
27-03-2026 17:55:21 org.springframework.beans.factory.support.ConstructorResolver.registerDependentBeans - Autowiring by type from bean name 'org.springdoc.core.configuration.SpringDocConfiguration$OpenApiResourceAdvice' via constructor to bean named 'org.springdoc.core.configuration.SpringDocConfiguration'
27-03-2026 17:55:21 org.springframework.beans.factory.support.DefaultSingletonBeanRegistry.getSingleton - Creating shared instance of singleton bean 'org.springdoc.core.configuration.SpringDocConfiguration$WebConversionServiceConfiguration'
27-03-2026 17:55:21 org.springframework.beans.factory.support.DefaultSingletonBeanRegistry.getSingleton - Creating shared instance of singleton bean 'webConversionServiceProvider'
27-03-2026 17:55:21 org.springframework.beans.factory.support.DefaultSingletonBeanRegistry.getSingleton - Creating shared instance of singleton bean 'localSpringDocParameterNameDiscoverer'
27-03-2026 17:55:21 org.springframework.beans.factory.support.DefaultSingletonBeanRegistry.getSingleton - Creating shared instance of singleton bean 'additionalModelsConverter'
27-03-2026 17:55:21 org.springframework.beans.factory.support.ConstructorResolver.registerDependentBeans - Autowiring by type from bean name 'additionalModelsConverter' via factory method to bean named 'springdocObjectMapperProvider'
27-03-2026 17:55:21 org.springframework.beans.factory.support.DefaultSingletonBeanRegistry.getSingleton - Creating shared instance of singleton bean 'fileSupportConverter'
27-03-2026 17:55:21 org.springframework.beans.factory.support.ConstructorResolver.registerDependentBeans - Autowiring by type from bean name 'fileSupportConverter' via factory method to bean named 'springdocObjectMapperProvider'
27-03-2026 17:55:21 org.springframework.beans.factory.support.DefaultSingletonBeanRegistry.getSingleton - Creating shared instance of singleton bean 'responseSupportConverter'
27-03-2026 17:55:21 org.springframework.beans.factory.support.ConstructorResolver.registerDependentBeans - Autowiring by type from bean name 'responseSupportConverter' via factory method to bean named 'springdocObjectMapperProvider'
27-03-2026 17:55:21 org.springframework.beans.factory.support.DefaultSingletonBeanRegistry.getSingleton - Creating shared instance of singleton bean 'schemaPropertyDeprecatingConverter'
27-03-2026 17:55:21 org.springframework.beans.factory.support.DefaultSingletonBeanRegistry.getSingleton - Creating shared instance of singleton bean 'polymorphicModelConverter'
27-03-2026 17:55:21 org.springframework.beans.factory.support.ConstructorResolver.registerDependentBeans - Autowiring by type from bean name 'polymorphicModelConverter' via factory method to bean named 'springdocObjectMapperProvider'
27-03-2026 17:55:21 org.springframework.beans.factory.support.DefaultSingletonBeanRegistry.getSingleton - Creating shared instance of singleton bean 'openAPIBuilder'
27-03-2026 17:55:21 org.springframework.beans.factory.support.DefaultSingletonBeanRegistry.getSingleton - Creating shared instance of singleton bean 'securityParser'
27-03-2026 17:55:21 org.springframework.beans.factory.support.DefaultSingletonBeanRegistry.getSingleton - Creating shared instance of singleton bean 'propertyResolverUtils'
27-03-2026 17:55:21 org.springframework.beans.factory.support.ConstructorResolver.registerDependentBeans - Autowiring by type from bean name 'propertyResolverUtils' via factory method to bean named 'org.springframework.beans.factory.support.DefaultListableBeanFactory@6c000e0c'
27-03-2026 17:55:21 org.springframework.beans.factory.support.ConstructorResolver.registerDependentBeans - Autowiring by type from bean name 'propertyResolverUtils' via factory method to bean named 'messageSource'
27-03-2026 17:55:21 org.springframework.beans.factory.support.ConstructorResolver.registerDependentBeans - Autowiring by type from bean name 'propertyResolverUtils' via factory method to bean named 'org.springdoc.core.properties.SpringDocConfigProperties'
27-03-2026 17:55:21 org.springframework.beans.factory.support.ConstructorResolver.registerDependentBeans - Autowiring by type from bean name 'securityParser' via factory method to bean named 'propertyResolverUtils'
27-03-2026 17:55:21 org.springframework.beans.factory.support.ConstructorResolver.registerDependentBeans - Autowiring by type from bean name 'openAPIBuilder' via factory method to bean named 'customOpenAPI'
27-03-2026 17:55:21 org.springframework.beans.factory.support.ConstructorResolver.registerDependentBeans - Autowiring by type from bean name 'openAPIBuilder' via factory method to bean named 'securityParser'
27-03-2026 17:55:21 org.springframework.beans.factory.support.ConstructorResolver.registerDependentBeans - Autowiring by type from bean name 'openAPIBuilder' via factory method to bean named 'org.springdoc.core.properties.SpringDocConfigProperties'
27-03-2026 17:55:21 org.springframework.beans.factory.support.ConstructorResolver.registerDependentBeans - Autowiring by type from bean name 'openAPIBuilder' via factory method to bean named 'propertyResolverUtils'
27-03-2026 17:55:21 org.springframework.beans.factory.support.DefaultSingletonBeanRegistry.getSingleton - Creating shared instance of singleton bean 'modelConverterRegistrar'
27-03-2026 17:55:21 org.springframework.beans.factory.support.ConstructorResolver.registerDependentBeans - Autowiring by type from bean name 'modelConverterRegistrar' via factory method to bean named 'additionalModelsConverter'
27-03-2026 17:55:21 org.springframework.beans.factory.support.ConstructorResolver.registerDependentBeans - Autowiring by type from bean name 'modelConverterRegistrar' via factory method to bean named 'fileSupportConverter'
27-03-2026 17:55:21 org.springframework.beans.factory.support.ConstructorResolver.registerDependentBeans - Autowiring by type from bean name 'modelConverterRegistrar' via factory method to bean named 'responseSupportConverter'
27-03-2026 17:55:21 org.springframework.beans.factory.support.ConstructorResolver.registerDependentBeans - Autowiring by type from bean name 'modelConverterRegistrar' via factory method to bean named 'schemaPropertyDeprecatingConverter'
27-03-2026 17:55:21 org.springframework.beans.factory.support.ConstructorResolver.registerDependentBeans - Autowiring by type from bean name 'modelConverterRegistrar' via factory method to bean named 'polymorphicModelConverter'
27-03-2026 17:55:21 org.springframework.beans.factory.support.DefaultSingletonBeanRegistry.getSingleton - Creating shared instance of singleton bean 'operationBuilder'
27-03-2026 17:55:21 org.springframework.beans.factory.support.DefaultSingletonBeanRegistry.getSingleton - Creating shared instance of singleton bean 'parameterBuilder'
27-03-2026 17:55:21 org.springframework.beans.factory.support.ConstructorResolver.registerDependentBeans - Autowiring by type from bean name 'parameterBuilder' via factory method to bean named 'propertyResolverUtils'
27-03-2026 17:55:21 org.springframework.beans.factory.support.ConstructorResolver.registerDependentBeans - Autowiring by type from bean name 'parameterBuilder' via factory method to bean named 'webConversionServiceProvider'
27-03-2026 17:55:21 org.springframework.beans.factory.support.ConstructorResolver.registerDependentBeans - Autowiring by type from bean name 'parameterBuilder' via factory method to bean named 'springdocObjectMapperProvider'
27-03-2026 17:55:21 org.springframework.beans.factory.support.DefaultSingletonBeanRegistry.getSingleton - Creating shared instance of singleton bean 'requestBodyBuilder'
27-03-2026 17:55:21 org.springframework.beans.factory.support.ConstructorResolver.registerDependentBeans - Autowiring by type from bean name 'requestBodyBuilder' via factory method to bean named 'parameterBuilder'
27-03-2026 17:55:21 org.springframework.beans.factory.support.ConstructorResolver.registerDependentBeans - Autowiring by type from bean name 'operationBuilder' via factory method to bean named 'parameterBuilder'
27-03-2026 17:55:21 org.springframework.beans.factory.support.ConstructorResolver.registerDependentBeans - Autowiring by type from bean name 'operationBuilder' via factory method to bean named 'requestBodyBuilder'
27-03-2026 17:55:21 org.springframework.beans.factory.support.ConstructorResolver.registerDependentBeans - Autowiring by type from bean name 'operationBuilder' via factory method to bean named 'securityParser'
27-03-2026 17:55:21 org.springframework.beans.factory.support.ConstructorResolver.registerDependentBeans - Autowiring by type from bean name 'operationBuilder' via factory method to bean named 'propertyResolverUtils'
27-03-2026 17:55:21 org.springframework.beans.factory.support.DefaultSingletonBeanRegistry.getSingleton - Creating shared instance of singleton bean 'genericReturnTypeParser'
27-03-2026 17:55:21 org.springframework.beans.factory.support.DefaultSingletonBeanRegistry.getSingleton - Creating shared instance of singleton bean 'springDocProviders'
27-03-2026 17:55:21 org.springframework.beans.factory.support.DefaultSingletonBeanRegistry.getSingleton - Creating shared instance of singleton bean 'routerFunctionProvider'
27-03-2026 17:55:21 org.springframework.beans.factory.support.DefaultSingletonBeanRegistry.getSingleton - Creating shared instance of singleton bean 'org.springdoc.webmvc.core.configuration.SpringDocWebMvcConfiguration$SpringDocWebMvcRouterConfiguration'
27-03-2026 17:55:21 org.springframework.beans.factory.support.ConstructorResolver.registerDependentBeans - Autowiring by type from bean name 'springDocProviders' via factory method to bean named 'routerFunctionProvider'
27-03-2026 17:55:21 org.springframework.beans.factory.support.ConstructorResolver.registerDependentBeans - Autowiring by type from bean name 'springDocProviders' via factory method to bean named 'springWebProvider'
27-03-2026 17:55:21 org.springframework.beans.factory.support.ConstructorResolver.registerDependentBeans - Autowiring by type from bean name 'springDocProviders' via factory method to bean named 'webConversionServiceProvider'
27-03-2026 17:55:21 org.springframework.beans.factory.support.ConstructorResolver.registerDependentBeans - Autowiring by type from bean name 'springDocProviders' via factory method to bean named 'springdocObjectMapperProvider'
27-03-2026 17:55:21 org.springframework.beans.factory.support.DefaultSingletonBeanRegistry.getSingleton - Creating shared instance of singleton bean 'springDocCustomizers'
27-03-2026 17:55:21 org.springframework.beans.factory.support.DefaultSingletonBeanRegistry.getSingleton - Creating shared instance of singleton bean 'org.springdoc.core.configuration.SpringDocUIConfiguration'
27-03-2026 17:55:21 org.springframework.beans.factory.support.ConstructorResolver.registerDependentBeans - Autowiring by type from bean name 'org.springdoc.core.configuration.SpringDocUIConfiguration' via constructor to bean named 'org.springdoc.core.properties.SwaggerUiConfigProperties'
27-03-2026 17:55:21 org.springframework.beans.factory.support.DefaultSingletonBeanRegistry.getSingleton - Creating shared instance of singleton bean 'openApiResource'
27-03-2026 17:55:21 org.springframework.beans.factory.support.DefaultSingletonBeanRegistry.getSingleton - Creating shared instance of singleton bean 'requestBuilder'
27-03-2026 17:55:21 org.springframework.beans.factory.support.ConstructorResolver.registerDependentBeans - Autowiring by type from bean name 'requestBuilder' via factory method to bean named 'parameterBuilder'
27-03-2026 17:55:21 org.springframework.beans.factory.support.ConstructorResolver.registerDependentBeans - Autowiring by type from bean name 'requestBuilder' via factory method to bean named 'requestBodyBuilder'
27-03-2026 17:55:21 org.springframework.beans.factory.support.ConstructorResolver.registerDependentBeans - Autowiring by type from bean name 'requestBuilder' via factory method to bean named 'operationBuilder'
27-03-2026 17:55:21 org.springframework.beans.factory.support.ConstructorResolver.registerDependentBeans - Autowiring by type from bean name 'requestBuilder' via factory method to bean named 'localSpringDocParameterNameDiscoverer'
27-03-2026 17:55:21 org.springframework.beans.factory.support.DefaultSingletonBeanRegistry.getSingleton - Creating shared instance of singleton bean 'responseBuilder'
27-03-2026 17:55:21 org.springframework.beans.factory.support.ConstructorResolver.registerDependentBeans - Autowiring by type from bean name 'responseBuilder' via factory method to bean named 'operationBuilder'
27-03-2026 17:55:21 org.springframework.beans.factory.support.ConstructorResolver.registerDependentBeans - Autowiring by type from bean name 'responseBuilder' via factory method to bean named 'genericReturnTypeParser'
27-03-2026 17:55:21 org.springframework.beans.factory.support.ConstructorResolver.registerDependentBeans - Autowiring by type from bean name 'responseBuilder' via factory method to bean named 'org.springdoc.core.properties.SpringDocConfigProperties'
27-03-2026 17:55:21 org.springframework.beans.factory.support.ConstructorResolver.registerDependentBeans - Autowiring by type from bean name 'responseBuilder' via factory method to bean named 'propertyResolverUtils'
27-03-2026 17:55:21 org.springframework.beans.factory.support.ConstructorResolver.registerDependentBeans - Autowiring by type from bean name 'openApiResource' via factory method to bean named 'requestBuilder'
27-03-2026 17:55:21 org.springframework.beans.factory.support.ConstructorResolver.registerDependentBeans - Autowiring by type from bean name 'openApiResource' via factory method to bean named 'responseBuilder'
27-03-2026 17:55:21 org.springframework.beans.factory.support.ConstructorResolver.registerDependentBeans - Autowiring by type from bean name 'openApiResource' via factory method to bean named 'operationBuilder'
27-03-2026 17:55:21 org.springframework.beans.factory.support.ConstructorResolver.registerDependentBeans - Autowiring by type from bean name 'openApiResource' via factory method to bean named 'org.springdoc.core.properties.SpringDocConfigProperties'
27-03-2026 17:55:21 org.springframework.beans.factory.support.ConstructorResolver.registerDependentBeans - Autowiring by type from bean name 'openApiResource' via factory method to bean named 'springDocProviders'
27-03-2026 17:55:21 org.springframework.beans.factory.support.ConstructorResolver.registerDependentBeans - Autowiring by type from bean name 'openApiResource' via factory method to bean named 'springDocCustomizers'
27-03-2026 17:55:21 org.springframework.beans.factory.support.DefaultSingletonBeanRegistry.getSingleton - Creating shared instance of singleton bean 'swaggerConfigResource'
27-03-2026 17:55:21 org.springframework.beans.factory.support.ConstructorResolver.registerDependentBeans - Autowiring by type from bean name 'swaggerConfigResource' via factory method to bean named 'swaggerWelcome'
27-03-2026 17:55:21 org.springframework.beans.factory.support.DefaultSingletonBeanRegistry.getSingleton - Creating shared instance of singleton bean 'org.springframework.boot.autoconfigure.jmx.JmxAutoConfiguration'
27-03-2026 17:55:21 org.springframework.beans.factory.support.DefaultSingletonBeanRegistry.getSingleton - Creating shared instance of singleton bean 'spring.jmx-org.springframework.boot.autoconfigure.jmx.JmxProperties'
27-03-2026 17:55:21 org.springframework.beans.factory.support.ConstructorResolver.registerDependentBeans - Autowiring by type from bean name 'org.springframework.boot.autoconfigure.jmx.JmxAutoConfiguration' via constructor to bean named 'spring.jmx-org.springframework.boot.autoconfigure.jmx.JmxProperties'
27-03-2026 17:55:21 org.springframework.beans.factory.support.DefaultSingletonBeanRegistry.getSingleton - Creating shared instance of singleton bean 'mbeanExporter'
27-03-2026 17:55:21 org.springframework.beans.factory.support.DefaultSingletonBeanRegistry.getSingleton - Creating shared instance of singleton bean 'objectNamingStrategy'
27-03-2026 17:55:21 org.springframework.beans.factory.support.ConstructorResolver.registerDependentBeans - Autowiring by type from bean name 'mbeanExporter' via factory method to bean named 'objectNamingStrategy'
27-03-2026 17:55:21 org.springframework.beans.factory.support.ConstructorResolver.registerDependentBeans - Autowiring by type from bean name 'mbeanExporter' via factory method to bean named 'org.springframework.beans.factory.support.DefaultListableBeanFactory@6c000e0c'
27-03-2026 17:55:21 org.springframework.beans.factory.support.DefaultSingletonBeanRegistry.getSingleton - Creating shared instance of singleton bean 'mbeanServer'
27-03-2026 17:55:21 org.springframework.jmx.support.JmxUtils.locateMBeanServer - Found MBeanServer: com.sun.jmx.mbeanserver.JmxMBeanServer@67f89fa3
27-03-2026 17:55:21 org.springframework.beans.factory.support.DefaultSingletonBeanRegistry.getSingleton - Creating shared instance of singleton bean 'org.springframework.boot.autoconfigure.admin.SpringApplicationAdminJmxAutoConfiguration'
27-03-2026 17:55:21 org.springframework.beans.factory.support.DefaultSingletonBeanRegistry.getSingleton - Creating shared instance of singleton bean 'springApplicationAdminRegistrar'
27-03-2026 17:55:21 org.springframework.beans.factory.support.ConstructorResolver.registerDependentBeans - Autowiring by type from bean name 'springApplicationAdminRegistrar' via factory method to bean named 'environment'
27-03-2026 17:55:21 org.springframework.boot.admin.SpringApplicationAdminMXBeanRegistrar.afterPropertiesSet - Application Admin MBean registered with name 'org.springframework.boot:type=Admin,name=SpringApplication'
27-03-2026 17:55:21 org.springframework.beans.factory.support.DefaultSingletonBeanRegistry.getSingleton - Creating shared instance of singleton bean 'org.springframework.boot.autoconfigure.aop.AopAutoConfiguration$ClassProxyingConfiguration'
27-03-2026 17:55:21 org.springframework.beans.factory.support.DefaultSingletonBeanRegistry.getSingleton - Creating shared instance of singleton bean 'org.springframework.boot.autoconfigure.aop.AopAutoConfiguration'
27-03-2026 17:55:21 org.springframework.beans.factory.support.DefaultSingletonBeanRegistry.getSingleton - Creating shared instance of singleton bean 'org.springframework.boot.autoconfigure.availability.ApplicationAvailabilityAutoConfiguration'
27-03-2026 17:55:21 org.springframework.beans.factory.support.DefaultSingletonBeanRegistry.getSingleton - Creating shared instance of singleton bean 'applicationAvailability'
27-03-2026 17:55:21 org.springframework.beans.factory.support.DefaultSingletonBeanRegistry.getSingleton - Creating shared instance of singleton bean 'org.springframework.boot.autoconfigure.context.ConfigurationPropertiesAutoConfiguration'
27-03-2026 17:55:21 org.springframework.beans.factory.support.DefaultSingletonBeanRegistry.getSingleton - Creating shared instance of singleton bean 'org.springframework.boot.autoconfigure.context.LifecycleAutoConfiguration'
27-03-2026 17:55:21 org.springframework.beans.factory.support.DefaultSingletonBeanRegistry.getSingleton - Creating shared instance of singleton bean 'lifecycleProcessor'
27-03-2026 17:55:21 org.springframework.beans.factory.support.DefaultSingletonBeanRegistry.getSingleton - Creating shared instance of singleton bean 'spring.lifecycle-org.springframework.boot.autoconfigure.context.LifecycleProperties'
27-03-2026 17:55:21 org.springframework.beans.factory.support.ConstructorResolver.registerDependentBeans - Autowiring by type from bean name 'lifecycleProcessor' via factory method to bean named 'spring.lifecycle-org.springframework.boot.autoconfigure.context.LifecycleProperties'
27-03-2026 17:55:21 org.springframework.beans.factory.support.DefaultSingletonBeanRegistry.getSingleton - Creating shared instance of singleton bean 'org.springframework.boot.autoconfigure.info.ProjectInfoAutoConfiguration'
27-03-2026 17:55:21 org.springframework.beans.factory.support.DefaultSingletonBeanRegistry.getSingleton - Creating shared instance of singleton bean 'spring.info-org.springframework.boot.autoconfigure.info.ProjectInfoProperties'
27-03-2026 17:55:21 org.springframework.beans.factory.support.ConstructorResolver.registerDependentBeans - Autowiring by type from bean name 'org.springframework.boot.autoconfigure.info.ProjectInfoAutoConfiguration' via constructor to bean named 'spring.info-org.springframework.boot.autoconfigure.info.ProjectInfoProperties'
27-03-2026 17:55:21 org.springframework.beans.factory.support.DefaultSingletonBeanRegistry.getSingleton - Creating shared instance of singleton bean 'org.springframework.boot.autoconfigure.task.TaskSchedulingConfigurations$ThreadPoolTaskSchedulerBuilderConfiguration'
27-03-2026 17:55:21 org.springframework.beans.factory.support.DefaultSingletonBeanRegistry.getSingleton - Creating shared instance of singleton bean 'threadPoolTaskSchedulerBuilder'
27-03-2026 17:55:21 org.springframework.beans.factory.support.DefaultSingletonBeanRegistry.getSingleton - Creating shared instance of singleton bean 'spring.task.scheduling-org.springframework.boot.autoconfigure.task.TaskSchedulingProperties'
27-03-2026 17:55:21 org.springframework.beans.factory.support.ConstructorResolver.registerDependentBeans - Autowiring by type from bean name 'threadPoolTaskSchedulerBuilder' via factory method to bean named 'spring.task.scheduling-org.springframework.boot.autoconfigure.task.TaskSchedulingProperties'
27-03-2026 17:55:21 org.springframework.beans.factory.support.DefaultSingletonBeanRegistry.getSingleton - Creating shared instance of singleton bean 'org.springframework.boot.autoconfigure.task.TaskSchedulingConfigurations$SimpleAsyncTaskSchedulerBuilderConfiguration'
27-03-2026 17:55:21 org.springframework.beans.factory.support.ConstructorResolver.registerDependentBeans - Autowiring by type from bean name 'org.springframework.boot.autoconfigure.task.TaskSchedulingConfigurations$SimpleAsyncTaskSchedulerBuilderConfiguration' via constructor to bean named 'spring.task.scheduling-org.springframework.boot.autoconfigure.task.TaskSchedulingProperties'
27-03-2026 17:55:21 org.springframework.beans.factory.support.DefaultSingletonBeanRegistry.getSingleton - Creating shared instance of singleton bean 'simpleAsyncTaskSchedulerBuilder'
27-03-2026 17:55:21 org.springframework.beans.factory.support.DefaultSingletonBeanRegistry.getSingleton - Creating shared instance of singleton bean 'org.springframework.boot.autoconfigure.task.TaskSchedulingAutoConfiguration'
27-03-2026 17:55:21 org.springframework.beans.factory.support.DefaultSingletonBeanRegistry.getSingleton - Creating shared instance of singleton bean 'org.springframework.boot.http.converter.autoconfigure.JacksonHttpMessageConvertersConfiguration'
27-03-2026 17:55:21 org.springframework.beans.factory.support.DefaultSingletonBeanRegistry.getSingleton - Creating shared instance of singleton bean 'org.springframework.boot.http.converter.autoconfigure.Jackson2HttpMessageConvertersConfiguration'
27-03-2026 17:55:21 org.springframework.beans.factory.support.DefaultSingletonBeanRegistry.getSingleton - Creating shared instance of singleton bean 'clientConvertersCustomizer'
27-03-2026 17:55:21 org.springframework.beans.factory.support.DefaultSingletonBeanRegistry.getSingleton - Creating shared instance of singleton bean 'multipartResolver'
27-03-2026 17:55:21 org.springframework.jmx.export.MBeanExporter.afterSingletonsInstantiated - Registering beans for JMX exposure on startup
27-03-2026 17:55:21 org.springframework.jmx.export.MBeanExporter.registerBeans - Auto-detecting user-defined JMX MBeans
27-03-2026 17:55:21 org.springframework.context.support.DefaultLifecycleProcessor$LifecycleGroup.start - Starting beans in phase -2147483647
27-03-2026 17:55:21 org.springframework.context.support.DefaultLifecycleProcessor.doStart - Successfully started bean 'springBootLoggingLifecycle'
27-03-2026 17:55:21 org.springframework.context.support.DefaultLifecycleProcessor$LifecycleGroup.start - Starting beans in phase 1073741823
27-03-2026 17:55:21 org.springframework.context.support.DefaultLifecycleProcessor$LifecycleGroup.start - Starting beans in phase 2147481599
27-03-2026 17:55:21 org.apache.juli.logging.DirectJDKLog.log - Starting ProtocolHandler ["http-nio-8080"]
27-03-2026 17:55:21 org.springframework.boot.tomcat.TomcatWebServer.start - Tomcat started on port 8080 (http) with context path '/'
27-03-2026 17:55:21 org.springframework.context.support.DefaultLifecycleProcessor.doStart - Successfully started bean 'webServerStartStop'
27-03-2026 17:55:21 org.springframework.context.support.DefaultLifecycleProcessor$LifecycleGroup.start - Starting beans in phase 2147482623
27-03-2026 17:55:21 org.springframework.context.support.DefaultLifecycleProcessor.doStart - Successfully started bean 'webServerGracefulShutdown'
27-03-2026 17:55:21 org.springframework.boot.autoconfigure.logging.ConditionEvaluationReportLogger.logReport - 


============================
CONDITIONS EVALUATION REPORT
============================


Positive matches:
-----------------

   AopAutoConfiguration matched:
      - @ConditionalOnBooleanProperty (spring.aop.auto=true) matched (OnPropertyCondition)

   AopAutoConfiguration.ClassProxyingConfiguration matched:
      - @ConditionalOnMissingClass did not find unwanted class 'org.aspectj.weaver.Advice' (OnClassCondition)
      - @ConditionalOnBooleanProperty (spring.aop.proxy-target-class=true) matched (OnPropertyCondition)

   ApplicationAvailabilityAutoConfiguration#applicationAvailability matched:
      - @ConditionalOnMissingBean (types: org.springframework.boot.availability.ApplicationAvailability; SearchStrategy: all) did not find any beans (OnBeanCondition)

   DispatcherServletAutoConfiguration matched:
      - @ConditionalOnClass found required class 'org.springframework.web.servlet.DispatcherServlet' (OnClassCondition)
      - found 'session' scope (OnWebApplicationCondition)

   DispatcherServletAutoConfiguration.DispatcherServletConfiguration matched:
      - @ConditionalOnClass found required class 'jakarta.servlet.ServletRegistration' (OnClassCondition)
      - Default DispatcherServlet did not find dispatcher servlet beans (DispatcherServletAutoConfiguration.DefaultDispatcherServletCondition)

   DispatcherServletAutoConfiguration.DispatcherServletRegistrationConfiguration matched:
      - @ConditionalOnClass found required class 'jakarta.servlet.ServletRegistration' (OnClassCondition)
      - DispatcherServlet Registration did not find servlet registration bean (DispatcherServletAutoConfiguration.DispatcherServletRegistrationCondition)

   DispatcherServletAutoConfiguration.DispatcherServletRegistrationConfiguration#dispatcherServletRegistration matched:
      - @ConditionalOnBean (names: dispatcherServlet types: org.springframework.web.servlet.DispatcherServlet; SearchStrategy: all) found bean 'dispatcherServlet' (OnBeanCondition)

   ErrorMvcAutoConfiguration matched:
      - @ConditionalOnClass found required classes 'jakarta.servlet.Servlet', 'org.springframework.web.servlet.DispatcherServlet' (OnClassCondition)
      - found 'session' scope (OnWebApplicationCondition)

   ErrorMvcAutoConfiguration#basicErrorController matched:
      - @ConditionalOnMissingBean (types: org.springframework.boot.webmvc.error.ErrorController; SearchStrategy: current) did not find any beans (OnBeanCondition)

   ErrorMvcAutoConfiguration#errorAttributes matched:
      - @ConditionalOnMissingBean (types: org.springframework.boot.webmvc.error.ErrorAttributes; SearchStrategy: current) did not find any beans (OnBeanCondition)

   ErrorMvcAutoConfiguration.DefaultErrorViewResolverConfiguration#conventionErrorViewResolver matched:
      - @ConditionalOnBean (types: org.springframework.web.servlet.DispatcherServlet; SearchStrategy: all) found bean 'dispatcherServlet'; @ConditionalOnMissingBean (types: org.springframework.boot.webmvc.autoconfigure.error.ErrorViewResolver; SearchStrategy: all) did not find any beans (OnBeanCondition)

   ErrorMvcAutoConfiguration.WhitelabelErrorViewConfiguration matched:
      - @ConditionalOnBooleanProperty (spring.web.error.whitelabel.enabled=true) matched (OnPropertyCondition)
      - ErrorTemplate Missing did not find error template view (ErrorMvcAutoConfiguration.ErrorTemplateMissingCondition)

   ErrorMvcAutoConfiguration.WhitelabelErrorViewConfiguration#beanNameViewResolver matched:
      - @ConditionalOnMissingBean (types: org.springframework.web.servlet.view.BeanNameViewResolver; SearchStrategy: all) did not find any beans (OnBeanCondition)

   ErrorMvcAutoConfiguration.WhitelabelErrorViewConfiguration#defaultErrorView matched:
      - @ConditionalOnMissingBean (names: error; SearchStrategy: all) did not find any beans (OnBeanCondition)

   HttpEncodingAutoConfiguration matched:
      - @ConditionalOnClass found required class 'org.springframework.web.filter.CharacterEncodingFilter' (OnClassCondition)
      - found 'session' scope (OnWebApplicationCondition)
      - @ConditionalOnBooleanProperty (spring.servlet.encoding.enabled=true) matched (OnPropertyCondition)

   HttpEncodingAutoConfiguration#characterEncodingFilter matched:
      - @ConditionalOnMissingBean (types: org.springframework.web.filter.CharacterEncodingFilter; SearchStrategy: all) did not find any beans (OnBeanCondition)

   HttpMessageConvertersAutoConfiguration matched:
      - @ConditionalOnClass found required class 'org.springframework.http.converter.HttpMessageConverter' (OnClassCondition)
      - NoneNestedConditions 0 matched 1 did not; NestedCondition on HttpMessageConvertersAutoConfiguration.NotReactiveWebApplicationCondition.ReactiveWebApplication did not find reactive web application classes (HttpMessageConvertersAutoConfiguration.NotReactiveWebApplicationCondition)

   HttpMessageConvertersAutoConfiguration.StringHttpMessageConverterConfiguration#stringHttpMessageConvertersCustomizer matched:
      - @ConditionalOnMissingBean (types: org.springframework.http.converter.StringHttpMessageConverter; SearchStrategy: all) did not find any beans (OnBeanCondition)

   JacksonAutoConfiguration matched:
      - @ConditionalOnClass found required class 'tools.jackson.databind.json.JsonMapper' (OnClassCondition)

   JacksonAutoConfiguration#jacksonJsonMapper matched:
      - @ConditionalOnMissingBean (types: tools.jackson.databind.json.JsonMapper; SearchStrategy: all) did not find any beans (OnBeanCondition)

   JacksonAutoConfiguration#jsonMapperBuilder matched:
      - @ConditionalOnMissingBean (types: tools.jackson.databind.json.JsonMapper$Builder; SearchStrategy: all) did not find any beans (OnBeanCondition)

   JacksonAutoConfiguration.JsonProblemDetailsConfiguration matched:
      - @ConditionalOnClass found required class 'org.springframework.http.ProblemDetail' (OnClassCondition)

   JacksonHttpMessageConvertersConfiguration.JacksonJsonHttpMessageConverterConfiguration matched:
      - @ConditionalOnClass found required class 'tools.jackson.databind.json.JsonMapper' (OnClassCondition)
      - @ConditionalOnProperty (spring.http.converters.preferred-json-mapper=jackson) matched (OnPropertyCondition)
      - @ConditionalOnBean (types: tools.jackson.databind.json.JsonMapper; SearchStrategy: all) found bean 'jacksonJsonMapper' (OnBeanCondition)

   JacksonHttpMessageConvertersConfiguration.JacksonJsonHttpMessageConverterConfiguration#jacksonJsonHttpMessageConvertersCustomizer matched:
      - @ConditionalOnMissingBean (types: org.springframework.http.converter.json.JacksonJsonHttpMessageConverter ignored: org.springframework.hateoas.server.mvc.TypeConstrainedJacksonJsonHttpMessageConverter,org.springframework.data.rest.webmvc.alps.AlpsJacksonJsonHttpMessageConverter; SearchStrategy: all) did not find any beans (OnBeanCondition)

   JmxAutoConfiguration matched:
      - @ConditionalOnClass found required class 'org.springframework.jmx.export.MBeanExporter' (OnClassCondition)
      - @ConditionalOnBooleanProperty (spring.jmx.enabled=true) matched (OnPropertyCondition)

   JmxAutoConfiguration#mbeanExporter matched:
      - @ConditionalOnMissingBean (types: org.springframework.jmx.export.MBeanExporter; SearchStrategy: current) did not find any beans (OnBeanCondition)

   JmxAutoConfiguration#mbeanServer matched:
      - @ConditionalOnMissingBean (types: javax.management.MBeanServer; SearchStrategy: all) did not find any beans (OnBeanCondition)

   JmxAutoConfiguration#objectNamingStrategy matched:
      - @ConditionalOnMissingBean (types: org.springframework.jmx.export.naming.ObjectNamingStrategy; SearchStrategy: current) did not find any beans (OnBeanCondition)

   LifecycleAutoConfiguration#defaultLifecycleProcessor matched:
      - @ConditionalOnMissingBean (names: lifecycleProcessor; SearchStrategy: current) did not find any beans (OnBeanCondition)

   MultipartAutoConfiguration matched:
      - @ConditionalOnClass found required classes 'jakarta.servlet.Servlet', 'org.springframework.web.multipart.support.StandardServletMultipartResolver', 'jakarta.servlet.MultipartConfigElement' (OnClassCondition)
      - found 'session' scope (OnWebApplicationCondition)
      - @ConditionalOnBooleanProperty (spring.servlet.multipart.enabled=true) matched (OnPropertyCondition)

   MultipartAutoConfiguration#multipartConfigElement matched:
      - @ConditionalOnMissingBean (types: jakarta.servlet.MultipartConfigElement; SearchStrategy: all) did not find any beans (OnBeanCondition)

   MultipartAutoConfiguration#multipartResolver matched:
      - @ConditionalOnMissingBean (types: org.springframework.web.multipart.MultipartResolver; SearchStrategy: all) did not find any beans (OnBeanCondition)

   PropertyPlaceholderAutoConfiguration#propertySourcesPlaceholderConfigurer matched:
      - @ConditionalOnMissingBean (types: org.springframework.context.support.PropertySourcesPlaceholderConfigurer; SearchStrategy: current) did not find any beans (OnBeanCondition)

   SpringApplicationAdminJmxAutoConfiguration matched:
      - @ConditionalOnBooleanProperty (spring.application.admin.enabled=true) matched (OnPropertyCondition)

   SpringApplicationAdminJmxAutoConfiguration#springApplicationAdminRegistrar matched:
      - @ConditionalOnMissingBean (types: org.springframework.boot.admin.SpringApplicationAdminMXBeanRegistrar; SearchStrategy: all) did not find any beans (OnBeanCondition)

   SpringDocConfigProperties matched:
      - @ConditionalOnProperty (springdoc.api-docs.enabled) matched (OnPropertyCondition)
      - @ConditionalOnBean (types: org.springdoc.core.configuration.SpringDocConfiguration; SearchStrategy: all) found bean 'org.springdoc.core.configuration.SpringDocConfiguration' (OnBeanCondition)

   SpringDocConfiguration matched:
      - @ConditionalOnWebApplication (required) found 'session' scope (OnWebApplicationCondition)
      - @ConditionalOnProperty (springdoc.api-docs.enabled) matched (OnPropertyCondition)

   SpringDocConfiguration#fileSupportConverter matched:
      - @ConditionalOnMissingBean (types: org.springdoc.core.converters.FileSupportConverter; SearchStrategy: all) did not find any beans (OnBeanCondition)

   SpringDocConfiguration#openAPIBuilder matched:
      - @ConditionalOnMissingBean (types: org.springdoc.core.service.OpenAPIService; SearchStrategy: all) did not find any beans (OnBeanCondition)

   SpringDocConfiguration#operationBuilder matched:
      - @ConditionalOnMissingBean (types: org.springdoc.core.service.OperationService; SearchStrategy: all) did not find any beans (OnBeanCondition)

   SpringDocConfiguration#parameterBuilder matched:
      - @ConditionalOnMissingBean (types: org.springdoc.core.service.GenericParameterService; SearchStrategy: all) did not find any beans (OnBeanCondition)

   SpringDocConfiguration#polymorphicModelConverter matched:
      - @ConditionalOnProperty (springdoc.model-converters.polymorphic-converter.enabled) matched (OnPropertyCondition)
      - @ConditionalOnMissingBean (types: org.springdoc.core.converters.PolymorphicModelConverter; SearchStrategy: all) did not find any beans (OnBeanCondition)

   SpringDocConfiguration#requestBodyBuilder matched:
      - @ConditionalOnMissingBean (types: org.springdoc.core.service.RequestBodyService; SearchStrategy: all) did not find any beans (OnBeanCondition)

   SpringDocConfiguration#responseSupportConverter matched:
      - @ConditionalOnMissingBean (types: org.springdoc.core.converters.ResponseSupportConverter; SearchStrategy: all) did not find any beans (OnBeanCondition)

   SpringDocConfiguration#schemaPropertyDeprecatingConverter matched:
      - @ConditionalOnProperty (springdoc.model-converters.deprecating-converter.enabled) matched (OnPropertyCondition)
      - @ConditionalOnMissingBean (types: org.springdoc.core.converters.SchemaPropertyDeprecatingConverter; SearchStrategy: all) did not find any beans (OnBeanCondition)

   SpringDocConfiguration#securityParser matched:
      - @ConditionalOnMissingBean (types: org.springdoc.core.service.SecurityService; SearchStrategy: all) did not find any beans (OnBeanCondition)

   SpringDocConfiguration#springDocCustomizers matched:
      - @ConditionalOnMissingBean (types: org.springdoc.core.customizers.SpringDocCustomizers; SearchStrategy: all) did not find any beans (OnBeanCondition)

   SpringDocConfiguration#springDocProviders matched:
      - @ConditionalOnMissingBean (types: org.springdoc.core.providers.SpringDocProviders; SearchStrategy: all) did not find any beans (OnBeanCondition)

   SpringDocConfiguration#springdocObjectMapperProvider matched:
      - @ConditionalOnMissingBean (types: org.springdoc.core.providers.ObjectMapperProvider; SearchStrategy: all) did not find any beans (OnBeanCondition)

   SpringDocConfiguration.WebConversionServiceConfiguration matched:
      - @ConditionalOnClass found required class 'org.springframework.boot.autoconfigure.web.format.WebConversionService' (OnClassCondition)

   SpringDocUIConfiguration matched:
      - @ConditionalOnWebApplication (required) found 'session' scope (OnWebApplicationCondition)
      - @ConditionalOnBean (types: org.springdoc.core.configuration.SpringDocConfiguration; SearchStrategy: all) found bean 'org.springdoc.core.configuration.SpringDocConfiguration' (OnBeanCondition)

   SpringDocWebMvcConfiguration matched:
      - found 'session' scope (OnWebApplicationCondition)
      - @ConditionalOnProperty (springdoc.api-docs.enabled) matched (OnPropertyCondition)
      - @ConditionalOnBean (types: org.springdoc.core.configuration.SpringDocConfiguration; SearchStrategy: all) found bean 'org.springdoc.core.configuration.SpringDocConfiguration' (OnBeanCondition)

   SpringDocWebMvcConfiguration#openApiResource matched:
      - @ConditionalOnProperty (springdoc.use-management-port=false) matched (OnPropertyCondition)
      - @ConditionalOnMissingBean (types: org.springdoc.webmvc.api.OpenApiWebMvcResource; SearchStrategy: all) did not find any beans (OnBeanCondition)

   SpringDocWebMvcConfiguration#requestBuilder matched:
      - @ConditionalOnMissingBean (types: org.springdoc.webmvc.core.service.RequestService; SearchStrategy: all) did not find any beans (OnBeanCondition)

   SpringDocWebMvcConfiguration#responseBuilder matched:
      - @ConditionalOnMissingBean (types: org.springdoc.core.service.GenericResponseService; SearchStrategy: all) did not find any beans (OnBeanCondition)

   SpringDocWebMvcConfiguration#springWebProvider matched:
      - @ConditionalOnMissingBean (types: org.springdoc.core.providers.SpringWebProvider; SearchStrategy: all) did not find any beans (OnBeanCondition)

   SpringDocWebMvcConfiguration.SpringDocWebMvcRouterConfiguration matched:
      - @ConditionalOnClass found required class 'org.springframework.web.servlet.function.RouterFunction' (OnClassCondition)

   SpringDocWebMvcConfiguration.SpringDocWebMvcRouterConfiguration#routerFunctionProvider matched:
      - @ConditionalOnMissingBean (types: org.springdoc.webmvc.core.providers.RouterFunctionWebMvcProvider; SearchStrategy: all) did not find any beans (OnBeanCondition)

   SslAutoConfiguration#sslBundleRegistry matched:
      - @ConditionalOnMissingBean (types: org.springframework.boot.ssl.SslBundleRegistry,org.springframework.boot.ssl.SslBundles; SearchStrategy: all) did not find any beans (OnBeanCondition)

   SwaggerConfig matched:
      - found 'session' scope (OnWebApplicationCondition)
      - @ConditionalOnProperty (springdoc.swagger-ui.enabled) matched (OnPropertyCondition)
      - @ConditionalOnBean (types: org.springdoc.core.configuration.SpringDocConfiguration; SearchStrategy: all) found bean 'org.springdoc.core.configuration.SpringDocConfiguration' (OnBeanCondition)

   SwaggerConfig#indexPageTransformer matched:
      - @ConditionalOnMissingBean (types: org.springdoc.webmvc.ui.SwaggerIndexTransformer; SearchStrategy: all) did not find any beans (OnBeanCondition)

   SwaggerConfig#swaggerConfigResource matched:
      - @ConditionalOnProperty (springdoc.use-management-port=false) matched (OnPropertyCondition)
      - @ConditionalOnMissingBean (types: org.springdoc.webmvc.ui.SwaggerConfigResource; SearchStrategy: all) did not find any beans (OnBeanCondition)

   SwaggerConfig#swaggerResourceResolver matched:
      - @ConditionalOnMissingBean (types: org.springdoc.webmvc.ui.SwaggerResourceResolver; SearchStrategy: all) did not find any beans (OnBeanCondition)

   SwaggerConfig#swaggerWebMvcConfigurer matched:
      - @ConditionalOnMissingBean (types: org.springdoc.webmvc.ui.SwaggerWebMvcConfigurer; SearchStrategy: all) did not find any beans (OnBeanCondition)

   SwaggerConfig#swaggerWelcome matched:
      - @ConditionalOnProperty (springdoc.use-management-port=false) matched (OnPropertyCondition)
      - @ConditionalOnMissingBean (types: org.springdoc.webmvc.ui.SwaggerWelcomeWebMvc; SearchStrategy: all) did not find any beans (OnBeanCondition)

   SwaggerUiConfigParameters matched:
      - @ConditionalOnProperty (springdoc.swagger-ui.enabled) matched (OnPropertyCondition)
      - @ConditionalOnBean (types: org.springdoc.core.configuration.SpringDocConfiguration; SearchStrategy: all) found bean 'org.springdoc.core.configuration.SpringDocConfiguration' (OnBeanCondition)

   SwaggerUiConfigProperties matched:
      - @ConditionalOnProperty (springdoc.swagger-ui.enabled) matched (OnPropertyCondition)
      - @ConditionalOnBean (types: org.springdoc.core.configuration.SpringDocConfiguration; SearchStrategy: all) found bean 'org.springdoc.core.configuration.SpringDocConfiguration' (OnBeanCondition)

   SwaggerUiOAuthProperties matched:
      - @ConditionalOnProperty (springdoc.swagger-ui.enabled) matched (OnPropertyCondition)
      - @ConditionalOnBean (types: org.springdoc.core.configuration.SpringDocConfiguration; SearchStrategy: all) found bean 'org.springdoc.core.configuration.SpringDocConfiguration' (OnBeanCondition)

   TaskExecutionAutoConfiguration matched:
      - @ConditionalOnClass found required class 'org.springframework.scheduling.concurrent.ThreadPoolTaskExecutor' (OnClassCondition)

   TaskExecutorConfigurations.AsyncConfigurerConfiguration matched:
      - @ConditionalOnMissingBean (types: org.springframework.scheduling.annotation.AsyncConfigurer; SearchStrategy: all) did not find any beans (OnBeanCondition)

   TaskExecutorConfigurations.SimpleAsyncTaskExecutorBuilderConfiguration#simpleAsyncTaskExecutorBuilder matched:
      - @ConditionalOnMissingBean (types: org.springframework.boot.task.SimpleAsyncTaskExecutorBuilder; SearchStrategy: all) did not find any beans (OnBeanCondition)
      - @ConditionalOnThreading found PLATFORM (OnThreadingCondition)

   TaskExecutorConfigurations.TaskExecutorConfiguration matched:
      - AnyNestedCondition 1 matched 1 did not; NestedCondition on TaskExecutorConfigurations.OnExecutorCondition.ModelCondition @ConditionalOnProperty (spring.task.execution.mode=force) did not find property 'spring.task.execution.mode'; NestedCondition on TaskExecutorConfigurations.OnExecutorCondition.ExecutorBeanCondition @ConditionalOnMissingBean (types: java.util.concurrent.Executor; SearchStrategy: all) did not find any beans (TaskExecutorConfigurations.OnExecutorCondition)

   TaskExecutorConfigurations.TaskExecutorConfiguration#applicationTaskExecutor matched:
      - @ConditionalOnThreading found PLATFORM (OnThreadingCondition)

   TaskExecutorConfigurations.ThreadPoolTaskExecutorBuilderConfiguration#threadPoolTaskExecutorBuilder matched:
      - @ConditionalOnMissingBean (types: org.springframework.boot.task.ThreadPoolTaskExecutorBuilder; SearchStrategy: all) did not find any beans (OnBeanCondition)

   TaskSchedulingAutoConfiguration matched:
      - @ConditionalOnClass found required class 'org.springframework.scheduling.concurrent.ThreadPoolTaskScheduler' (OnClassCondition)

   TaskSchedulingConfigurations.SimpleAsyncTaskSchedulerBuilderConfiguration#simpleAsyncTaskSchedulerBuilder matched:
      - @ConditionalOnMissingBean (types: org.springframework.boot.task.SimpleAsyncTaskSchedulerBuilder; SearchStrategy: all) did not find any beans (OnBeanCondition)
      - @ConditionalOnThreading found PLATFORM (OnThreadingCondition)

   TaskSchedulingConfigurations.ThreadPoolTaskSchedulerBuilderConfiguration#threadPoolTaskSchedulerBuilder matched:
      - @ConditionalOnMissingBean (types: org.springframework.boot.task.ThreadPoolTaskSchedulerBuilder; SearchStrategy: all) did not find any beans (OnBeanCondition)

   TomcatServletWebServerAutoConfiguration matched:
      - @ConditionalOnClass found required classes 'jakarta.servlet.ServletRequest', 'org.apache.catalina.startup.Tomcat', 'org.apache.coyote.UpgradeProtocol', 'org.springframework.boot.tomcat.servlet.TomcatServletWebServerFactory' (OnClassCondition)
      - found 'session' scope (OnWebApplicationCondition)

   TomcatServletWebServerAutoConfiguration#tomcatServletWebServerFactory matched:
      - @ConditionalOnMissingBean (types: org.springframework.boot.web.server.servlet.ServletWebServerFactory; SearchStrategy: current) did not find any beans (OnBeanCondition)

   TomcatWebServerConfiguration matched:
      - @ConditionalOnWarDeployment the application is not deployed as a WAR file. (OnWarDeploymentCondition)

   TomcatWebServerConfiguration.TomcatWebSocketConfiguration matched:
      - @ConditionalOnClass found required class 'org.apache.tomcat.websocket.server.WsSci' (OnClassCondition)

   WebMvcAutoConfiguration matched:
      - @ConditionalOnClass found required classes 'jakarta.servlet.Servlet', 'org.springframework.web.servlet.DispatcherServlet', 'org.springframework.web.servlet.config.annotation.WebMvcConfigurer' (OnClassCondition)
      - found 'session' scope (OnWebApplicationCondition)
      - @ConditionalOnMissingBean (types: org.springframework.web.servlet.config.annotation.WebMvcConfigurationSupport; SearchStrategy: all) did not find any beans (OnBeanCondition)

   WebMvcAutoConfiguration#formContentFilter matched:
      - @ConditionalOnBooleanProperty (spring.mvc.formcontent.filter.enabled=true) matched (OnPropertyCondition)
      - @ConditionalOnMissingBean (types: org.springframework.web.filter.FormContentFilter; SearchStrategy: all) did not find any beans (OnBeanCondition)

   WebMvcAutoConfiguration.EnableWebMvcConfiguration#flashMapManager matched:
      - @ConditionalOnMissingBean (names: flashMapManager; SearchStrategy: all) did not find any beans (OnBeanCondition)

   WebMvcAutoConfiguration.EnableWebMvcConfiguration#localeResolver matched:
      - @ConditionalOnMissingBean (names: localeResolver; SearchStrategy: all) did not find any beans (OnBeanCondition)

   WebMvcAutoConfiguration.EnableWebMvcConfiguration#viewNameTranslator matched:
      - @ConditionalOnMissingBean (names: viewNameTranslator; SearchStrategy: all) did not find any beans (OnBeanCondition)

   WebMvcAutoConfiguration.WebMvcAutoConfigurationAdapter#defaultViewResolver matched:
      - @ConditionalOnMissingBean (types: org.springframework.web.servlet.view.InternalResourceViewResolver; SearchStrategy: all) did not find any beans (OnBeanCondition)

   WebMvcAutoConfiguration.WebMvcAutoConfigurationAdapter#requestContextFilter matched:
      - @ConditionalOnMissingBean (types: org.springframework.web.context.request.RequestContextListener,org.springframework.web.filter.RequestContextFilter; SearchStrategy: all) did not find any beans (OnBeanCondition)

   WebMvcAutoConfiguration.WebMvcAutoConfigurationAdapter#viewResolver matched:
      - @ConditionalOnBean (types: org.springframework.web.servlet.ViewResolver; SearchStrategy: all) found beans 'defaultViewResolver', 'beanNameViewResolver', 'mvcViewResolver'; @ConditionalOnMissingBean (names: viewResolver types: org.springframework.web.servlet.view.ContentNegotiatingViewResolver; SearchStrategy: all) did not find any beans (OnBeanCondition)


Negative matches:
-----------------

   AopAutoConfiguration.AspectJAutoProxyingConfiguration:
      Did not match:
         - @ConditionalOnClass did not find required class 'org.aspectj.weaver.Advice' (OnClassCondition)

   DispatcherServletAutoConfiguration.DispatcherServletConfiguration#multipartResolver:
      Did not match:
         - @ConditionalOnBean (types: org.springframework.web.multipart.MultipartResolver; SearchStrategy: all) did not find any beans of type org.springframework.web.multipart.MultipartResolver (OnBeanCondition)

   GsonHttpMessageConvertersConfiguration:
      Did not match:
         - @ConditionalOnClass did not find required class 'com.google.gson.Gson' (OnClassCondition)

   Jackson2HttpMessageConvertersConfiguration.MappingJackson2HttpMessageConverterConfiguration:
      Did not match:
         - AnyNestedCondition 0 matched 2 did not; NestedCondition on Jackson2HttpMessageConvertersConfiguration.PreferJackson2OrJacksonUnavailableCondition.JacksonUnavailable @ConditionalOnMissingBean (types: org.springframework.boot.http.converter.autoconfigure.JacksonHttpMessageConvertersConfiguration$JacksonJsonHttpMessageConvertersCustomizer; SearchStrategy: all) found beans of type 'org.springframework.boot.http.converter.autoconfigure.JacksonHttpMessageConvertersConfiguration$JacksonJsonHttpMessageConvertersCustomizer' jacksonJsonHttpMessageConvertersCustomizer; NestedCondition on Jackson2HttpMessageConvertersConfiguration.PreferJackson2OrJacksonUnavailableCondition.Jackson2Preferred @ConditionalOnProperty (spring.http.converters.preferred-json-mapper=jackson2) did not find property 'spring.http.converters.preferred-json-mapper' (Jackson2HttpMessageConvertersConfiguration.PreferJackson2OrJacksonUnavailableCondition)
      Matched:
         - @ConditionalOnClass found required class 'com.fasterxml.jackson.databind.ObjectMapper' (OnClassCondition)

   Jackson2HttpMessageConvertersConfiguration.MappingJackson2XmlHttpMessageConverterConfiguration:
      Did not match:
         - @ConditionalOnClass did not find required class 'com.fasterxml.jackson.dataformat.xml.XmlMapper' (OnClassCondition)

   JacksonAutoConfiguration.CborConfiguration:
      Did not match:
         - @ConditionalOnClass did not find required class 'tools.jackson.dataformat.cbor.CBORMapper' (OnClassCondition)

   JacksonAutoConfiguration.XmlConfiguration:
      Did not match:
         - @ConditionalOnClass did not find required class 'tools.jackson.dataformat.xml.XmlMapper' (OnClassCondition)

   JacksonHttpMessageConvertersConfiguration.JacksonXmlHttpMessageConverterConfiguration:
      Did not match:
         - @ConditionalOnClass did not find required class 'tools.jackson.dataformat.xml.XmlMapper' (OnClassCondition)

   JsonbHttpMessageConvertersConfiguration:
      Did not match:
         - @ConditionalOnClass did not find required class 'jakarta.json.bind.Jsonb' (OnClassCondition)

   KotlinSerializationHttpMessageConvertersConfiguration:
      Did not match:
         - @ConditionalOnClass did not find required classes 'kotlinx.serialization.Serializable', 'kotlinx.serialization.json.Json' (OnClassCondition)

   MessageSourceAutoConfiguration:
      Did not match:
         - ResourceBundle did not find bundle with basename messages (MessageSourceAutoConfiguration.ResourceBundleCondition)

   MultipleOpenApiSupportConfiguration:
      Did not match:
         - AnyNestedCondition 0 matched 2 did not; NestedCondition on MultipleOpenApiSupportCondition.OnActuatorDifferentPort @ConditionalOnProperty (springdoc.show-actuator) did not find property 'springdoc.show-actuator'; NestedCondition on MultipleOpenApiSupportCondition.OnMultipleOpenApiSupportCondition AnyNestedCondition 0 matched 2 did not; NestedCondition on MultipleOpenApiGroupsCondition.OnGroupConfigProperty @ConditionalOnProperty (springdoc.group-configs[0].group) did not find property 'springdoc.group-configs[0].group'; NestedCondition on MultipleOpenApiGroupsCondition.OnGroupedOpenApiBean @ConditionalOnBean (types: org.springdoc.core.models.GroupedOpenApi; SearchStrategy: all) did not find any beans of type org.springdoc.core.models.GroupedOpenApi (MultipleOpenApiSupportCondition)
      Matched:
         - found 'session' scope (OnWebApplicationCondition)
         - @ConditionalOnProperty (springdoc.api-docs.enabled) matched (OnPropertyCondition)

   MultipleOpenApiSupportConfiguration.SpringDocWebMvcActuatorDifferentConfiguration:
      Did not match:
         - @ConditionalOnClass did not find required class 'org.springframework.boot.actuate.endpoint.web.servlet.WebMvcEndpointHandlerMapping' (OnClassCondition)
         - Ancestor org.springdoc.webmvc.core.configuration.MultipleOpenApiSupportConfiguration did not match (ConditionEvaluationReport.AncestorsMatchedCondition)

   ProjectInfoAutoConfiguration#buildProperties:
      Did not match:
         - @ConditionalOnResource did not find resource '${spring.info.build.location:classpath:META-INF/build-info.properties}' (OnResourceCondition)

   ProjectInfoAutoConfiguration#gitProperties:
      Did not match:
         - GitResource did not find git info at classpath:git.properties (ProjectInfoAutoConfiguration.GitResourceAvailableCondition)

   ServletHttpExchangesAutoConfiguration:
      Did not match:
         - @ConditionalOnBean did not find required type 'org.springframework.boot.actuate.web.exchanges.HttpExchangeRepository' (OnBeanCondition)

   ServletManagementContextAutoConfiguration:
      Did not match:
         - @ConditionalOnClass did not find required class 'org.springframework.boot.actuate.autoconfigure.endpoint.web.WebEndpointProperties' (OnClassCondition)

   ServletMappingsAutoConfiguration:
      Did not match:
         - @ConditionalOnClass did not find required class 'org.springframework.boot.actuate.autoconfigure.endpoint.condition.ConditionalOnAvailableEndpoint' (OnClassCondition)

   ServletWebServerConfiguration#forwardedHeaderFilter:
      Did not match:
         - @ConditionalOnProperty (server.forward-headers-strategy=framework) did not find property 'server.forward-headers-strategy' (OnPropertyCondition)

   SpringDocConfiguration#propertiesResolverForSchema:
      Did not match:
         - @ConditionalOnProperty (springdoc.api-docs.resolve-schema-properties) did not find property 'springdoc.api-docs.resolve-schema-properties' (OnPropertyCondition)

   SpringDocConfiguration#propertyCustomizingConverter:
      Did not match:
         - @ConditionalOnBean (types: org.springdoc.core.customizers.PropertyCustomizer; SearchStrategy: all) did not find any beans of type org.springdoc.core.customizers.PropertyCustomizer (OnBeanCondition)

   SpringDocConfiguration#springdocBeanFactoryPostProcessor:
      Did not match:
         - AnyNestedCondition 0 matched 2 did not; NestedCondition on CacheOrGroupedOpenApiCondition.OnCacheDisabled found non-matching nested conditions @ConditionalOnProperty (springdoc.cache.disabled) did not find property 'springdoc.cache.disabled'; NestedCondition on CacheOrGroupedOpenApiCondition.OnMultipleOpenApiSupportCondition AnyNestedCondition 0 matched 2 did not; NestedCondition on MultipleOpenApiSupportCondition.OnActuatorDifferentPort @ConditionalOnProperty (springdoc.show-actuator) did not find property 'springdoc.show-actuator'; NestedCondition on MultipleOpenApiSupportCondition.OnMultipleOpenApiSupportCondition AnyNestedCondition 0 matched 2 did not; NestedCondition on MultipleOpenApiGroupsCondition.OnGroupConfigProperty @ConditionalOnProperty (springdoc.group-configs[0].group) did not find property 'springdoc.group-configs[0].group'; NestedCondition on MultipleOpenApiGroupsCondition.OnGroupedOpenApiBean @ConditionalOnBean (types: org.springdoc.core.models.GroupedOpenApi; SearchStrategy: all) did not find any beans of type org.springdoc.core.models.GroupedOpenApi (CacheOrGroupedOpenApiCondition)
      Matched:
         - @ConditionalOnClass found required class 'org.springframework.boot.context.properties.bind.BindResult' (OnClassCondition)

   SpringDocConfiguration#springdocBeanFactoryPostProcessor2:
      Did not match:
         - @ConditionalOnMissingClass found unwanted class 'org.springframework.boot.context.properties.bind.BindResult' (OnClassCondition)

   SpringDocConfiguration.QuerydslProvider:
      Did not match:
         - @ConditionalOnClass did not find required class 'org.springframework.data.querydsl.binding.QuerydslBindingsFactory' (OnClassCondition)

   SpringDocConfiguration.SpringDocActuatorConfiguration:
      Did not match:
         - @ConditionalOnClass did not find required class 'org.springframework.boot.actuate.autoconfigure.endpoint.web.WebEndpointProperties' (OnClassCondition)

   SpringDocConfiguration.SpringDocRepositoryRestConfiguration:
      Did not match:
         - @ConditionalOnClass did not find required class 'org.springframework.data.rest.core.config.RepositoryRestConfiguration' (OnClassCondition)

   SpringDocConfiguration.SpringDocSpringDataWebPropertiesProvider:
      Did not match:
         - @ConditionalOnClass did not find required class 'org.springframework.boot.autoconfigure.data.web.SpringDataWebProperties' (OnClassCondition)

   SpringDocConfiguration.SpringDocWebFluxSupportConfiguration:
      Did not match:
         - @ConditionalOnClass did not find required class 'reactor.core.publisher.Flux' (OnClassCondition)

   SpringDocDataRestConfiguration:
      Did not match:
         - @ConditionalOnClass did not find required class 'org.springframework.data.rest.core.config.RepositoryRestConfiguration' (OnClassCondition)

   SpringDocFunctionCatalogConfiguration:
      Did not match:
         - @ConditionalOnClass did not find required class 'org.springframework.cloud.function.web.function.FunctionEndpointInitializer' (OnClassCondition)

   SpringDocGroovyConfiguration:
      Did not match:
         - @ConditionalOnClass did not find required class 'groovy.lang.MetaClass' (OnClassCondition)

   SpringDocHateoasConfiguration:
      Did not match:
         - @ConditionalOnClass did not find required class 'org.springframework.hateoas.server.LinkRelationProvider' (OnClassCondition)

   SpringDocJacksonKotlinModuleConfiguration:
      Did not match:
         - @ConditionalOnClass did not find required class 'com.fasterxml.jackson.module.kotlin.KotlinModule' (OnClassCondition)

   SpringDocJavadocConfiguration:
      Did not match:
         - @ConditionalOnClass did not find required class 'com.github.therapi.runtimejavadoc.CommentFormatter' (OnClassCondition)

   SpringDocKotlinConfiguration:
      Did not match:
         - @ConditionalOnClass did not find required class 'kotlin.coroutines.Continuation' (OnClassCondition)

   SpringDocKotlinxConfiguration:
      Did not match:
         - @ConditionalOnClass did not find required class 'kotlinx.coroutines.flow.Flow' (OnClassCondition)

   SpringDocPageableConfiguration:
      Did not match:
         - @ConditionalOnClass did not find required class 'org.springframework.data.domain.Pageable' (OnClassCondition)

   SpringDocSecurityConfiguration:
      Did not match:
         - @ConditionalOnClass did not find required class 'org.springframework.security.web.SecurityFilterChain' (OnClassCondition)

   SpringDocSortConfiguration:
      Did not match:
         - @ConditionalOnClass did not find required class 'org.springframework.data.domain.Sort' (OnClassCondition)

   SpringDocWebMvcConfiguration.SpringDocWebMvcActuatorConfiguration:
      Did not match:
         - @ConditionalOnClass did not find required class 'org.springframework.boot.actuate.endpoint.web.servlet.WebMvcEndpointHandlerMapping' (OnClassCondition)

   SwaggerConfig#springWebProvider:
      Did not match:
         - @ConditionalOnMissingBean (types: org.springdoc.core.providers.SpringWebProvider; SearchStrategy: all) found beans of type 'org.springdoc.core.providers.SpringWebProvider' springWebProvider (OnBeanCondition)

   SwaggerConfig#swaggerUiConfigParameters:
      Did not match:
         - @ConditionalOnMissingBean (types: org.springdoc.core.properties.SwaggerUiConfigParameters; SearchStrategy: all) found beans of type 'org.springdoc.core.properties.SwaggerUiConfigParameters' org.springdoc.core.properties.SwaggerUiConfigParameters (OnBeanCondition)

   SwaggerConfig#swaggerUiHome:
      Did not match:
         - @ConditionalOnProperty (springdoc.swagger-ui.use-root-path=true) did not find property 'springdoc.swagger-ui.use-root-path' (OnPropertyCondition)

   SwaggerConfig.SwaggerActuatorWelcomeConfiguration:
      Did not match:
         - @ConditionalOnClass did not find required class 'org.springframework.boot.actuate.endpoint.web.servlet.WebMvcEndpointHandlerMapping' (OnClassCondition)

   TaskExecutorConfigurations.AsyncConfigurerWrapperConfiguration:
      Did not match:
         - @ConditionalOnBean (types: org.springframework.scheduling.annotation.AsyncConfigurer; SearchStrategy: all) did not find any beans of type org.springframework.scheduling.annotation.AsyncConfigurer (OnBeanCondition)

   TaskExecutorConfigurations.SimpleAsyncTaskExecutorBuilderConfiguration#simpleAsyncTaskExecutorBuilderVirtualThreads:
      Did not match:
         - @ConditionalOnMissingBean (types: org.springframework.boot.task.SimpleAsyncTaskExecutorBuilder; SearchStrategy: all) found beans of type 'org.springframework.boot.task.SimpleAsyncTaskExecutorBuilder' simpleAsyncTaskExecutorBuilder (OnBeanCondition)

   TaskExecutorConfigurations.TaskExecutorConfiguration#applicationTaskExecutorVirtualThreads:
      Did not match:
         - @ConditionalOnThreading did not find VIRTUAL (OnThreadingCondition)

   TaskSchedulingAutoConfiguration#scheduledBeanLazyInitializationExcludeFilter:
      Did not match:
         - @ConditionalOnBean (names: org.springframework.scheduling.config.internalScheduledAnnotationProcessor; SearchStrategy: all) did not find any beans named org.springframework.scheduling.config.internalScheduledAnnotationProcessor (OnBeanCondition)

   TaskSchedulingConfigurations.SimpleAsyncTaskSchedulerBuilderConfiguration#simpleAsyncTaskSchedulerBuilderVirtualThreads:
      Did not match:
         - @ConditionalOnMissingBean (types: org.springframework.boot.task.SimpleAsyncTaskSchedulerBuilder; SearchStrategy: all) found beans of type 'org.springframework.boot.task.SimpleAsyncTaskSchedulerBuilder' simpleAsyncTaskSchedulerBuilder (OnBeanCondition)

   TaskSchedulingConfigurations.TaskSchedulerConfiguration:
      Did not match:
         - @ConditionalOnBean (names: org.springframework.scheduling.config.internalScheduledAnnotationProcessor; SearchStrategy: all) did not find any beans named org.springframework.scheduling.config.internalScheduledAnnotationProcessor (OnBeanCondition)

   TomcatMetricsAutoConfiguration:
      Did not match:
         - @ConditionalOnClass did not find required class 'io.micrometer.core.instrument.binder.tomcat.TomcatMetrics' (OnClassCondition)

   TomcatReactiveManagementContextAutoConfiguration:
      Did not match:
         - @ConditionalOnClass did not find required class 'org.springframework.boot.actuate.autoconfigure.web.server.ManagementContextFactory' (OnClassCondition)

   TomcatReactiveWebServerAutoConfiguration:
      Did not match:
         - @ConditionalOnWebApplication did not find reactive web application classes (OnWebApplicationCondition)

   TomcatServletManagementContextAutoConfiguration:
      Did not match:
         - @ConditionalOnClass did not find required class 'org.springframework.boot.actuate.autoconfigure.web.server.ManagementContextFactory' (OnClassCondition)

   TomcatServletWebServerAutoConfiguration#tomcatForwardedHeaderFilterCustomizer:
      Did not match:
         - @ConditionalOnProperty (server.forward-headers-strategy=framework) did not find property 'server.forward-headers-strategy' (OnPropertyCondition)

   TomcatWebServerConfiguration#tomcatVirtualThreadsProtocolHandlerCustomizer:
      Did not match:
         - @ConditionalOnThreading did not find VIRTUAL (OnThreadingCondition)

   WebMvcAutoConfiguration#hiddenHttpMethodFilter:
      Did not match:
         - @ConditionalOnBooleanProperty (spring.mvc.hiddenmethod.filter.enabled=true) did not find property 'spring.mvc.hiddenmethod.filter.enabled' (OnPropertyCondition)

   WebMvcAutoConfiguration.ProblemDetailsErrorHandlingConfiguration:
      Did not match:
         - @ConditionalOnBooleanProperty (spring.mvc.problemdetails.enabled=true) did not find property 'spring.mvc.problemdetails.enabled' (OnPropertyCondition)

   WebMvcAutoConfiguration.ResourceChainCustomizerConfiguration:
      Did not match:
         - @ConditionalOnEnabledResourceChain did not find class org.webjars.WebJarVersionLocator (OnEnabledResourceChainCondition)

   WebMvcAutoConfiguration.WebMvcAutoConfigurationAdapter#beanNameViewResolver:
      Did not match:
         - @ConditionalOnMissingBean (types: org.springframework.web.servlet.view.BeanNameViewResolver; SearchStrategy: all) found beans of type 'org.springframework.web.servlet.view.BeanNameViewResolver' beanNameViewResolver (OnBeanCondition)

   WebMvcHealthEndpointExtensionAutoConfiguration:
      Did not match:
         - @ConditionalOnClass did not find required class 'org.springframework.boot.health.actuate.endpoint.HealthEndpoint' (OnClassCondition)

   WebMvcMappingsAutoConfiguration:
      Did not match:
         - @ConditionalOnClass did not find required class 'org.springframework.boot.actuate.autoconfigure.endpoint.condition.ConditionalOnAvailableEndpoint' (OnClassCondition)

   WebMvcObservationAutoConfiguration:
      Did not match:
         - @ConditionalOnClass did not find required class 'org.springframework.boot.micrometer.observation.autoconfigure.ObservationProperties' (OnClassCondition)


Exclusions:
-----------

    None


Unconditional classes:
----------------------

    org.springframework.boot.autoconfigure.context.ConfigurationPropertiesAutoConfiguration

    org.springframework.boot.autoconfigure.ssl.SslAutoConfiguration

    org.springframework.boot.autoconfigure.context.LifecycleAutoConfiguration

    org.springframework.boot.autoconfigure.context.PropertyPlaceholderAutoConfiguration

    org.springframework.boot.autoconfigure.availability.ApplicationAvailabilityAutoConfiguration

    org.springframework.boot.autoconfigure.info.ProjectInfoAutoConfiguration



27-03-2026 17:55:21 org.springframework.boot.availability.ApplicationAvailabilityBean.onApplicationEvent - Application availability state LivenessState changed to CORRECT
27-03-2026 17:55:21 org.springframework.boot.availability.ApplicationAvailabilityBean.onApplicationEvent - Application availability state ReadinessState changed to ACCEPTING_TRAFFIC
27-03-2026 18:03:38 org.springframework.boot.admin.SpringApplicationAdminMXBeanRegistrar$SpringApplicationAdmin.shutdown - Application shutdown requested.
27-03-2026 18:03:38 org.springframework.boot.availability.ApplicationAvailabilityBean.onApplicationEvent - Application availability state ReadinessState changed from ACCEPTING_TRAFFIC to REFUSING_TRAFFIC
27-03-2026 18:03:38 org.springframework.context.support.AbstractApplicationContext.doClose - Closing org.springframework.boot.web.server.servlet.context.AnnotationConfigServletWebServerApplicationContext@46cc127b, started on Fri Mar 27 17:55:20 CET 2026
27-03-2026 18:03:38 org.springframework.context.support.DefaultLifecycleProcessor$LifecycleGroup.stop - Stopping beans in phase 2147482623
27-03-2026 18:03:38 org.springframework.boot.tomcat.GracefulShutdown.shutDownGracefully - Commencing graceful shutdown. Waiting for active requests to complete
27-03-2026 18:03:38 org.apache.juli.logging.DirectJDKLog.log - Pausing ProtocolHandler ["http-nio-8080"]
27-03-2026 18:03:38 org.springframework.boot.tomcat.GracefulShutdown.doShutdown - Graceful shutdown complete
27-03-2026 18:03:38 org.springframework.context.support.DefaultLifecycleProcessor.lambda$doStop$0 - Bean 'webServerGracefulShutdown' completed its stop procedure
27-03-2026 18:03:38 org.springframework.context.support.DefaultLifecycleProcessor$LifecycleGroup.stop - Stopping beans in phase 2147481599
27-03-2026 18:03:38 org.apache.juli.logging.DirectJDKLog.log - Stopping ProtocolHandler ["http-nio-8080"]
27-03-2026 18:03:38 org.springframework.context.support.DefaultLifecycleProcessor.lambda$doStop$0 - Bean 'webServerStartStop' completed its stop procedure
27-03-2026 18:03:38 org.springframework.context.support.DefaultLifecycleProcessor$LifecycleGroup.stop - Stopping beans in phase 1073741823
27-03-2026 18:03:38 org.springframework.context.support.DefaultLifecycleProcessor.lambda$doStop$0 - Bean 'applicationTaskExecutor' completed its stop procedure
27-03-2026 18:03:38 org.springframework.context.support.DefaultLifecycleProcessor$LifecycleGroup.stop - Stopping beans in phase -2147483647
27-03-2026 18:03:38 org.springframework.context.support.DefaultLifecycleProcessor.lambda$doStop$0 - Bean 'springBootLoggingLifecycle' completed its stop procedure
27-03-2026 18:03:38 org.springframework.jmx.export.MBeanExporter.destroy - Unregistering JMX-exposed beans on shutdown
27-03-2026 18:03:38 org.springframework.scheduling.concurrent.ExecutorConfigurationSupport.shutdown - Shutting down ExecutorService 'applicationTaskExecutor'
27-03-2026 18:03:50 org.springframework.boot.StartupInfoLogger.logStarting - Starting MicdlEtlApplication using Java 21.0.9 with PID 17456 (C:\Users\biagi\OneDrive\Documents\sts_workspace_etl\micdl-etl\target\classes started by biagi in C:\Users\biagi\OneDrive\Documents\sts_workspace_etl\micdl-etl)
27-03-2026 18:03:50 org.springframework.boot.StartupInfoLogger.logStarting - Running with Spring Boot v4.0.5, Spring v7.0.6
27-03-2026 18:03:50 org.springframework.boot.SpringApplication.logStartupProfileInfo - No active profile set, falling back to 1 default profile: "default"
27-03-2026 18:03:50 org.springframework.boot.SpringApplication.load - Loading source class it.almaviva.mic.etl.MicdlEtlApplication
27-03-2026 18:03:50 org.springframework.context.support.AbstractApplicationContext.prepareRefresh - Refreshing org.springframework.boot.web.server.servlet.context.AnnotationConfigServletWebServerApplicationContext@579d011c
27-03-2026 18:03:50 org.springframework.beans.factory.support.DefaultSingletonBeanRegistry.getSingleton - Creating shared instance of singleton bean 'org.springframework.context.annotation.internalConfigurationAnnotationProcessor'
27-03-2026 18:03:50 org.springframework.beans.factory.support.DefaultSingletonBeanRegistry.getSingleton - Creating shared instance of singleton bean 'org.springframework.boot.autoconfigure.internalCachingMetadataReaderFactory'
27-03-2026 18:03:50 org.springframework.context.annotation.ClassPathScanningCandidateComponentProvider.scanCandidateComponents - Identified candidate component class: file [C:\Users\biagi\OneDrive\Documents\sts_workspace_etl\micdl-etl\target\classes\it\almaviva\mic\etl\config\SwaggerConfig.class]
27-03-2026 18:03:50 org.springframework.context.annotation.ClassPathScanningCandidateComponentProvider.scanCandidateComponents - Identified candidate component class: file [C:\Users\biagi\OneDrive\Documents\sts_workspace_etl\micdl-etl\target\classes\it\almaviva\mic\etl\controller\CaricamentoDatiController.class]
27-03-2026 18:03:51 org.springframework.beans.factory.support.DefaultSingletonBeanRegistry.getSingleton - Creating shared instance of singleton bean 'propertySourcesPlaceholderConfigurer'
27-03-2026 18:03:51 org.springframework.beans.factory.support.DefaultSingletonBeanRegistry.getSingleton - Creating shared instance of singleton bean 'org.springframework.context.event.internalEventListenerProcessor'
27-03-2026 18:03:51 org.springframework.beans.factory.support.DefaultSingletonBeanRegistry.getSingleton - Creating shared instance of singleton bean 'bootstrapExecutorAliasPostProcessor'
27-03-2026 18:03:51 org.springframework.beans.factory.support.DefaultSingletonBeanRegistry.getSingleton - Creating shared instance of singleton bean 'preserveErrorControllerTargetClassPostProcessor'
27-03-2026 18:03:51 org.springframework.beans.factory.support.DefaultSingletonBeanRegistry.getSingleton - Creating shared instance of singleton bean 'forceAutoProxyCreatorToUseClassProxying'
27-03-2026 18:03:51 org.springframework.beans.factory.support.DefaultSingletonBeanRegistry.getSingleton - Creating shared instance of singleton bean 'org.springframework.context.event.internalEventListenerFactory'
27-03-2026 18:03:51 org.springframework.beans.factory.support.DefaultSingletonBeanRegistry.getSingleton - Creating shared instance of singleton bean 'org.springframework.context.annotation.internalAutowiredAnnotationProcessor'
27-03-2026 18:03:51 org.springframework.beans.factory.support.DefaultSingletonBeanRegistry.getSingleton - Creating shared instance of singleton bean 'org.springframework.context.annotation.internalCommonAnnotationProcessor'
27-03-2026 18:03:51 org.springframework.beans.factory.support.DefaultSingletonBeanRegistry.getSingleton - Creating shared instance of singleton bean 'org.springframework.boot.context.properties.ConfigurationPropertiesBindingPostProcessor'
27-03-2026 18:03:51 org.springframework.beans.factory.support.DefaultSingletonBeanRegistry.getSingleton - Creating shared instance of singleton bean 'org.springframework.boot.context.internalConfigurationPropertiesBinder'
27-03-2026 18:03:51 org.springframework.beans.factory.support.DefaultSingletonBeanRegistry.getSingleton - Creating shared instance of singleton bean 'org.springframework.aop.config.internalAutoProxyCreator'
27-03-2026 18:03:51 org.springframework.beans.factory.support.DefaultSingletonBeanRegistry.getSingleton - Creating shared instance of singleton bean 'org.springframework.aop.framework.autoproxy.defaultProxyConfig'
27-03-2026 18:03:51 org.springframework.beans.factory.support.DefaultSingletonBeanRegistry.getSingleton - Creating shared instance of singleton bean 'webServerFactoryCustomizerBeanPostProcessor'
27-03-2026 18:03:51 org.springframework.beans.factory.support.DefaultSingletonBeanRegistry.getSingleton - Creating shared instance of singleton bean 'errorPageRegistrarBeanPostProcessor'
27-03-2026 18:03:51 org.springframework.beans.factory.support.DefaultSingletonBeanRegistry.getSingleton - Creating shared instance of singleton bean 'tomcatServletWebServerFactory'
27-03-2026 18:03:51 org.springframework.beans.factory.support.DefaultSingletonBeanRegistry.getSingleton - Creating shared instance of singleton bean 'org.springframework.boot.tomcat.autoconfigure.servlet.TomcatServletWebServerAutoConfiguration'
27-03-2026 18:03:51 org.springframework.beans.factory.support.DefaultSingletonBeanRegistry.getSingleton - Creating shared instance of singleton bean 'server.tomcat-org.springframework.boot.tomcat.autoconfigure.TomcatServerProperties'
27-03-2026 18:03:51 org.springframework.beans.factory.support.DefaultSingletonBeanRegistry.getSingleton - Creating shared instance of singleton bean 'org.springframework.boot.context.properties.BoundConfigurationProperties'
27-03-2026 18:03:51 org.springframework.beans.factory.support.ConstructorResolver.registerDependentBeans - Autowiring by type from bean name 'org.springframework.boot.tomcat.autoconfigure.servlet.TomcatServletWebServerAutoConfiguration' via constructor to bean named 'server.tomcat-org.springframework.boot.tomcat.autoconfigure.TomcatServerProperties'
27-03-2026 18:03:51 org.springframework.beans.factory.support.DefaultSingletonBeanRegistry.getSingleton - Creating shared instance of singleton bean 'servletWebServerFactoryCustomizer'
27-03-2026 18:03:51 org.springframework.beans.factory.support.DefaultSingletonBeanRegistry.getSingleton - Creating shared instance of singleton bean 'org.springframework.boot.web.server.autoconfigure.servlet.ServletWebServerConfiguration'
27-03-2026 18:03:51 org.springframework.beans.factory.support.DefaultSingletonBeanRegistry.getSingleton - Creating shared instance of singleton bean 'server-org.springframework.boot.web.server.autoconfigure.ServerProperties'
27-03-2026 18:03:51 org.springframework.beans.factory.support.ConstructorResolver.registerDependentBeans - Autowiring by type from bean name 'servletWebServerFactoryCustomizer' via factory method to bean named 'server-org.springframework.boot.web.server.autoconfigure.ServerProperties'
27-03-2026 18:03:51 org.springframework.beans.factory.support.DefaultSingletonBeanRegistry.getSingleton - Creating shared instance of singleton bean 'sslBundleRegistry'
27-03-2026 18:03:51 org.springframework.beans.factory.support.DefaultSingletonBeanRegistry.getSingleton - Creating shared instance of singleton bean 'org.springframework.boot.autoconfigure.ssl.SslAutoConfiguration'
27-03-2026 18:03:51 org.springframework.beans.factory.support.DefaultSingletonBeanRegistry.getSingleton - Creating shared instance of singleton bean 'spring.ssl-org.springframework.boot.autoconfigure.ssl.SslProperties'
27-03-2026 18:03:51 org.springframework.beans.factory.support.ConstructorResolver.registerDependentBeans - Autowiring by type from bean name 'org.springframework.boot.autoconfigure.ssl.SslAutoConfiguration' via constructor to bean named 'org.springframework.boot.web.server.servlet.context.AnnotationConfigServletWebServerApplicationContext@579d011c'
27-03-2026 18:03:51 org.springframework.beans.factory.support.ConstructorResolver.registerDependentBeans - Autowiring by type from bean name 'org.springframework.boot.autoconfigure.ssl.SslAutoConfiguration' via constructor to bean named 'spring.ssl-org.springframework.boot.autoconfigure.ssl.SslProperties'
27-03-2026 18:03:51 org.springframework.beans.factory.support.DefaultSingletonBeanRegistry.getSingleton - Creating shared instance of singleton bean 'sslPropertiesSslBundleRegistrar'
27-03-2026 18:03:51 org.springframework.beans.factory.support.DefaultSingletonBeanRegistry.getSingleton - Creating shared instance of singleton bean 'fileWatcher'
27-03-2026 18:03:51 org.springframework.beans.factory.support.ConstructorResolver.registerDependentBeans - Autowiring by type from bean name 'sslPropertiesSslBundleRegistrar' via factory method to bean named 'fileWatcher'
27-03-2026 18:03:51 org.springframework.beans.factory.support.DefaultSingletonBeanRegistry.getSingleton - Creating shared instance of singleton bean 'webSocketWebServerCustomizer'
27-03-2026 18:03:51 org.springframework.beans.factory.support.DefaultSingletonBeanRegistry.getSingleton - Creating shared instance of singleton bean 'org.springframework.boot.tomcat.autoconfigure.TomcatWebServerConfiguration$TomcatWebSocketConfiguration'
27-03-2026 18:03:51 org.springframework.beans.factory.support.DefaultSingletonBeanRegistry.getSingleton - Creating shared instance of singleton bean 'tomcatWebServerFactoryCustomizer'
27-03-2026 18:03:51 org.springframework.beans.factory.support.DefaultSingletonBeanRegistry.getSingleton - Creating shared instance of singleton bean 'org.springframework.boot.tomcat.autoconfigure.TomcatWebServerConfiguration'
27-03-2026 18:03:51 org.springframework.beans.factory.support.DefaultSingletonBeanRegistry.getSingleton - Creating shared instance of singleton bean 'spring.web-org.springframework.boot.autoconfigure.web.WebProperties'
27-03-2026 18:03:51 org.springframework.beans.factory.support.ConstructorResolver.registerDependentBeans - Autowiring by type from bean name 'tomcatWebServerFactoryCustomizer' via factory method to bean named 'environment'
27-03-2026 18:03:51 org.springframework.beans.factory.support.ConstructorResolver.registerDependentBeans - Autowiring by type from bean name 'tomcatWebServerFactoryCustomizer' via factory method to bean named 'server-org.springframework.boot.web.server.autoconfigure.ServerProperties'
27-03-2026 18:03:51 org.springframework.beans.factory.support.ConstructorResolver.registerDependentBeans - Autowiring by type from bean name 'tomcatWebServerFactoryCustomizer' via factory method to bean named 'server.tomcat-org.springframework.boot.tomcat.autoconfigure.TomcatServerProperties'
27-03-2026 18:03:51 org.springframework.beans.factory.support.ConstructorResolver.registerDependentBeans - Autowiring by type from bean name 'tomcatWebServerFactoryCustomizer' via factory method to bean named 'spring.web-org.springframework.boot.autoconfigure.web.WebProperties'
27-03-2026 18:03:51 org.springframework.beans.factory.support.DefaultSingletonBeanRegistry.getSingleton - Creating shared instance of singleton bean 'tomcatServletWebServerFactoryCustomizer'
27-03-2026 18:03:51 org.springframework.beans.factory.support.ConstructorResolver.registerDependentBeans - Autowiring by type from bean name 'tomcatServletWebServerFactoryCustomizer' via factory method to bean named 'server.tomcat-org.springframework.boot.tomcat.autoconfigure.TomcatServerProperties'
27-03-2026 18:03:51 org.springframework.beans.factory.support.DefaultSingletonBeanRegistry.getSingleton - Creating shared instance of singleton bean 'errorPageCustomizer'
27-03-2026 18:03:51 org.springframework.beans.factory.support.DefaultSingletonBeanRegistry.getSingleton - Creating shared instance of singleton bean 'org.springframework.boot.webmvc.autoconfigure.error.ErrorMvcAutoConfiguration'
27-03-2026 18:03:51 org.springframework.beans.factory.support.ConstructorResolver.registerDependentBeans - Autowiring by type from bean name 'org.springframework.boot.webmvc.autoconfigure.error.ErrorMvcAutoConfiguration' via constructor to bean named 'spring.web-org.springframework.boot.autoconfigure.web.WebProperties'
27-03-2026 18:03:51 org.springframework.beans.factory.support.DefaultSingletonBeanRegistry.getSingleton - Creating shared instance of singleton bean 'dispatcherServletRegistration'
27-03-2026 18:03:51 org.springframework.beans.factory.support.DefaultSingletonBeanRegistry.getSingleton - Creating shared instance of singleton bean 'org.springframework.boot.webmvc.autoconfigure.DispatcherServletAutoConfiguration$DispatcherServletRegistrationConfiguration'
27-03-2026 18:03:51 org.springframework.beans.factory.support.DefaultSingletonBeanRegistry.getSingleton - Creating shared instance of singleton bean 'dispatcherServlet'
27-03-2026 18:03:51 org.springframework.beans.factory.support.DefaultSingletonBeanRegistry.getSingleton - Creating shared instance of singleton bean 'org.springframework.boot.webmvc.autoconfigure.DispatcherServletAutoConfiguration$DispatcherServletConfiguration'
27-03-2026 18:03:51 org.springframework.beans.factory.support.DefaultSingletonBeanRegistry.getSingleton - Creating shared instance of singleton bean 'spring.mvc-org.springframework.boot.webmvc.autoconfigure.WebMvcProperties'
27-03-2026 18:03:51 org.springframework.beans.factory.support.ConstructorResolver.registerDependentBeans - Autowiring by type from bean name 'dispatcherServlet' via factory method to bean named 'spring.mvc-org.springframework.boot.webmvc.autoconfigure.WebMvcProperties'
27-03-2026 18:03:51 org.springframework.beans.factory.support.ConstructorResolver.registerDependentBeans - Autowiring by type from bean name 'dispatcherServletRegistration' via factory method to bean named 'dispatcherServlet'
27-03-2026 18:03:51 org.springframework.beans.factory.support.ConstructorResolver.registerDependentBeans - Autowiring by type from bean name 'dispatcherServletRegistration' via factory method to bean named 'spring.mvc-org.springframework.boot.webmvc.autoconfigure.WebMvcProperties'
27-03-2026 18:03:51 org.springframework.beans.factory.support.DefaultSingletonBeanRegistry.getSingleton - Creating shared instance of singleton bean 'multipartConfigElement'
27-03-2026 18:03:51 org.springframework.beans.factory.support.DefaultSingletonBeanRegistry.getSingleton - Creating shared instance of singleton bean 'org.springframework.boot.servlet.autoconfigure.MultipartAutoConfiguration'
27-03-2026 18:03:51 org.springframework.beans.factory.support.DefaultSingletonBeanRegistry.getSingleton - Creating shared instance of singleton bean 'spring.servlet.multipart-org.springframework.boot.servlet.autoconfigure.MultipartProperties'
27-03-2026 18:03:51 org.springframework.beans.factory.support.ConstructorResolver.registerDependentBeans - Autowiring by type from bean name 'org.springframework.boot.servlet.autoconfigure.MultipartAutoConfiguration' via constructor to bean named 'spring.servlet.multipart-org.springframework.boot.servlet.autoconfigure.MultipartProperties'
27-03-2026 18:03:51 org.springframework.beans.factory.support.ConstructorResolver.registerDependentBeans - Autowiring by type from bean name 'errorPageCustomizer' via factory method to bean named 'dispatcherServletRegistration'
27-03-2026 18:03:51 org.springframework.boot.web.server.servlet.DocumentRoot.getArchiveFileDocumentRoot - Code archive: C:\Users\biagi\.m2\repository\org\springframework\boot\spring-boot-web-server\4.0.5\spring-boot-web-server-4.0.5.jar
27-03-2026 18:03:51 org.springframework.boot.web.server.servlet.DocumentRoot.getExplodedWarFileDocumentRoot - Code archive: C:\Users\biagi\.m2\repository\org\springframework\boot\spring-boot-web-server\4.0.5\spring-boot-web-server-4.0.5.jar
27-03-2026 18:03:51 org.springframework.boot.web.server.servlet.DocumentRoot.logNoDocumentRoots - None of the document roots [src/main/webapp, public, static] point to a directory and will be ignored.
27-03-2026 18:03:51 org.springframework.boot.tomcat.TomcatWebServer.initialize - Tomcat initialized with port 8080 (http)
27-03-2026 18:03:51 org.apache.juli.logging.DirectJDKLog.log - Initializing ProtocolHandler ["http-nio-8080"]
27-03-2026 18:03:51 org.apache.juli.logging.DirectJDKLog.log - Starting service [Tomcat]
27-03-2026 18:03:51 org.apache.juli.logging.DirectJDKLog.log - Starting Servlet engine: [Apache Tomcat/11.0.20]
27-03-2026 18:03:51 org.springframework.boot.web.context.servlet.WebApplicationContextInitializer.prepareWebApplicationContext - Published root WebApplicationContext as ServletContext attribute with name [org.springframework.web.context.WebApplicationContext.ROOT]
27-03-2026 18:03:51 org.springframework.boot.web.context.servlet.WebApplicationContextInitializer.prepareWebApplicationContext - Root WebApplicationContext: initialization completed in 1058 ms
27-03-2026 18:03:51 org.springframework.beans.factory.support.DefaultSingletonBeanRegistry.getSingleton - Creating shared instance of singleton bean 'requestContextFilter'
27-03-2026 18:03:51 org.springframework.beans.factory.support.DefaultSingletonBeanRegistry.getSingleton - Creating shared instance of singleton bean 'formContentFilter'
27-03-2026 18:03:51 org.springframework.beans.factory.support.DefaultSingletonBeanRegistry.getSingleton - Creating shared instance of singleton bean 'org.springframework.boot.webmvc.autoconfigure.WebMvcAutoConfiguration'
27-03-2026 18:03:51 org.springframework.beans.factory.support.DefaultSingletonBeanRegistry.getSingleton - Creating shared instance of singleton bean 'characterEncodingFilter'
27-03-2026 18:03:51 org.springframework.beans.factory.support.DefaultSingletonBeanRegistry.getSingleton - Creating shared instance of singleton bean 'org.springframework.boot.servlet.autoconfigure.HttpEncodingAutoConfiguration'
27-03-2026 18:03:51 org.springframework.beans.factory.support.DefaultSingletonBeanRegistry.getSingleton - Creating shared instance of singleton bean 'spring.servlet.encoding-org.springframework.boot.servlet.autoconfigure.ServletEncodingProperties'
27-03-2026 18:03:51 org.springframework.beans.factory.support.ConstructorResolver.registerDependentBeans - Autowiring by type from bean name 'characterEncodingFilter' via factory method to bean named 'spring.servlet.encoding-org.springframework.boot.servlet.autoconfigure.ServletEncodingProperties'
27-03-2026 18:03:51 org.springframework.boot.web.servlet.ServletContextInitializerBeans.logMappings - Mapping filters: characterEncodingFilter urls=[/*] order=-2147483648, formContentFilter urls=[/*] order=-9900, requestContextFilter urls=[/*] order=-105
27-03-2026 18:03:51 org.springframework.boot.web.servlet.ServletContextInitializerBeans.logMappings - Mapping servlets: dispatcherServlet urls=[/]
27-03-2026 18:03:51 org.springframework.web.filter.GenericFilterBean.init - Filter 'requestContextFilter' configured for use
27-03-2026 18:03:51 org.springframework.web.filter.GenericFilterBean.init - Filter 'characterEncodingFilter' configured for use
27-03-2026 18:03:51 org.springframework.web.filter.GenericFilterBean.init - Filter 'formContentFilter' configured for use
27-03-2026 18:03:51 org.springframework.beans.factory.support.DefaultSingletonBeanRegistry.getSingleton - Creating shared instance of singleton bean 'applicationTaskExecutor'
27-03-2026 18:03:51 org.springframework.beans.factory.support.DefaultSingletonBeanRegistry.getSingleton - Creating shared instance of singleton bean 'org.springframework.boot.autoconfigure.task.TaskExecutorConfigurations$TaskExecutorConfiguration'
27-03-2026 18:03:51 org.springframework.beans.factory.support.DefaultSingletonBeanRegistry.getSingleton - Creating shared instance of singleton bean 'threadPoolTaskExecutorBuilder'
27-03-2026 18:03:51 org.springframework.beans.factory.support.DefaultSingletonBeanRegistry.getSingleton - Creating shared instance of singleton bean 'org.springframework.boot.autoconfigure.task.TaskExecutorConfigurations$ThreadPoolTaskExecutorBuilderConfiguration'
27-03-2026 18:03:51 org.springframework.beans.factory.support.DefaultSingletonBeanRegistry.getSingleton - Creating shared instance of singleton bean 'spring.task.execution-org.springframework.boot.autoconfigure.task.TaskExecutionProperties'
27-03-2026 18:03:51 org.springframework.beans.factory.support.ConstructorResolver.registerDependentBeans - Autowiring by type from bean name 'threadPoolTaskExecutorBuilder' via factory method to bean named 'spring.task.execution-org.springframework.boot.autoconfigure.task.TaskExecutionProperties'
27-03-2026 18:03:51 org.springframework.beans.factory.support.ConstructorResolver.registerDependentBeans - Autowiring by type from bean name 'applicationTaskExecutor' via factory method to bean named 'threadPoolTaskExecutorBuilder'
27-03-2026 18:03:51 org.springframework.scheduling.concurrent.ExecutorConfigurationSupport.initialize - Initializing ExecutorService 'applicationTaskExecutor'
27-03-2026 18:03:51 org.springframework.beans.factory.support.DefaultSingletonBeanRegistry.getSingleton - Creating shared instance of singleton bean 'micdlEtlApplication'
27-03-2026 18:03:51 org.springframework.beans.factory.support.DefaultSingletonBeanRegistry.getSingleton - Creating shared instance of singleton bean 'swaggerConfig'
27-03-2026 18:03:51 org.springframework.beans.factory.support.DefaultSingletonBeanRegistry.getSingleton - Creating shared instance of singleton bean 'caricamentoDatiController'
27-03-2026 18:03:51 org.springframework.beans.factory.support.DefaultSingletonBeanRegistry.getSingleton - Creating shared instance of singleton bean 'customOpenAPI'
27-03-2026 18:03:51 org.springframework.beans.factory.support.DefaultSingletonBeanRegistry.getSingleton - Creating shared instance of singleton bean 'org.springframework.boot.autoconfigure.AutoConfigurationPackages'
27-03-2026 18:03:51 org.springframework.beans.factory.support.DefaultSingletonBeanRegistry.getSingleton - Creating shared instance of singleton bean 'org.springframework.boot.autoconfigure.context.PropertyPlaceholderAutoConfiguration'
27-03-2026 18:03:51 org.springframework.beans.factory.support.DefaultSingletonBeanRegistry.getSingleton - Creating shared instance of singleton bean 'org.springframework.boot.context.properties.EnableConfigurationPropertiesRegistrar.methodValidationExcludeFilter'
27-03-2026 18:03:51 org.springframework.beans.factory.support.DefaultSingletonBeanRegistry.getSingleton - Creating shared instance of singleton bean 'org.springframework.boot.webmvc.autoconfigure.DispatcherServletAutoConfiguration'
27-03-2026 18:03:51 org.springframework.beans.factory.support.DefaultSingletonBeanRegistry.getSingleton - Creating shared instance of singleton bean 'org.springframework.boot.autoconfigure.task.TaskExecutorConfigurations$SimpleAsyncTaskExecutorBuilderConfiguration'
27-03-2026 18:03:51 org.springframework.beans.factory.support.ConstructorResolver.registerDependentBeans - Autowiring by type from bean name 'org.springframework.boot.autoconfigure.task.TaskExecutorConfigurations$SimpleAsyncTaskExecutorBuilderConfiguration' via constructor to bean named 'spring.task.execution-org.springframework.boot.autoconfigure.task.TaskExecutionProperties'
27-03-2026 18:03:51 org.springframework.beans.factory.support.DefaultSingletonBeanRegistry.getSingleton - Creating shared instance of singleton bean 'simpleAsyncTaskExecutorBuilder'
27-03-2026 18:03:51 org.springframework.beans.factory.support.DefaultSingletonBeanRegistry.getSingleton - Creating shared instance of singleton bean 'org.springframework.boot.autoconfigure.task.TaskExecutorConfigurations$AsyncConfigurerConfiguration'
27-03-2026 18:03:51 org.springframework.beans.factory.support.DefaultSingletonBeanRegistry.getSingleton - Creating shared instance of singleton bean 'applicationTaskExecutorAsyncConfigurer'
27-03-2026 18:03:51 org.springframework.beans.factory.support.ConstructorResolver.registerDependentBeans - Autowiring by type from bean name 'applicationTaskExecutorAsyncConfigurer' via factory method to bean named 'org.springframework.beans.factory.support.DefaultListableBeanFactory@64a896b0'
27-03-2026 18:03:51 org.springframework.beans.factory.support.DefaultSingletonBeanRegistry.getSingleton - Creating shared instance of singleton bean 'org.springframework.boot.autoconfigure.task.TaskExecutorConfigurations$BootstrapExecutorConfiguration'
27-03-2026 18:03:51 org.springframework.beans.factory.support.DefaultSingletonBeanRegistry.getSingleton - Creating shared instance of singleton bean 'org.springframework.boot.autoconfigure.task.TaskExecutionAutoConfiguration'
27-03-2026 18:03:51 org.springframework.beans.factory.support.DefaultSingletonBeanRegistry.getSingleton - Creating shared instance of singleton bean 'org.springframework.boot.webmvc.autoconfigure.error.ErrorMvcAutoConfiguration$WhitelabelErrorViewConfiguration'
27-03-2026 18:03:51 org.springframework.beans.factory.support.DefaultSingletonBeanRegistry.getSingleton - Creating shared instance of singleton bean 'error'
27-03-2026 18:03:51 org.springframework.beans.factory.support.DefaultSingletonBeanRegistry.getSingleton - Creating shared instance of singleton bean 'beanNameViewResolver'
27-03-2026 18:03:51 org.springframework.beans.factory.support.DefaultSingletonBeanRegistry.getSingleton - Creating shared instance of singleton bean 'org.springframework.boot.webmvc.autoconfigure.error.ErrorMvcAutoConfiguration$DefaultErrorViewResolverConfiguration'
27-03-2026 18:03:51 org.springframework.beans.factory.support.ConstructorResolver.registerDependentBeans - Autowiring by type from bean name 'org.springframework.boot.webmvc.autoconfigure.error.ErrorMvcAutoConfiguration$DefaultErrorViewResolverConfiguration' via constructor to bean named 'org.springframework.boot.web.server.servlet.context.AnnotationConfigServletWebServerApplicationContext@579d011c'
27-03-2026 18:03:51 org.springframework.beans.factory.support.ConstructorResolver.registerDependentBeans - Autowiring by type from bean name 'org.springframework.boot.webmvc.autoconfigure.error.ErrorMvcAutoConfiguration$DefaultErrorViewResolverConfiguration' via constructor to bean named 'spring.web-org.springframework.boot.autoconfigure.web.WebProperties'
27-03-2026 18:03:51 org.springframework.beans.factory.support.DefaultSingletonBeanRegistry.getSingleton - Creating shared instance of singleton bean 'conventionErrorViewResolver'
27-03-2026 18:03:51 org.springframework.beans.factory.support.DefaultSingletonBeanRegistry.getSingleton - Creating shared instance of singleton bean 'errorAttributes'
27-03-2026 18:03:51 org.springframework.beans.factory.support.DefaultSingletonBeanRegistry.getSingleton - Creating shared instance of singleton bean 'basicErrorController'
27-03-2026 18:03:51 org.springframework.beans.factory.support.ConstructorResolver.registerDependentBeans - Autowiring by type from bean name 'basicErrorController' via factory method to bean named 'errorAttributes'
27-03-2026 18:03:51 org.springframework.beans.factory.support.DefaultSingletonBeanRegistry.getSingleton - Creating shared instance of singleton bean 'org.springframework.boot.webmvc.autoconfigure.WebMvcAutoConfiguration$EnableWebMvcConfiguration'
27-03-2026 18:03:51 org.springframework.beans.factory.support.ConstructorResolver.registerDependentBeans - Autowiring by type from bean name 'org.springframework.boot.webmvc.autoconfigure.WebMvcAutoConfiguration$EnableWebMvcConfiguration' via constructor to bean named 'spring.mvc-org.springframework.boot.webmvc.autoconfigure.WebMvcProperties'
27-03-2026 18:03:51 org.springframework.beans.factory.support.ConstructorResolver.registerDependentBeans - Autowiring by type from bean name 'org.springframework.boot.webmvc.autoconfigure.WebMvcAutoConfiguration$EnableWebMvcConfiguration' via constructor to bean named 'spring.web-org.springframework.boot.autoconfigure.web.WebProperties'
27-03-2026 18:03:51 org.springframework.beans.factory.support.ConstructorResolver.registerDependentBeans - Autowiring by type from bean name 'org.springframework.boot.webmvc.autoconfigure.WebMvcAutoConfiguration$EnableWebMvcConfiguration' via constructor to bean named 'org.springframework.beans.factory.support.DefaultListableBeanFactory@64a896b0'
27-03-2026 18:03:51 org.springframework.beans.factory.support.DefaultSingletonBeanRegistry.getSingleton - Creating shared instance of singleton bean 'org.springframework.boot.webmvc.autoconfigure.WebMvcAutoConfiguration$WebMvcAutoConfigurationAdapter'
27-03-2026 18:03:51 org.springframework.beans.factory.support.ConstructorResolver.registerDependentBeans - Autowiring by type from bean name 'org.springframework.boot.webmvc.autoconfigure.WebMvcAutoConfiguration$WebMvcAutoConfigurationAdapter' via constructor to bean named 'spring.web-org.springframework.boot.autoconfigure.web.WebProperties'
27-03-2026 18:03:51 org.springframework.beans.factory.support.ConstructorResolver.registerDependentBeans - Autowiring by type from bean name 'org.springframework.boot.webmvc.autoconfigure.WebMvcAutoConfiguration$WebMvcAutoConfigurationAdapter' via constructor to bean named 'spring.mvc-org.springframework.boot.webmvc.autoconfigure.WebMvcProperties'
27-03-2026 18:03:51 org.springframework.beans.factory.support.ConstructorResolver.registerDependentBeans - Autowiring by type from bean name 'org.springframework.boot.webmvc.autoconfigure.WebMvcAutoConfiguration$WebMvcAutoConfigurationAdapter' via constructor to bean named 'org.springframework.beans.factory.support.DefaultListableBeanFactory@64a896b0'
27-03-2026 18:03:51 org.springframework.beans.factory.support.DefaultSingletonBeanRegistry.getSingleton - Creating shared instance of singleton bean 'swaggerWebMvcConfigurer'
27-03-2026 18:03:51 org.springframework.beans.factory.support.DefaultSingletonBeanRegistry.getSingleton - Creating shared instance of singleton bean 'org.springdoc.webmvc.ui.SwaggerConfig'
27-03-2026 18:03:51 org.springframework.beans.factory.support.DefaultSingletonBeanRegistry.getSingleton - Creating shared instance of singleton bean 'org.springdoc.core.properties.SwaggerUiConfigParameters'
27-03-2026 18:03:51 org.springframework.beans.factory.support.DefaultSingletonBeanRegistry.getSingleton - Creating shared instance of singleton bean 'org.springdoc.core.properties.SwaggerUiConfigProperties'
27-03-2026 18:03:51 org.springframework.beans.factory.support.ConstructorResolver.registerDependentBeans - Autowiring by type from bean name 'org.springdoc.core.properties.SwaggerUiConfigParameters' via constructor to bean named 'org.springdoc.core.properties.SwaggerUiConfigProperties'
27-03-2026 18:03:51 org.springframework.beans.factory.support.DefaultSingletonBeanRegistry.getSingleton - Creating shared instance of singleton bean 'indexPageTransformer'
27-03-2026 18:03:51 org.springframework.beans.factory.support.DefaultSingletonBeanRegistry.getSingleton - Creating shared instance of singleton bean 'org.springdoc.core.properties.SwaggerUiOAuthProperties'
27-03-2026 18:03:51 org.springframework.beans.factory.support.DefaultSingletonBeanRegistry.getSingleton - Creating shared instance of singleton bean 'swaggerWelcome'
27-03-2026 18:03:51 org.springframework.beans.factory.support.DefaultSingletonBeanRegistry.getSingleton - Creating shared instance of singleton bean 'org.springdoc.core.properties.SpringDocConfigProperties'
27-03-2026 18:03:51 org.springframework.beans.factory.support.DefaultSingletonBeanRegistry.getSingleton - Creating shared instance of singleton bean 'springWebProvider'
27-03-2026 18:03:51 org.springframework.beans.factory.support.DefaultSingletonBeanRegistry.getSingleton - Creating shared instance of singleton bean 'org.springdoc.webmvc.core.configuration.SpringDocWebMvcConfiguration'
27-03-2026 18:03:51 org.springframework.beans.factory.support.ConstructorResolver.registerDependentBeans - Autowiring by type from bean name 'swaggerWelcome' via factory method to bean named 'org.springdoc.core.properties.SwaggerUiConfigProperties'
27-03-2026 18:03:51 org.springframework.beans.factory.support.ConstructorResolver.registerDependentBeans - Autowiring by type from bean name 'swaggerWelcome' via factory method to bean named 'org.springdoc.core.properties.SpringDocConfigProperties'
27-03-2026 18:03:51 org.springframework.beans.factory.support.ConstructorResolver.registerDependentBeans - Autowiring by type from bean name 'swaggerWelcome' via factory method to bean named 'org.springdoc.core.properties.SwaggerUiConfigParameters'
27-03-2026 18:03:51 org.springframework.beans.factory.support.ConstructorResolver.registerDependentBeans - Autowiring by type from bean name 'swaggerWelcome' via factory method to bean named 'springWebProvider'
27-03-2026 18:03:51 org.springframework.beans.factory.support.DefaultSingletonBeanRegistry.getSingleton - Creating shared instance of singleton bean 'springdocObjectMapperProvider'
27-03-2026 18:03:51 org.springframework.beans.factory.support.DefaultSingletonBeanRegistry.getSingleton - Creating shared instance of singleton bean 'org.springdoc.core.configuration.SpringDocConfiguration'
27-03-2026 18:03:51 org.springframework.beans.factory.support.ConstructorResolver.registerDependentBeans - Autowiring by type from bean name 'springdocObjectMapperProvider' via factory method to bean named 'org.springdoc.core.properties.SpringDocConfigProperties'
27-03-2026 18:03:51 org.springframework.beans.factory.support.ConstructorResolver.registerDependentBeans - Autowiring by type from bean name 'indexPageTransformer' via factory method to bean named 'org.springdoc.core.properties.SwaggerUiConfigProperties'
27-03-2026 18:03:51 org.springframework.beans.factory.support.ConstructorResolver.registerDependentBeans - Autowiring by type from bean name 'indexPageTransformer' via factory method to bean named 'org.springdoc.core.properties.SwaggerUiOAuthProperties'
27-03-2026 18:03:51 org.springframework.beans.factory.support.ConstructorResolver.registerDependentBeans - Autowiring by type from bean name 'indexPageTransformer' via factory method to bean named 'org.springdoc.core.properties.SwaggerUiConfigParameters'
27-03-2026 18:03:51 org.springframework.beans.factory.support.ConstructorResolver.registerDependentBeans - Autowiring by type from bean name 'indexPageTransformer' via factory method to bean named 'swaggerWelcome'
27-03-2026 18:03:51 org.springframework.beans.factory.support.ConstructorResolver.registerDependentBeans - Autowiring by type from bean name 'indexPageTransformer' via factory method to bean named 'springdocObjectMapperProvider'
27-03-2026 18:03:51 org.springframework.beans.factory.support.DefaultSingletonBeanRegistry.getSingleton - Creating shared instance of singleton bean 'swaggerResourceResolver'
27-03-2026 18:03:51 org.springframework.beans.factory.support.ConstructorResolver.registerDependentBeans - Autowiring by type from bean name 'swaggerResourceResolver' via factory method to bean named 'org.springdoc.core.properties.SwaggerUiConfigProperties'
27-03-2026 18:03:51 org.springframework.beans.factory.support.ConstructorResolver.registerDependentBeans - Autowiring by type from bean name 'swaggerWebMvcConfigurer' via factory method to bean named 'org.springdoc.core.properties.SwaggerUiConfigParameters'
27-03-2026 18:03:51 org.springframework.beans.factory.support.ConstructorResolver.registerDependentBeans - Autowiring by type from bean name 'swaggerWebMvcConfigurer' via factory method to bean named 'indexPageTransformer'
27-03-2026 18:03:51 org.springframework.beans.factory.support.ConstructorResolver.registerDependentBeans - Autowiring by type from bean name 'swaggerWebMvcConfigurer' via factory method to bean named 'swaggerResourceResolver'
27-03-2026 18:03:51 org.springframework.beans.factory.support.DefaultSingletonBeanRegistry.getSingleton - Creating shared instance of singleton bean 'welcomePageHandlerMapping'
27-03-2026 18:03:51 org.springframework.beans.factory.support.DefaultSingletonBeanRegistry.getSingleton - Creating shared instance of singleton bean 'mvcConversionService'
27-03-2026 18:03:51 org.springframework.beans.factory.support.DefaultSingletonBeanRegistry.getSingleton - Creating shared instance of singleton bean 'mvcResourceUrlProvider'
27-03-2026 18:03:51 org.springframework.beans.factory.support.ConstructorResolver.registerDependentBeans - Autowiring by type from bean name 'welcomePageHandlerMapping' via factory method to bean named 'org.springframework.boot.web.server.servlet.context.AnnotationConfigServletWebServerApplicationContext@579d011c'
27-03-2026 18:03:51 org.springframework.beans.factory.support.ConstructorResolver.registerDependentBeans - Autowiring by type from bean name 'welcomePageHandlerMapping' via factory method to bean named 'mvcConversionService'
27-03-2026 18:03:51 org.springframework.beans.factory.support.ConstructorResolver.registerDependentBeans - Autowiring by type from bean name 'welcomePageHandlerMapping' via factory method to bean named 'mvcResourceUrlProvider'
27-03-2026 18:03:51 org.springframework.beans.factory.support.DefaultSingletonBeanRegistry.getSingleton - Creating shared instance of singleton bean 'welcomePageNotAcceptableHandlerMapping'
27-03-2026 18:03:51 org.springframework.beans.factory.support.ConstructorResolver.registerDependentBeans - Autowiring by type from bean name 'welcomePageNotAcceptableHandlerMapping' via factory method to bean named 'org.springframework.boot.web.server.servlet.context.AnnotationConfigServletWebServerApplicationContext@579d011c'
27-03-2026 18:03:51 org.springframework.beans.factory.support.ConstructorResolver.registerDependentBeans - Autowiring by type from bean name 'welcomePageNotAcceptableHandlerMapping' via factory method to bean named 'mvcConversionService'
27-03-2026 18:03:51 org.springframework.beans.factory.support.ConstructorResolver.registerDependentBeans - Autowiring by type from bean name 'welcomePageNotAcceptableHandlerMapping' via factory method to bean named 'mvcResourceUrlProvider'
27-03-2026 18:03:51 org.springframework.beans.factory.support.DefaultSingletonBeanRegistry.getSingleton - Creating shared instance of singleton bean 'localeResolver'
27-03-2026 18:03:51 org.springframework.beans.factory.support.DefaultSingletonBeanRegistry.getSingleton - Creating shared instance of singleton bean 'flashMapManager'
27-03-2026 18:03:51 org.springframework.beans.factory.support.DefaultSingletonBeanRegistry.getSingleton - Creating shared instance of singleton bean 'viewNameTranslator'
27-03-2026 18:03:51 org.springframework.beans.factory.support.DefaultSingletonBeanRegistry.getSingleton - Creating shared instance of singleton bean 'mvcValidator'
27-03-2026 18:03:51 org.springframework.validation.beanvalidation.OptionalValidatorFactoryBean.afterPropertiesSet - Failed to set up a Bean Validation provider
jakarta.validation.NoProviderFoundException: Unable to create a Configuration, because no Jakarta Validation provider could be found. Add a provider like Hibernate Validator (RI) to your classpath.
	at jakarta.validation.Validation$GenericBootstrapImpl.configure(Validation.java:291)
	at org.springframework.validation.beanvalidation.LocalValidatorFactoryBean.afterPropertiesSet(LocalValidatorFactoryBean.java:261)
	at org.springframework.validation.beanvalidation.OptionalValidatorFactoryBean.afterPropertiesSet(OptionalValidatorFactoryBean.java:40)
	at org.springframework.beans.factory.support.AbstractAutowireCapableBeanFactory.invokeInitMethods(AbstractAutowireCapableBeanFactory.java:1864)
	at org.springframework.beans.factory.support.AbstractAutowireCapableBeanFactory.initializeBean(AbstractAutowireCapableBeanFactory.java:1813)
	at org.springframework.beans.factory.support.AbstractAutowireCapableBeanFactory.doCreateBean(AbstractAutowireCapableBeanFactory.java:603)
	at org.springframework.beans.factory.support.AbstractAutowireCapableBeanFactory.createBean(AbstractAutowireCapableBeanFactory.java:525)
	at org.springframework.beans.factory.support.AbstractBeanFactory.lambda$doGetBean$0(AbstractBeanFactory.java:333)
	at org.springframework.beans.factory.support.DefaultSingletonBeanRegistry.getSingleton(DefaultSingletonBeanRegistry.java:371)
	at org.springframework.beans.factory.support.AbstractBeanFactory.doGetBean(AbstractBeanFactory.java:331)
	at org.springframework.beans.factory.support.AbstractBeanFactory.getBean(AbstractBeanFactory.java:196)
	at org.springframework.beans.factory.support.DefaultListableBeanFactory.instantiateSingleton(DefaultListableBeanFactory.java:1218)
	at org.springframework.beans.factory.support.DefaultListableBeanFactory.preInstantiateSingleton(DefaultListableBeanFactory.java:1184)
	at org.springframework.beans.factory.support.DefaultListableBeanFactory.preInstantiateSingletons(DefaultListableBeanFactory.java:1121)
	at org.springframework.context.support.AbstractApplicationContext.finishBeanFactoryInitialization(AbstractApplicationContext.java:994)
	at org.springframework.context.support.AbstractApplicationContext.refresh(AbstractApplicationContext.java:621)
	at org.springframework.boot.web.server.servlet.context.ServletWebServerApplicationContext.refresh(ServletWebServerApplicationContext.java:143)
	at org.springframework.boot.SpringApplication.refresh(SpringApplication.java:756)
	at org.springframework.boot.SpringApplication.refreshContext(SpringApplication.java:445)
	at org.springframework.boot.SpringApplication.run(SpringApplication.java:321)
	at org.springframework.boot.SpringApplication.run(SpringApplication.java:1365)
	at org.springframework.boot.SpringApplication.run(SpringApplication.java:1354)
	at it.almaviva.mic.etl.MicdlEtlApplication.main(MicdlEtlApplication.java:10)
27-03-2026 18:03:51 org.springframework.beans.factory.support.DefaultSingletonBeanRegistry.getSingleton - Creating shared instance of singleton bean 'requestMappingHandlerMapping'
27-03-2026 18:03:51 org.springframework.beans.factory.support.DefaultSingletonBeanRegistry.getSingleton - Creating shared instance of singleton bean 'mvcContentNegotiationManager'
27-03-2026 18:03:51 org.springframework.beans.factory.support.DefaultSingletonBeanRegistry.getSingleton - Creating shared instance of singleton bean 'stringHttpMessageConvertersCustomizer'
27-03-2026 18:03:51 org.springframework.beans.factory.support.DefaultSingletonBeanRegistry.getSingleton - Creating shared instance of singleton bean 'org.springframework.boot.http.converter.autoconfigure.HttpMessageConvertersAutoConfiguration$StringHttpMessageConverterConfiguration'
27-03-2026 18:03:51 org.springframework.beans.factory.support.DefaultSingletonBeanRegistry.getSingleton - Creating shared instance of singleton bean 'spring.http.converters-org.springframework.boot.http.converter.autoconfigure.HttpMessageConvertersProperties'
27-03-2026 18:03:51 org.springframework.beans.factory.support.ConstructorResolver.registerDependentBeans - Autowiring by type from bean name 'stringHttpMessageConvertersCustomizer' via factory method to bean named 'spring.http.converters-org.springframework.boot.http.converter.autoconfigure.HttpMessageConvertersProperties'
27-03-2026 18:03:51 org.springframework.beans.factory.support.DefaultSingletonBeanRegistry.getSingleton - Creating shared instance of singleton bean 'jacksonJsonHttpMessageConvertersCustomizer'
27-03-2026 18:03:51 org.springframework.beans.factory.support.DefaultSingletonBeanRegistry.getSingleton - Creating shared instance of singleton bean 'org.springframework.boot.http.converter.autoconfigure.JacksonHttpMessageConvertersConfiguration$JacksonJsonHttpMessageConverterConfiguration'
27-03-2026 18:03:51 org.springframework.beans.factory.support.DefaultSingletonBeanRegistry.getSingleton - Creating shared instance of singleton bean 'jacksonJsonMapper'
27-03-2026 18:03:51 org.springframework.beans.factory.support.DefaultSingletonBeanRegistry.getSingleton - Creating shared instance of singleton bean 'org.springframework.boot.jackson.autoconfigure.JacksonAutoConfiguration'
27-03-2026 18:03:51 org.springframework.beans.factory.support.DefaultSingletonBeanRegistry.getSingleton - Creating shared instance of singleton bean 'problemDetailJsonMapperBuilderCustomizer'
27-03-2026 18:03:51 org.springframework.beans.factory.support.DefaultSingletonBeanRegistry.getSingleton - Creating shared instance of singleton bean 'org.springframework.boot.jackson.autoconfigure.JacksonAutoConfiguration$JsonProblemDetailsConfiguration'
27-03-2026 18:03:51 org.springframework.beans.factory.support.DefaultSingletonBeanRegistry.getSingleton - Creating shared instance of singleton bean 'standardJsonMapperBuilderCustomizer'
27-03-2026 18:03:51 org.springframework.beans.factory.support.DefaultSingletonBeanRegistry.getSingleton - Creating shared instance of singleton bean 'org.springframework.boot.jackson.autoconfigure.JacksonAutoConfiguration$JacksonJsonMapperBuilderCustomizerConfiguration'
27-03-2026 18:03:51 org.springframework.beans.factory.support.DefaultSingletonBeanRegistry.getSingleton - Creating shared instance of singleton bean 'spring.jackson-org.springframework.boot.jackson.autoconfigure.JacksonProperties'
27-03-2026 18:03:51 org.springframework.beans.factory.support.ConstructorResolver.registerDependentBeans - Autowiring by type from bean name 'standardJsonMapperBuilderCustomizer' via factory method to bean named 'spring.jackson-org.springframework.boot.jackson.autoconfigure.JacksonProperties'
27-03-2026 18:03:51 org.springframework.beans.factory.support.DefaultSingletonBeanRegistry.getSingleton - Creating shared instance of singleton bean 'jacksonMixinModule'
27-03-2026 18:03:51 org.springframework.beans.factory.support.DefaultSingletonBeanRegistry.getSingleton - Creating shared instance of singleton bean 'org.springframework.boot.jackson.autoconfigure.JacksonAutoConfiguration$JacksonMixinConfiguration'
27-03-2026 18:03:51 org.springframework.beans.factory.support.DefaultSingletonBeanRegistry.getSingleton - Creating shared instance of singleton bean 'jacksonMixinModuleEntries'
27-03-2026 18:03:51 org.springframework.beans.factory.support.ConstructorResolver.registerDependentBeans - Autowiring by type from bean name 'jacksonMixinModuleEntries' via factory method to bean named 'org.springframework.boot.web.server.servlet.context.AnnotationConfigServletWebServerApplicationContext@579d011c'
27-03-2026 18:03:51 org.springframework.beans.factory.support.ConstructorResolver.registerDependentBeans - Autowiring by type from bean name 'jacksonMixinModule' via factory method to bean named 'org.springframework.boot.web.server.servlet.context.AnnotationConfigServletWebServerApplicationContext@579d011c'
27-03-2026 18:03:51 org.springframework.beans.factory.support.ConstructorResolver.registerDependentBeans - Autowiring by type from bean name 'jacksonMixinModule' via factory method to bean named 'jacksonMixinModuleEntries'
27-03-2026 18:03:51 org.springframework.beans.factory.support.DefaultSingletonBeanRegistry.getSingleton - Creating shared instance of singleton bean 'jsonComponentModule'
27-03-2026 18:03:51 org.springframework.beans.factory.support.ConstructorResolver.registerDependentBeans - Autowiring by type from bean name 'jsonMapperBuilder' via factory method to bean named 'problemDetailJsonMapperBuilderCustomizer'
27-03-2026 18:03:51 org.springframework.beans.factory.support.ConstructorResolver.registerDependentBeans - Autowiring by type from bean name 'jsonMapperBuilder' via factory method to bean named 'standardJsonMapperBuilderCustomizer'
27-03-2026 18:03:51 org.springframework.beans.factory.support.ConstructorResolver.registerDependentBeans - Autowiring by type from bean name 'jacksonJsonMapper' via factory method to bean named 'jsonMapperBuilder'
27-03-2026 18:03:51 org.springframework.beans.factory.support.ConstructorResolver.registerDependentBeans - Autowiring by type from bean name 'jacksonJsonHttpMessageConvertersCustomizer' via factory method to bean named 'jacksonJsonMapper'
27-03-2026 18:03:51 org.springframework.beans.factory.support.DefaultSingletonBeanRegistry.getSingleton - Creating shared instance of singleton bean 'serverConvertersCustomizer'
27-03-2026 18:03:51 org.springframework.beans.factory.support.DefaultSingletonBeanRegistry.getSingleton - Creating shared instance of singleton bean 'org.springframework.boot.http.converter.autoconfigure.HttpMessageConvertersAutoConfiguration'
27-03-2026 18:03:51 org.springframework.beans.factory.support.DefaultSingletonBeanRegistry.getSingleton - Creating shared instance of singleton bean 'mvcApiVersionStrategy'
27-03-2026 18:03:51 org.springframework.beans.factory.support.ConstructorResolver.registerDependentBeans - Autowiring by type from bean name 'requestMappingHandlerMapping' via factory method to bean named 'mvcContentNegotiationManager'
27-03-2026 18:03:51 org.springframework.beans.factory.support.ConstructorResolver.registerDependentBeans - Autowiring by type from bean name 'requestMappingHandlerMapping' via factory method to bean named 'mvcApiVersionStrategy'
27-03-2026 18:03:51 org.springframework.beans.factory.support.ConstructorResolver.registerDependentBeans - Autowiring by type from bean name 'requestMappingHandlerMapping' via factory method to bean named 'mvcConversionService'
27-03-2026 18:03:51 org.springframework.beans.factory.support.ConstructorResolver.registerDependentBeans - Autowiring by type from bean name 'requestMappingHandlerMapping' via factory method to bean named 'mvcResourceUrlProvider'
27-03-2026 18:03:52 org.springframework.web.servlet.handler.AbstractHandlerMethodMapping.detectHandlerMethods - 
	i.a.m.e.c.CaricamentoDatiController:
	{GET [/etl/test]}: testConnessione()
27-03-2026 18:03:52 org.springframework.web.servlet.handler.AbstractHandlerMethodMapping.detectHandlerMethods - 
	o.s.b.w.a.e.BasicErrorController:
	{ [/error]}: error(HttpServletRequest)
	{ [/error], produces [text/html]}: errorHtml(HttpServletRequest,HttpServletResponse)
27-03-2026 18:03:52 org.springframework.web.servlet.handler.AbstractHandlerMethodMapping.detectHandlerMethods - 
	o.s.w.a.OpenApiWebMvcResource:
	{GET [/v3/api-docs], produces [application/json]}: openapiJson(HttpServletRequest,String,Locale)
	{GET [/v3/api-docs.yaml], produces [application/vnd.oai.openapi]}: openapiYaml(HttpServletRequest,String,Locale)
27-03-2026 18:03:52 org.springframework.web.servlet.handler.AbstractHandlerMethodMapping.detectHandlerMethods - 
	o.s.w.u.SwaggerWelcomeWebMvc:
	{GET [/swagger-ui.html]}: redirectToUi(HttpServletRequest)
27-03-2026 18:03:52 org.springframework.web.servlet.handler.AbstractHandlerMethodMapping.detectHandlerMethods - 
	o.s.w.u.SwaggerConfigResource:
	{GET [/v3/api-docs/swagger-config], produces [application/json]}: openapiJson(HttpServletRequest)
27-03-2026 18:03:52 org.springframework.web.servlet.handler.AbstractHandlerMethodMapping.handlerMethodsInitialized - 7 mappings in 'requestMappingHandlerMapping'
27-03-2026 18:03:52 org.springframework.beans.factory.support.DefaultSingletonBeanRegistry.getSingleton - Creating shared instance of singleton bean 'mvcPatternParser'
27-03-2026 18:03:52 org.springframework.beans.factory.support.DefaultSingletonBeanRegistry.getSingleton - Creating shared instance of singleton bean 'mvcUrlPathHelper'
27-03-2026 18:03:52 org.springframework.beans.factory.support.DefaultSingletonBeanRegistry.getSingleton - Creating shared instance of singleton bean 'mvcPathMatcher'
27-03-2026 18:03:52 org.springframework.beans.factory.support.DefaultSingletonBeanRegistry.getSingleton - Creating shared instance of singleton bean 'viewControllerHandlerMapping'
27-03-2026 18:03:52 org.springframework.beans.factory.support.ConstructorResolver.registerDependentBeans - Autowiring by type from bean name 'viewControllerHandlerMapping' via factory method to bean named 'mvcConversionService'
27-03-2026 18:03:52 org.springframework.beans.factory.support.ConstructorResolver.registerDependentBeans - Autowiring by type from bean name 'viewControllerHandlerMapping' via factory method to bean named 'mvcResourceUrlProvider'
27-03-2026 18:03:52 org.springframework.beans.factory.support.DefaultSingletonBeanRegistry.getSingleton - Creating shared instance of singleton bean 'beanNameHandlerMapping'
27-03-2026 18:03:52 org.springframework.beans.factory.support.ConstructorResolver.registerDependentBeans - Autowiring by type from bean name 'beanNameHandlerMapping' via factory method to bean named 'mvcConversionService'
27-03-2026 18:03:52 org.springframework.beans.factory.support.ConstructorResolver.registerDependentBeans - Autowiring by type from bean name 'beanNameHandlerMapping' via factory method to bean named 'mvcResourceUrlProvider'
27-03-2026 18:03:52 org.springframework.web.servlet.handler.AbstractDetectingUrlHandlerMapping.detectHandlers - 'beanNameHandlerMapping' {}
27-03-2026 18:03:52 org.springframework.beans.factory.support.DefaultSingletonBeanRegistry.getSingleton - Creating shared instance of singleton bean 'routerFunctionMapping'
27-03-2026 18:03:52 org.springframework.beans.factory.support.ConstructorResolver.registerDependentBeans - Autowiring by type from bean name 'routerFunctionMapping' via factory method to bean named 'mvcConversionService'
27-03-2026 18:03:52 org.springframework.beans.factory.support.ConstructorResolver.registerDependentBeans - Autowiring by type from bean name 'routerFunctionMapping' via factory method to bean named 'mvcResourceUrlProvider'
27-03-2026 18:03:52 org.springframework.beans.factory.support.ConstructorResolver.registerDependentBeans - Autowiring by type from bean name 'routerFunctionMapping' via factory method to bean named 'mvcApiVersionStrategy'
27-03-2026 18:03:52 org.springframework.beans.factory.support.DefaultSingletonBeanRegistry.getSingleton - Creating shared instance of singleton bean 'resourceHandlerMapping'
27-03-2026 18:03:52 org.springframework.beans.factory.support.ConstructorResolver.registerDependentBeans - Autowiring by type from bean name 'resourceHandlerMapping' via factory method to bean named 'mvcContentNegotiationManager'
27-03-2026 18:03:52 org.springframework.beans.factory.support.ConstructorResolver.registerDependentBeans - Autowiring by type from bean name 'resourceHandlerMapping' via factory method to bean named 'mvcConversionService'
27-03-2026 18:03:52 org.springframework.beans.factory.support.ConstructorResolver.registerDependentBeans - Autowiring by type from bean name 'resourceHandlerMapping' via factory method to bean named 'mvcResourceUrlProvider'
27-03-2026 18:03:52 org.springframework.web.servlet.handler.SimpleUrlHandlerMapping.logMappings - 'resourceHandlerMapping' {/webjars/**=ResourceHttpRequestHandler [classpath [META-INF/resources/webjars/]], /**=ResourceHttpRequestHandler [classpath [META-INF/resources/], classpath [resources/], classpath [static/], classpath [public/], ServletContext [/]], /swagger-ui*/*swagger-initializer.js=ResourceHttpRequestHandler [classpath [META-INF/resources/webjars/]], /swagger-ui*/**=ResourceHttpRequestHandler [classpath [META-INF/resources/webjars/]]}
27-03-2026 18:03:52 org.springframework.beans.factory.support.DefaultSingletonBeanRegistry.getSingleton - Creating shared instance of singleton bean 'defaultServletHandlerMapping'
27-03-2026 18:03:52 org.springframework.beans.factory.support.DefaultSingletonBeanRegistry.getSingleton - Creating shared instance of singleton bean 'requestMappingHandlerAdapter'
27-03-2026 18:03:52 org.springframework.beans.factory.support.ConstructorResolver.registerDependentBeans - Autowiring by type from bean name 'requestMappingHandlerAdapter' via factory method to bean named 'mvcContentNegotiationManager'
27-03-2026 18:03:52 org.springframework.beans.factory.support.ConstructorResolver.registerDependentBeans - Autowiring by type from bean name 'requestMappingHandlerAdapter' via factory method to bean named 'mvcConversionService'
27-03-2026 18:03:52 org.springframework.beans.factory.support.ConstructorResolver.registerDependentBeans - Autowiring by type from bean name 'requestMappingHandlerAdapter' via factory method to bean named 'mvcValidator'
27-03-2026 18:03:52 org.springframework.web.servlet.mvc.method.annotation.RequestMappingHandlerAdapter.initControllerAdviceCache - ControllerAdvice beans: 0 @ModelAttribute, 0 @InitBinder, 2 RequestBodyAdvice, 1 ResponseBodyAdvice
27-03-2026 18:03:52 org.springframework.beans.factory.support.DefaultSingletonBeanRegistry.getSingleton - Creating shared instance of singleton bean 'mvcViewResolver'
27-03-2026 18:03:52 org.springframework.beans.factory.support.ConstructorResolver.registerDependentBeans - Autowiring by type from bean name 'mvcViewResolver' via factory method to bean named 'mvcContentNegotiationManager'
27-03-2026 18:03:52 org.springframework.beans.factory.support.DefaultSingletonBeanRegistry.getSingleton - Creating shared instance of singleton bean 'defaultViewResolver'
27-03-2026 18:03:52 org.springframework.beans.factory.support.DefaultSingletonBeanRegistry.getSingleton - Creating shared instance of singleton bean 'viewResolver'
27-03-2026 18:03:52 org.springframework.beans.factory.support.ConstructorResolver.registerDependentBeans - Autowiring by type from bean name 'viewResolver' via factory method to bean named 'org.springframework.beans.factory.support.DefaultListableBeanFactory@64a896b0'
27-03-2026 18:03:52 org.springframework.beans.factory.support.DefaultSingletonBeanRegistry.getSingleton - Creating shared instance of singleton bean 'viewResolver'
27-03-2026 18:03:52 org.springframework.beans.factory.support.DefaultSingletonBeanRegistry.getSingleton - Creating shared instance of singleton bean 'handlerFunctionAdapter'
27-03-2026 18:03:52 org.springframework.beans.factory.support.DefaultSingletonBeanRegistry.getSingleton - Creating shared instance of singleton bean 'mvcUriComponentsContributor'
27-03-2026 18:03:52 org.springframework.beans.factory.support.ConstructorResolver.registerDependentBeans - Autowiring by type from bean name 'mvcUriComponentsContributor' via factory method to bean named 'mvcConversionService'
27-03-2026 18:03:52 org.springframework.beans.factory.support.ConstructorResolver.registerDependentBeans - Autowiring by type from bean name 'mvcUriComponentsContributor' via factory method to bean named 'requestMappingHandlerAdapter'
27-03-2026 18:03:52 org.springframework.beans.factory.support.DefaultSingletonBeanRegistry.getSingleton - Creating shared instance of singleton bean 'httpRequestHandlerAdapter'
27-03-2026 18:03:52 org.springframework.beans.factory.support.DefaultSingletonBeanRegistry.getSingleton - Creating shared instance of singleton bean 'simpleControllerHandlerAdapter'
27-03-2026 18:03:52 org.springframework.beans.factory.support.DefaultSingletonBeanRegistry.getSingleton - Creating shared instance of singleton bean 'handlerExceptionResolver'
27-03-2026 18:03:52 org.springframework.beans.factory.support.ConstructorResolver.registerDependentBeans - Autowiring by type from bean name 'handlerExceptionResolver' via factory method to bean named 'mvcContentNegotiationManager'
27-03-2026 18:03:52 org.springframework.web.servlet.mvc.method.annotation.ExceptionHandlerExceptionResolver.initExceptionHandlerAdviceCache - ControllerAdvice beans: 1 @ExceptionHandler, 1 ResponseBodyAdvice
27-03-2026 18:03:52 org.springframework.beans.factory.support.DefaultSingletonBeanRegistry.getSingleton - Creating shared instance of singleton bean 'org.springdoc.core.configuration.SpringDocConfiguration$OpenApiResourceAdvice'
27-03-2026 18:03:52 org.springframework.beans.factory.support.ConstructorResolver.registerDependentBeans - Autowiring by type from bean name 'org.springdoc.core.configuration.SpringDocConfiguration$OpenApiResourceAdvice' via constructor to bean named 'org.springdoc.core.configuration.SpringDocConfiguration'
27-03-2026 18:03:52 org.springframework.beans.factory.support.DefaultSingletonBeanRegistry.getSingleton - Creating shared instance of singleton bean 'org.springdoc.core.configuration.SpringDocConfiguration$WebConversionServiceConfiguration'
27-03-2026 18:03:52 org.springframework.beans.factory.support.DefaultSingletonBeanRegistry.getSingleton - Creating shared instance of singleton bean 'webConversionServiceProvider'
27-03-2026 18:03:52 org.springframework.beans.factory.support.DefaultSingletonBeanRegistry.getSingleton - Creating shared instance of singleton bean 'localSpringDocParameterNameDiscoverer'
27-03-2026 18:03:52 org.springframework.beans.factory.support.DefaultSingletonBeanRegistry.getSingleton - Creating shared instance of singleton bean 'additionalModelsConverter'
27-03-2026 18:03:52 org.springframework.beans.factory.support.ConstructorResolver.registerDependentBeans - Autowiring by type from bean name 'additionalModelsConverter' via factory method to bean named 'springdocObjectMapperProvider'
27-03-2026 18:03:52 org.springframework.beans.factory.support.DefaultSingletonBeanRegistry.getSingleton - Creating shared instance of singleton bean 'fileSupportConverter'
27-03-2026 18:03:52 org.springframework.beans.factory.support.ConstructorResolver.registerDependentBeans - Autowiring by type from bean name 'fileSupportConverter' via factory method to bean named 'springdocObjectMapperProvider'
27-03-2026 18:03:52 org.springframework.beans.factory.support.DefaultSingletonBeanRegistry.getSingleton - Creating shared instance of singleton bean 'responseSupportConverter'
27-03-2026 18:03:52 org.springframework.beans.factory.support.ConstructorResolver.registerDependentBeans - Autowiring by type from bean name 'responseSupportConverter' via factory method to bean named 'springdocObjectMapperProvider'
27-03-2026 18:03:52 org.springframework.beans.factory.support.DefaultSingletonBeanRegistry.getSingleton - Creating shared instance of singleton bean 'schemaPropertyDeprecatingConverter'
27-03-2026 18:03:52 org.springframework.beans.factory.support.DefaultSingletonBeanRegistry.getSingleton - Creating shared instance of singleton bean 'polymorphicModelConverter'
27-03-2026 18:03:52 org.springframework.beans.factory.support.ConstructorResolver.registerDependentBeans - Autowiring by type from bean name 'polymorphicModelConverter' via factory method to bean named 'springdocObjectMapperProvider'
27-03-2026 18:03:52 org.springframework.beans.factory.support.DefaultSingletonBeanRegistry.getSingleton - Creating shared instance of singleton bean 'openAPIBuilder'
27-03-2026 18:03:52 org.springframework.beans.factory.support.DefaultSingletonBeanRegistry.getSingleton - Creating shared instance of singleton bean 'securityParser'
27-03-2026 18:03:52 org.springframework.beans.factory.support.DefaultSingletonBeanRegistry.getSingleton - Creating shared instance of singleton bean 'propertyResolverUtils'
27-03-2026 18:03:52 org.springframework.beans.factory.support.ConstructorResolver.registerDependentBeans - Autowiring by type from bean name 'propertyResolverUtils' via factory method to bean named 'org.springframework.beans.factory.support.DefaultListableBeanFactory@64a896b0'
27-03-2026 18:03:52 org.springframework.beans.factory.support.ConstructorResolver.registerDependentBeans - Autowiring by type from bean name 'propertyResolverUtils' via factory method to bean named 'messageSource'
27-03-2026 18:03:52 org.springframework.beans.factory.support.ConstructorResolver.registerDependentBeans - Autowiring by type from bean name 'propertyResolverUtils' via factory method to bean named 'org.springdoc.core.properties.SpringDocConfigProperties'
27-03-2026 18:03:52 org.springframework.beans.factory.support.ConstructorResolver.registerDependentBeans - Autowiring by type from bean name 'securityParser' via factory method to bean named 'propertyResolverUtils'
27-03-2026 18:03:52 org.springframework.beans.factory.support.ConstructorResolver.registerDependentBeans - Autowiring by type from bean name 'openAPIBuilder' via factory method to bean named 'customOpenAPI'
27-03-2026 18:03:52 org.springframework.beans.factory.support.ConstructorResolver.registerDependentBeans - Autowiring by type from bean name 'openAPIBuilder' via factory method to bean named 'securityParser'
27-03-2026 18:03:52 org.springframework.beans.factory.support.ConstructorResolver.registerDependentBeans - Autowiring by type from bean name 'openAPIBuilder' via factory method to bean named 'org.springdoc.core.properties.SpringDocConfigProperties'
27-03-2026 18:03:52 org.springframework.beans.factory.support.ConstructorResolver.registerDependentBeans - Autowiring by type from bean name 'openAPIBuilder' via factory method to bean named 'propertyResolverUtils'
27-03-2026 18:03:52 org.springframework.beans.factory.support.DefaultSingletonBeanRegistry.getSingleton - Creating shared instance of singleton bean 'modelConverterRegistrar'
27-03-2026 18:03:52 org.springframework.beans.factory.support.ConstructorResolver.registerDependentBeans - Autowiring by type from bean name 'modelConverterRegistrar' via factory method to bean named 'additionalModelsConverter'
27-03-2026 18:03:52 org.springframework.beans.factory.support.ConstructorResolver.registerDependentBeans - Autowiring by type from bean name 'modelConverterRegistrar' via factory method to bean named 'fileSupportConverter'
27-03-2026 18:03:52 org.springframework.beans.factory.support.ConstructorResolver.registerDependentBeans - Autowiring by type from bean name 'modelConverterRegistrar' via factory method to bean named 'responseSupportConverter'
27-03-2026 18:03:52 org.springframework.beans.factory.support.ConstructorResolver.registerDependentBeans - Autowiring by type from bean name 'modelConverterRegistrar' via factory method to bean named 'schemaPropertyDeprecatingConverter'
27-03-2026 18:03:52 org.springframework.beans.factory.support.ConstructorResolver.registerDependentBeans - Autowiring by type from bean name 'modelConverterRegistrar' via factory method to bean named 'polymorphicModelConverter'
27-03-2026 18:03:52 org.springframework.beans.factory.support.DefaultSingletonBeanRegistry.getSingleton - Creating shared instance of singleton bean 'operationBuilder'
27-03-2026 18:03:52 org.springframework.beans.factory.support.DefaultSingletonBeanRegistry.getSingleton - Creating shared instance of singleton bean 'parameterBuilder'
27-03-2026 18:03:52 org.springframework.beans.factory.support.ConstructorResolver.registerDependentBeans - Autowiring by type from bean name 'parameterBuilder' via factory method to bean named 'propertyResolverUtils'
27-03-2026 18:03:52 org.springframework.beans.factory.support.ConstructorResolver.registerDependentBeans - Autowiring by type from bean name 'parameterBuilder' via factory method to bean named 'webConversionServiceProvider'
27-03-2026 18:03:52 org.springframework.beans.factory.support.ConstructorResolver.registerDependentBeans - Autowiring by type from bean name 'parameterBuilder' via factory method to bean named 'springdocObjectMapperProvider'
27-03-2026 18:03:52 org.springframework.beans.factory.support.DefaultSingletonBeanRegistry.getSingleton - Creating shared instance of singleton bean 'requestBodyBuilder'
27-03-2026 18:03:52 org.springframework.beans.factory.support.ConstructorResolver.registerDependentBeans - Autowiring by type from bean name 'requestBodyBuilder' via factory method to bean named 'parameterBuilder'
27-03-2026 18:03:52 org.springframework.beans.factory.support.ConstructorResolver.registerDependentBeans - Autowiring by type from bean name 'operationBuilder' via factory method to bean named 'parameterBuilder'
27-03-2026 18:03:52 org.springframework.beans.factory.support.ConstructorResolver.registerDependentBeans - Autowiring by type from bean name 'operationBuilder' via factory method to bean named 'requestBodyBuilder'
27-03-2026 18:03:52 org.springframework.beans.factory.support.ConstructorResolver.registerDependentBeans - Autowiring by type from bean name 'operationBuilder' via factory method to bean named 'securityParser'
27-03-2026 18:03:52 org.springframework.beans.factory.support.ConstructorResolver.registerDependentBeans - Autowiring by type from bean name 'operationBuilder' via factory method to bean named 'propertyResolverUtils'
27-03-2026 18:03:52 org.springframework.beans.factory.support.DefaultSingletonBeanRegistry.getSingleton - Creating shared instance of singleton bean 'genericReturnTypeParser'
27-03-2026 18:03:52 org.springframework.beans.factory.support.DefaultSingletonBeanRegistry.getSingleton - Creating shared instance of singleton bean 'springDocProviders'
27-03-2026 18:03:52 org.springframework.beans.factory.support.DefaultSingletonBeanRegistry.getSingleton - Creating shared instance of singleton bean 'routerFunctionProvider'
27-03-2026 18:03:52 org.springframework.beans.factory.support.DefaultSingletonBeanRegistry.getSingleton - Creating shared instance of singleton bean 'org.springdoc.webmvc.core.configuration.SpringDocWebMvcConfiguration$SpringDocWebMvcRouterConfiguration'
27-03-2026 18:03:52 org.springframework.beans.factory.support.ConstructorResolver.registerDependentBeans - Autowiring by type from bean name 'springDocProviders' via factory method to bean named 'routerFunctionProvider'
27-03-2026 18:03:52 org.springframework.beans.factory.support.ConstructorResolver.registerDependentBeans - Autowiring by type from bean name 'springDocProviders' via factory method to bean named 'springWebProvider'
27-03-2026 18:03:52 org.springframework.beans.factory.support.ConstructorResolver.registerDependentBeans - Autowiring by type from bean name 'springDocProviders' via factory method to bean named 'webConversionServiceProvider'
27-03-2026 18:03:52 org.springframework.beans.factory.support.ConstructorResolver.registerDependentBeans - Autowiring by type from bean name 'springDocProviders' via factory method to bean named 'springdocObjectMapperProvider'
27-03-2026 18:03:52 org.springframework.beans.factory.support.DefaultSingletonBeanRegistry.getSingleton - Creating shared instance of singleton bean 'springDocCustomizers'
27-03-2026 18:03:52 org.springframework.beans.factory.support.DefaultSingletonBeanRegistry.getSingleton - Creating shared instance of singleton bean 'org.springdoc.core.configuration.SpringDocUIConfiguration'
27-03-2026 18:03:52 org.springframework.beans.factory.support.ConstructorResolver.registerDependentBeans - Autowiring by type from bean name 'org.springdoc.core.configuration.SpringDocUIConfiguration' via constructor to bean named 'org.springdoc.core.properties.SwaggerUiConfigProperties'
27-03-2026 18:03:52 org.springframework.beans.factory.support.DefaultSingletonBeanRegistry.getSingleton - Creating shared instance of singleton bean 'openApiResource'
27-03-2026 18:03:52 org.springframework.beans.factory.support.DefaultSingletonBeanRegistry.getSingleton - Creating shared instance of singleton bean 'requestBuilder'
27-03-2026 18:03:52 org.springframework.beans.factory.support.ConstructorResolver.registerDependentBeans - Autowiring by type from bean name 'requestBuilder' via factory method to bean named 'parameterBuilder'
27-03-2026 18:03:52 org.springframework.beans.factory.support.ConstructorResolver.registerDependentBeans - Autowiring by type from bean name 'requestBuilder' via factory method to bean named 'requestBodyBuilder'
27-03-2026 18:03:52 org.springframework.beans.factory.support.ConstructorResolver.registerDependentBeans - Autowiring by type from bean name 'requestBuilder' via factory method to bean named 'operationBuilder'
27-03-2026 18:03:52 org.springframework.beans.factory.support.ConstructorResolver.registerDependentBeans - Autowiring by type from bean name 'requestBuilder' via factory method to bean named 'localSpringDocParameterNameDiscoverer'
27-03-2026 18:03:52 org.springframework.beans.factory.support.DefaultSingletonBeanRegistry.getSingleton - Creating shared instance of singleton bean 'responseBuilder'
27-03-2026 18:03:52 org.springframework.beans.factory.support.ConstructorResolver.registerDependentBeans - Autowiring by type from bean name 'responseBuilder' via factory method to bean named 'operationBuilder'
27-03-2026 18:03:52 org.springframework.beans.factory.support.ConstructorResolver.registerDependentBeans - Autowiring by type from bean name 'responseBuilder' via factory method to bean named 'genericReturnTypeParser'
27-03-2026 18:03:52 org.springframework.beans.factory.support.ConstructorResolver.registerDependentBeans - Autowiring by type from bean name 'responseBuilder' via factory method to bean named 'org.springdoc.core.properties.SpringDocConfigProperties'
27-03-2026 18:03:52 org.springframework.beans.factory.support.ConstructorResolver.registerDependentBeans - Autowiring by type from bean name 'responseBuilder' via factory method to bean named 'propertyResolverUtils'
27-03-2026 18:03:52 org.springframework.beans.factory.support.ConstructorResolver.registerDependentBeans - Autowiring by type from bean name 'openApiResource' via factory method to bean named 'requestBuilder'
27-03-2026 18:03:52 org.springframework.beans.factory.support.ConstructorResolver.registerDependentBeans - Autowiring by type from bean name 'openApiResource' via factory method to bean named 'responseBuilder'
27-03-2026 18:03:52 org.springframework.beans.factory.support.ConstructorResolver.registerDependentBeans - Autowiring by type from bean name 'openApiResource' via factory method to bean named 'operationBuilder'
27-03-2026 18:03:52 org.springframework.beans.factory.support.ConstructorResolver.registerDependentBeans - Autowiring by type from bean name 'openApiResource' via factory method to bean named 'org.springdoc.core.properties.SpringDocConfigProperties'
27-03-2026 18:03:52 org.springframework.beans.factory.support.ConstructorResolver.registerDependentBeans - Autowiring by type from bean name 'openApiResource' via factory method to bean named 'springDocProviders'
27-03-2026 18:03:52 org.springframework.beans.factory.support.ConstructorResolver.registerDependentBeans - Autowiring by type from bean name 'openApiResource' via factory method to bean named 'springDocCustomizers'
27-03-2026 18:03:52 org.springframework.beans.factory.support.DefaultSingletonBeanRegistry.getSingleton - Creating shared instance of singleton bean 'swaggerConfigResource'
27-03-2026 18:03:52 org.springframework.beans.factory.support.ConstructorResolver.registerDependentBeans - Autowiring by type from bean name 'swaggerConfigResource' via factory method to bean named 'swaggerWelcome'
27-03-2026 18:03:52 org.springframework.beans.factory.support.DefaultSingletonBeanRegistry.getSingleton - Creating shared instance of singleton bean 'org.springframework.boot.autoconfigure.jmx.JmxAutoConfiguration'
27-03-2026 18:03:52 org.springframework.beans.factory.support.DefaultSingletonBeanRegistry.getSingleton - Creating shared instance of singleton bean 'spring.jmx-org.springframework.boot.autoconfigure.jmx.JmxProperties'
27-03-2026 18:03:52 org.springframework.beans.factory.support.ConstructorResolver.registerDependentBeans - Autowiring by type from bean name 'org.springframework.boot.autoconfigure.jmx.JmxAutoConfiguration' via constructor to bean named 'spring.jmx-org.springframework.boot.autoconfigure.jmx.JmxProperties'
27-03-2026 18:03:52 org.springframework.beans.factory.support.DefaultSingletonBeanRegistry.getSingleton - Creating shared instance of singleton bean 'mbeanExporter'
27-03-2026 18:03:52 org.springframework.beans.factory.support.DefaultSingletonBeanRegistry.getSingleton - Creating shared instance of singleton bean 'objectNamingStrategy'
27-03-2026 18:03:52 org.springframework.beans.factory.support.ConstructorResolver.registerDependentBeans - Autowiring by type from bean name 'mbeanExporter' via factory method to bean named 'objectNamingStrategy'
27-03-2026 18:03:52 org.springframework.beans.factory.support.ConstructorResolver.registerDependentBeans - Autowiring by type from bean name 'mbeanExporter' via factory method to bean named 'org.springframework.beans.factory.support.DefaultListableBeanFactory@64a896b0'
27-03-2026 18:03:52 org.springframework.beans.factory.support.DefaultSingletonBeanRegistry.getSingleton - Creating shared instance of singleton bean 'mbeanServer'
27-03-2026 18:03:52 org.springframework.jmx.support.JmxUtils.locateMBeanServer - Found MBeanServer: com.sun.jmx.mbeanserver.JmxMBeanServer@67f89fa3
27-03-2026 18:03:52 org.springframework.beans.factory.support.DefaultSingletonBeanRegistry.getSingleton - Creating shared instance of singleton bean 'org.springframework.boot.autoconfigure.admin.SpringApplicationAdminJmxAutoConfiguration'
27-03-2026 18:03:52 org.springframework.beans.factory.support.DefaultSingletonBeanRegistry.getSingleton - Creating shared instance of singleton bean 'springApplicationAdminRegistrar'
27-03-2026 18:03:52 org.springframework.beans.factory.support.ConstructorResolver.registerDependentBeans - Autowiring by type from bean name 'springApplicationAdminRegistrar' via factory method to bean named 'environment'
27-03-2026 18:03:52 org.springframework.boot.admin.SpringApplicationAdminMXBeanRegistrar.afterPropertiesSet - Application Admin MBean registered with name 'org.springframework.boot:type=Admin,name=SpringApplication'
27-03-2026 18:03:52 org.springframework.beans.factory.support.DefaultSingletonBeanRegistry.getSingleton - Creating shared instance of singleton bean 'org.springframework.boot.autoconfigure.aop.AopAutoConfiguration$ClassProxyingConfiguration'
27-03-2026 18:03:52 org.springframework.beans.factory.support.DefaultSingletonBeanRegistry.getSingleton - Creating shared instance of singleton bean 'org.springframework.boot.autoconfigure.aop.AopAutoConfiguration'
27-03-2026 18:03:52 org.springframework.beans.factory.support.DefaultSingletonBeanRegistry.getSingleton - Creating shared instance of singleton bean 'org.springframework.boot.autoconfigure.availability.ApplicationAvailabilityAutoConfiguration'
27-03-2026 18:03:52 org.springframework.beans.factory.support.DefaultSingletonBeanRegistry.getSingleton - Creating shared instance of singleton bean 'applicationAvailability'
27-03-2026 18:03:52 org.springframework.beans.factory.support.DefaultSingletonBeanRegistry.getSingleton - Creating shared instance of singleton bean 'org.springframework.boot.autoconfigure.context.ConfigurationPropertiesAutoConfiguration'
27-03-2026 18:03:52 org.springframework.beans.factory.support.DefaultSingletonBeanRegistry.getSingleton - Creating shared instance of singleton bean 'org.springframework.boot.autoconfigure.context.LifecycleAutoConfiguration'
27-03-2026 18:03:52 org.springframework.beans.factory.support.DefaultSingletonBeanRegistry.getSingleton - Creating shared instance of singleton bean 'lifecycleProcessor'
27-03-2026 18:03:52 org.springframework.beans.factory.support.DefaultSingletonBeanRegistry.getSingleton - Creating shared instance of singleton bean 'spring.lifecycle-org.springframework.boot.autoconfigure.context.LifecycleProperties'
27-03-2026 18:03:52 org.springframework.beans.factory.support.ConstructorResolver.registerDependentBeans - Autowiring by type from bean name 'lifecycleProcessor' via factory method to bean named 'spring.lifecycle-org.springframework.boot.autoconfigure.context.LifecycleProperties'
27-03-2026 18:03:52 org.springframework.beans.factory.support.DefaultSingletonBeanRegistry.getSingleton - Creating shared instance of singleton bean 'org.springframework.boot.autoconfigure.info.ProjectInfoAutoConfiguration'
27-03-2026 18:03:52 org.springframework.beans.factory.support.DefaultSingletonBeanRegistry.getSingleton - Creating shared instance of singleton bean 'spring.info-org.springframework.boot.autoconfigure.info.ProjectInfoProperties'
27-03-2026 18:03:52 org.springframework.beans.factory.support.ConstructorResolver.registerDependentBeans - Autowiring by type from bean name 'org.springframework.boot.autoconfigure.info.ProjectInfoAutoConfiguration' via constructor to bean named 'spring.info-org.springframework.boot.autoconfigure.info.ProjectInfoProperties'
27-03-2026 18:03:52 org.springframework.beans.factory.support.DefaultSingletonBeanRegistry.getSingleton - Creating shared instance of singleton bean 'org.springframework.boot.autoconfigure.task.TaskSchedulingConfigurations$ThreadPoolTaskSchedulerBuilderConfiguration'
27-03-2026 18:03:52 org.springframework.beans.factory.support.DefaultSingletonBeanRegistry.getSingleton - Creating shared instance of singleton bean 'threadPoolTaskSchedulerBuilder'
27-03-2026 18:03:52 org.springframework.beans.factory.support.DefaultSingletonBeanRegistry.getSingleton - Creating shared instance of singleton bean 'spring.task.scheduling-org.springframework.boot.autoconfigure.task.TaskSchedulingProperties'
27-03-2026 18:03:52 org.springframework.beans.factory.support.ConstructorResolver.registerDependentBeans - Autowiring by type from bean name 'threadPoolTaskSchedulerBuilder' via factory method to bean named 'spring.task.scheduling-org.springframework.boot.autoconfigure.task.TaskSchedulingProperties'
27-03-2026 18:03:52 org.springframework.beans.factory.support.DefaultSingletonBeanRegistry.getSingleton - Creating shared instance of singleton bean 'org.springframework.boot.autoconfigure.task.TaskSchedulingConfigurations$SimpleAsyncTaskSchedulerBuilderConfiguration'
27-03-2026 18:03:52 org.springframework.beans.factory.support.ConstructorResolver.registerDependentBeans - Autowiring by type from bean name 'org.springframework.boot.autoconfigure.task.TaskSchedulingConfigurations$SimpleAsyncTaskSchedulerBuilderConfiguration' via constructor to bean named 'spring.task.scheduling-org.springframework.boot.autoconfigure.task.TaskSchedulingProperties'
27-03-2026 18:03:52 org.springframework.beans.factory.support.DefaultSingletonBeanRegistry.getSingleton - Creating shared instance of singleton bean 'simpleAsyncTaskSchedulerBuilder'
27-03-2026 18:03:52 org.springframework.beans.factory.support.DefaultSingletonBeanRegistry.getSingleton - Creating shared instance of singleton bean 'org.springframework.boot.autoconfigure.task.TaskSchedulingAutoConfiguration'
27-03-2026 18:03:52 org.springframework.beans.factory.support.DefaultSingletonBeanRegistry.getSingleton - Creating shared instance of singleton bean 'org.springframework.boot.http.converter.autoconfigure.JacksonHttpMessageConvertersConfiguration'
27-03-2026 18:03:52 org.springframework.beans.factory.support.DefaultSingletonBeanRegistry.getSingleton - Creating shared instance of singleton bean 'org.springframework.boot.http.converter.autoconfigure.Jackson2HttpMessageConvertersConfiguration'
27-03-2026 18:03:52 org.springframework.beans.factory.support.DefaultSingletonBeanRegistry.getSingleton - Creating shared instance of singleton bean 'clientConvertersCustomizer'
27-03-2026 18:03:52 org.springframework.beans.factory.support.DefaultSingletonBeanRegistry.getSingleton - Creating shared instance of singleton bean 'multipartResolver'
27-03-2026 18:03:52 org.springframework.jmx.export.MBeanExporter.afterSingletonsInstantiated - Registering beans for JMX exposure on startup
27-03-2026 18:03:52 org.springframework.jmx.export.MBeanExporter.registerBeans - Auto-detecting user-defined JMX MBeans
27-03-2026 18:03:52 org.springframework.context.support.DefaultLifecycleProcessor$LifecycleGroup.start - Starting beans in phase -2147483647
27-03-2026 18:03:52 org.springframework.context.support.DefaultLifecycleProcessor.doStart - Successfully started bean 'springBootLoggingLifecycle'
27-03-2026 18:03:52 org.springframework.context.support.DefaultLifecycleProcessor$LifecycleGroup.start - Starting beans in phase 1073741823
27-03-2026 18:03:52 org.springframework.context.support.DefaultLifecycleProcessor$LifecycleGroup.start - Starting beans in phase 2147481599
27-03-2026 18:03:52 org.apache.juli.logging.DirectJDKLog.log - Starting ProtocolHandler ["http-nio-8080"]
27-03-2026 18:03:52 org.springframework.boot.tomcat.TomcatWebServer.start - Tomcat started on port 8080 (http) with context path '/'
27-03-2026 18:03:52 org.springframework.context.support.DefaultLifecycleProcessor.doStart - Successfully started bean 'webServerStartStop'
27-03-2026 18:03:52 org.springframework.context.support.DefaultLifecycleProcessor$LifecycleGroup.start - Starting beans in phase 2147482623
27-03-2026 18:03:52 org.springframework.context.support.DefaultLifecycleProcessor.doStart - Successfully started bean 'webServerGracefulShutdown'
27-03-2026 18:03:52 org.springframework.boot.StartupInfoLogger.logStarted - Started MicdlEtlApplication in 2.175 seconds (process running for 2.964)
27-03-2026 18:03:52 org.springframework.boot.availability.ApplicationAvailabilityBean.onApplicationEvent - Application availability state LivenessState changed to CORRECT
27-03-2026 18:03:52 org.springframework.boot.availability.ApplicationAvailabilityBean.onApplicationEvent - Application availability state ReadinessState changed to ACCEPTING_TRAFFIC
27-03-2026 18:04:14 org.apache.juli.logging.DirectJDKLog.log - Initializing Spring DispatcherServlet 'dispatcherServlet'
27-03-2026 18:04:14 org.springframework.web.servlet.FrameworkServlet.initServletBean - Initializing Servlet 'dispatcherServlet'
27-03-2026 18:04:14 org.springframework.web.servlet.DispatcherServlet.initMultipartResolver - Detected StandardServletMultipartResolver
27-03-2026 18:04:14 org.springframework.web.servlet.DispatcherServlet.initLocaleResolver - Detected AcceptHeaderLocaleResolver
27-03-2026 18:04:14 org.springframework.web.servlet.DispatcherServlet.initRequestToViewNameTranslator - Detected org.springframework.web.servlet.view.DefaultRequestToViewNameTranslator@3bc05410
27-03-2026 18:04:14 org.springframework.web.servlet.DispatcherServlet.initFlashMapManager - Detected org.springframework.web.servlet.support.SessionFlashMapManager@55b607fa
27-03-2026 18:04:14 org.springframework.web.servlet.FrameworkServlet.initServletBean - enableLoggingRequestDetails='false': request parameters and headers will be masked to prevent unsafe logging of potentially sensitive data
27-03-2026 18:04:14 org.springframework.web.servlet.FrameworkServlet.initServletBean - Completed initialization in 1 ms
27-03-2026 18:04:14 org.springframework.core.log.LogFormatUtils.traceDebug - GET "/etl/test", parameters={}
27-03-2026 18:04:14 org.springframework.web.servlet.handler.AbstractHandlerMapping.getHandler - Mapped to it.almaviva.mic.etl.controller.CaricamentoDatiController#testConnessione()
27-03-2026 18:04:14 it.almaviva.mic.etl.controller.CaricamentoDatiController.testConnessione - Inizio procedura
27-03-2026 18:04:14 it.almaviva.mic.etl.controller.CaricamentoDatiController.testConnessione - Creazione esito
27-03-2026 18:04:14 it.almaviva.mic.etl.controller.CaricamentoDatiController.testConnessione - Fine esecuzione
27-03-2026 18:04:14 org.springframework.web.servlet.mvc.method.annotation.AbstractMessageConverterMethodProcessor.writeWithMessageConverters - Using 'application/json', given [*/*] and supported [application/json, application/*+json, application/yaml]
27-03-2026 18:04:14 org.springframework.core.log.LogFormatUtils.traceDebug - Writing [EsitoDTO(codice=200, messaggio=Tutto a posto, content=null)]
27-03-2026 18:04:14 org.springframework.web.servlet.FrameworkServlet.logResult - Completed 200 OK
27-03-2026 18:04:22 org.springframework.boot.admin.SpringApplicationAdminMXBeanRegistrar$SpringApplicationAdmin.shutdown - Application shutdown requested.
27-03-2026 18:04:22 org.springframework.boot.availability.ApplicationAvailabilityBean.onApplicationEvent - Application availability state ReadinessState changed from ACCEPTING_TRAFFIC to REFUSING_TRAFFIC
27-03-2026 18:04:22 org.springframework.context.support.AbstractApplicationContext.doClose - Closing org.springframework.boot.web.server.servlet.context.AnnotationConfigServletWebServerApplicationContext@579d011c, started on Fri Mar 27 18:03:50 CET 2026
27-03-2026 18:04:22 org.springframework.context.support.DefaultLifecycleProcessor$LifecycleGroup.stop - Stopping beans in phase 2147482623
27-03-2026 18:04:22 org.springframework.boot.tomcat.GracefulShutdown.shutDownGracefully - Commencing graceful shutdown. Waiting for active requests to complete
27-03-2026 18:04:22 org.apache.juli.logging.DirectJDKLog.log - Pausing ProtocolHandler ["http-nio-8080"]
27-03-2026 18:04:22 org.springframework.boot.tomcat.GracefulShutdown.doShutdown - Graceful shutdown complete
27-03-2026 18:04:22 org.springframework.context.support.DefaultLifecycleProcessor.lambda$doStop$0 - Bean 'webServerGracefulShutdown' completed its stop procedure
27-03-2026 18:04:22 org.springframework.context.support.DefaultLifecycleProcessor$LifecycleGroup.stop - Stopping beans in phase 2147481599
27-03-2026 18:04:22 org.apache.juli.logging.DirectJDKLog.log - Stopping ProtocolHandler ["http-nio-8080"]
27-03-2026 18:04:22 org.springframework.context.support.DefaultLifecycleProcessor.lambda$doStop$0 - Bean 'webServerStartStop' completed its stop procedure
27-03-2026 18:04:22 org.springframework.context.support.DefaultLifecycleProcessor$LifecycleGroup.stop - Stopping beans in phase 1073741823
27-03-2026 18:04:22 org.springframework.context.support.DefaultLifecycleProcessor.lambda$doStop$0 - Bean 'applicationTaskExecutor' completed its stop procedure
27-03-2026 18:04:22 org.springframework.context.support.DefaultLifecycleProcessor$LifecycleGroup.stop - Stopping beans in phase -2147483647
27-03-2026 18:04:22 org.springframework.context.support.DefaultLifecycleProcessor.lambda$doStop$0 - Bean 'springBootLoggingLifecycle' completed its stop procedure
27-03-2026 18:04:22 org.springframework.jmx.export.MBeanExporter.destroy - Unregistering JMX-exposed beans on shutdown
27-03-2026 18:04:22 org.springframework.scheduling.concurrent.ExecutorConfigurationSupport.shutdown - Shutting down ExecutorService 'applicationTaskExecutor'
